qid,term,topic,subtopic,difficulty,questiontype,parentid,orderinparent,questiontext,optiona,optionb,optionc,optiond,correctanswer,hint,detailedsolution,imagelocation,tags,engine_type,mode,json_reference,model_url,has_hotspots,wordbank,question_score,full_json_content,filename,folder
01-001_2_Q1,T1,Finite vs. Infinite Sets,Quest 1-001: Set Types (Part 2),E,Simulation,,1,"Set of Whole Numbers {0, 1, 2, ...}",,,,,infinite,,,,[],SET_CLASSIFIER,quiz,content/math/set_theory/quest_01_finite_infinite_sets/01-001_2.json,,No,,5,"{   ""engineType"": ""SET_CLASSIFIER"",   ""mode"": ""quiz"",   ""subject"": ""MATH"",   ""topic"": ""Finite vs. Infinite Sets"",   ""variantTitle"": ""Quest 1-001: Set Types (Part 2)"",   ""questions"": [     {       ""scene"": ""stars"",       ""expected"": ""infinite"",       ""prompt"": ""Set of <span style='color:#9333ea'>Whole Numbers</span> {0, 1, 2, ...}""     }   ] } ",01-001_2.json,quest_01_finite_infinite_sets
01-001_3_Q1,T1,Finite vs. Infinite Sets,Quest 1-001: Set Types (Part 3),E,Simulation,,1,Set of Cows in this Kraal.,,,,,finite,,,,[],SET_CLASSIFIER,quiz,content/math/set_theory/quest_01_finite_infinite_sets/01-001_3.json,,No,,5,"{   ""engineType"": ""SET_CLASSIFIER"",   ""mode"": ""quiz"",   ""subject"": ""MATH"",   ""topic"": ""Finite vs. Infinite Sets"",   ""variantTitle"": ""Quest 1-001: Set Types (Part 3)"",   ""questions"": [     {       ""scene"": ""cows"",       ""expected"": ""finite"",       ""prompt"": ""Set of <span style='color:#16a34a'>Cows in this Kraal</span>.""     }   ] } ",01-001_3.json,quest_01_finite_infinite_sets
01-001_4_Q1,T1,Finite vs. Infinite Sets,Quest 1-001: Set Types (Part 4),E,Simulation,,1,"Set of Multiples of 7 {7, 14, 21, ...}",,,,,infinite,,,,[],SET_CLASSIFIER,quiz,content/math/set_theory/quest_01_finite_infinite_sets/01-001_4.json,,No,,5,"{   ""engineType"": ""SET_CLASSIFIER"",   ""mode"": ""quiz"",   ""subject"": ""MATH"",   ""topic"": ""Finite vs. Infinite Sets"",   ""variantTitle"": ""Quest 1-001: Set Types (Part 4)"",   ""questions"": [     {       ""scene"": ""rain"",       ""expected"": ""infinite"",       ""prompt"": ""Set of <span style='color:#16a34a'>Multiples of 7</span> {7, 14, 21, ...}""     }   ] } ",01-001_4.json,quest_01_finite_infinite_sets
01-002_2_Q1,T1,Set Types,Quest 1-003: Abstract Sets (Part 2),E,Simulation,,1,Set of Points on a Line.,,,,,infinite,,,,[],SET_CLASSIFIER,quiz,content/math/set_theory/quest_01_finite_infinite_sets/01-002_2.json,,No,,5,"{   ""engineType"": ""SET_CLASSIFIER"",   ""mode"": ""quiz"",   ""subject"": ""MATH"",   ""topic"": ""Set Types"",   ""variantTitle"": ""Quest 1-003: Abstract Sets (Part 2)"",   ""questions"": [     { ""scene"": ""stars"", ""expected"": ""infinite"", ""prompt"": ""Set of <b>Points on a Line</b>."" }   ] } ",01-002_2.json,quest_01_finite_infinite_sets
01-002_3_Q1,T1,Set Types,Quest 1-003: Abstract Sets (Part 3),E,Simulation,,1,Set of Primary Schools in Uganda.,,,,,finite,,,,[],SET_CLASSIFIER,quiz,content/math/set_theory/quest_01_finite_infinite_sets/01-002_3.json,,No,,5,"{   ""engineType"": ""SET_CLASSIFIER"",   ""mode"": ""quiz"",   ""subject"": ""MATH"",   ""topic"": ""Set Types"",   ""variantTitle"": ""Quest 1-003: Abstract Sets (Part 3)"",   ""questions"": [     { ""scene"": ""cows"", ""expected"": ""finite"", ""prompt"": ""Set of <b>Primary Schools in Uganda</b>."" }   ] } ",01-002_3.json,quest_01_finite_infinite_sets
01-002_4_Q1,T1,Set Types,Quest 1-003: Abstract Sets (Part 4),E,Simulation,,1,Set of Letters in 'MATHEMATICS'.,,,,,finite,,,,[],SET_CLASSIFIER,quiz,content/math/set_theory/quest_01_finite_infinite_sets/01-002_4.json,,No,,5,"{   ""engineType"": ""SET_CLASSIFIER"",   ""mode"": ""quiz"",   ""subject"": ""MATH"",   ""topic"": ""Set Types"",   ""variantTitle"": ""Quest 1-003: Abstract Sets (Part 4)"",   ""questions"": [     { ""scene"": ""default"", ""expected"": ""finite"", ""prompt"": ""Set of <b>Letters in 'MATHEMATICS'</b>."" }   ] } ",01-002_4.json,quest_01_finite_infinite_sets
01-003_2_Q1,T1,Nature Sets,Quest 1-004: Nature Walk (Part 2),E,Simulation,,1,Set of Fish in Lake Victoria.,,,,,finite,,,,[],SET_CLASSIFIER,quiz,content/math/set_theory/quest_01_finite_infinite_sets/01-003_2.json,,No,,5,"{   ""engineType"": ""SET_CLASSIFIER"",   ""mode"": ""quiz"",   ""subject"": ""MATH"",   ""topic"": ""Nature Sets"",   ""variantTitle"": ""Quest 1-004: Nature Walk (Part 2)"",   ""questions"": [     { ""scene"": ""fish"", ""expected"": ""finite"", ""prompt"": ""Set of <b>Fish in Lake Victoria</b>."" }   ] } ",01-003_2.json,quest_01_finite_infinite_sets
01-003_3_Q1,T1,Nature Sets,Quest 1-004: Nature Walk (Part 3),E,Simulation,,1,Set of Grains of Sand on a beach.,,,,,finite,,,,[],SET_CLASSIFIER,quiz,content/math/set_theory/quest_01_finite_infinite_sets/01-003_3.json,,No,,5,"{   ""engineType"": ""SET_CLASSIFIER"",   ""mode"": ""quiz"",   ""subject"": ""MATH"",   ""topic"": ""Nature Sets"",   ""variantTitle"": ""Quest 1-004: Nature Walk (Part 3)"",   ""questions"": [     { ""scene"": ""sand"", ""expected"": ""finite"", ""prompt"": ""Set of <b>Grains of Sand</b> on a beach."" }   ] } ",01-003_3.json,quest_01_finite_infinite_sets
01-003_4_Q1,T1,Nature Sets,Quest 1-004: Nature Walk (Part 4),E,Simulation,,1,Set of Stars in the Universe.,,,,,infinite,,,,[],SET_CLASSIFIER,quiz,content/math/set_theory/quest_01_finite_infinite_sets/01-003_4.json,,No,,5,"{   ""engineType"": ""SET_CLASSIFIER"",   ""mode"": ""quiz"",   ""subject"": ""MATH"",   ""topic"": ""Nature Sets"",   ""variantTitle"": ""Quest 1-004: Nature Walk (Part 4)"",   ""questions"": [     { ""scene"": ""stars"", ""expected"": ""infinite"", ""prompt"": ""Set of <b>Stars in the Universe</b>."" }   ] } ",01-003_4.json,quest_01_finite_infinite_sets
01-004_2_Q1,T1,Math Concepts,Quest 1-005: Number Sets (Part 2),E,Simulation,,1,Set of Vowels in the alphabet.,,,,,finite,,,,[],SET_CLASSIFIER,quiz,content/math/set_theory/quest_01_finite_infinite_sets/01-004_2.json,,No,,5,"{   ""engineType"": ""SET_CLASSIFIER"",   ""mode"": ""quiz"",   ""subject"": ""MATH"",   ""topic"": ""Math Concepts"",   ""variantTitle"": ""Quest 1-005: Number Sets (Part 2)"",   ""questions"": [     {       ""scene"": ""vowels"",       ""expected"": ""finite"",       ""prompt"": ""Set of <b>Vowels</b> in the alphabet.""     }   ] } ",01-004_2.json,quest_01_finite_infinite_sets
01-004_3_Q1,T1,Math Concepts,Quest 1-005: Number Sets (Part 3),E,Simulation,,1,Set of Multiples of 5.,,,,,infinite,,,,[],SET_CLASSIFIER,quiz,content/math/set_theory/quest_01_finite_infinite_sets/01-004_3.json,,No,,5,"{   ""engineType"": ""SET_CLASSIFIER"",   ""mode"": ""quiz"",   ""subject"": ""MATH"",   ""topic"": ""Math Concepts"",   ""variantTitle"": ""Quest 1-005: Number Sets (Part 3)"",   ""questions"": [     {       ""scene"": ""rain"",       ""expected"": ""infinite"",       ""prompt"": ""Set of <b>Multiples of 5</b>.""     }   ] } ",01-004_3.json,quest_01_finite_infinite_sets
01-005_2_Q1,T1,Social Sets,Quest 1-006: My Class (Part 2),E,Simulation,,1,Set of Districts in Uganda.,,,,,finite,,,,[],SET_CLASSIFIER,quiz,content/math/set_theory/quest_01_finite_infinite_sets/01-005_2.json,,No,,5,"{   ""engineType"": ""SET_CLASSIFIER"",   ""mode"": ""quiz"",   ""subject"": ""MATH"",   ""topic"": ""Social Sets"",   ""variantTitle"": ""Quest 1-006: My Class (Part 2)"",   ""questions"": [     {       ""scene"": ""default"",        ""expected"": ""finite"",       ""prompt"": ""Set of <b>Districts in Uganda</b>.""     }   ] } ",01-005_2.json,quest_01_finite_infinite_sets
01-005_3_Q1,T1,Social Sets,Quest 1-006: My Class (Part 3),E,Simulation,,1,Set of Whole Numbers.,,,,,infinite,,,,[],SET_CLASSIFIER,quiz,content/math/set_theory/quest_01_finite_infinite_sets/01-005_3.json,,No,,5,"{   ""engineType"": ""SET_CLASSIFIER"",   ""mode"": ""quiz"",   ""subject"": ""MATH"",   ""topic"": ""Social Sets"",   ""variantTitle"": ""Quest 1-006: My Class (Part 3)"",   ""questions"": [     {       ""scene"": ""rain"",       ""expected"": ""infinite"",       ""prompt"": ""Set of <b>Whole Numbers</b>.""     }   ] } ",01-005_3.json,quest_01_finite_infinite_sets
01-006_2_Q1,T1,Infinite Sets,Quest 1-007: Infinite Visuals (Part 2),E,Simulation,,1,"Scene: Matrix RainSet of All Even Numbers {2, 4, 6...}.",,,,,infinite,,,,[],SET_CLASSIFIER,quiz,content/math/set_theory/quest_01_finite_infinite_sets/01-006_2.json,,No,,5,"{   ""engineType"": ""SET_CLASSIFIER"",   ""mode"": ""quiz"",   ""subject"": ""MATH"",   ""topic"": ""Infinite Sets"",   ""variantTitle"": ""Quest 1-007: Infinite Visuals (Part 2)"",   ""questions"": [     {       ""scene"": ""rain"",       ""expected"": ""infinite"",       ""prompt"": ""<b>Scene: Matrix Rain</b><br>Set of All Even Numbers {2, 4, 6...}.""     }   ] } ",01-006_2.json,quest_01_finite_infinite_sets
01-006_3_Q1,T1,Infinite Sets,Quest 1-007: Infinite Visuals (Part 3),E,Simulation,,1,"Scene: Matrix RainSet of Integers {..., -1, 0, 1, ...}.",,,,,infinite,,,,[],SET_CLASSIFIER,quiz,content/math/set_theory/quest_01_finite_infinite_sets/01-006_3.json,,No,,5,"{   ""engineType"": ""SET_CLASSIFIER"",   ""mode"": ""quiz"",   ""subject"": ""MATH"",   ""topic"": ""Infinite Sets"",   ""variantTitle"": ""Quest 1-007: Infinite Visuals (Part 3)"",   ""questions"": [     {       ""scene"": ""integers"",       ""expected"": ""infinite"",       ""prompt"": ""<b>Scene: Matrix Rain</b><br>Set of Integers {..., -1, 0, 1, ...}.""     }   ] } ",01-006_3.json,quest_01_finite_infinite_sets
01-007_2_Q1,T1,Nature Sets,Quest 1-008: Nature Visuals (Part 2),E,Simulation,,1,Scene: Swimming FishSet of Fish in a tank.,,,,,finite,,,,[],SET_CLASSIFIER,quiz,content/math/set_theory/quest_01_finite_infinite_sets/01-007_2.json,,No,,5,"{   ""engineType"": ""SET_CLASSIFIER"",   ""mode"": ""quiz"",   ""subject"": ""MATH"",   ""topic"": ""Nature Sets"",   ""variantTitle"": ""Quest 1-008: Nature Visuals (Part 2)"",   ""questions"": [     {       ""scene"": ""fish"",       ""expected"": ""finite"",       ""prompt"": ""<b>Scene: Swimming Fish</b><br>Set of Fish in a tank.""     }   ] } ",01-007_2.json,quest_01_finite_infinite_sets
01-007_3_Q1,T1,Nature Sets,Quest 1-008: Nature Visuals (Part 3),E,Simulation,,1,Scene: Grazing CowsSet of Cattle on a farm.,,,,,finite,,,,[],SET_CLASSIFIER,quiz,content/math/set_theory/quest_01_finite_infinite_sets/01-007_3.json,,No,,5,"{   ""engineType"": ""SET_CLASSIFIER"",   ""mode"": ""quiz"",   ""subject"": ""MATH"",   ""topic"": ""Nature Sets"",   ""variantTitle"": ""Quest 1-008: Nature Visuals (Part 3)"",   ""questions"": [     {       ""scene"": ""cows"",       ""expected"": ""finite"",       ""prompt"": ""<b>Scene: Grazing Cows</b><br>Set of Cattle on a farm.""     }   ] } ",01-007_3.json,quest_01_finite_infinite_sets
01-007_4_Q1,T1,Nature Sets,Quest 1-008: Nature Visuals (Part 4),E,Simulation,,1,Scene: Sand GrainsSet of Sand Grains on a beach (Too many to count!).,,,,,infinite,,,,[],SET_CLASSIFIER,quiz,content/math/set_theory/quest_01_finite_infinite_sets/01-007_4.json,,No,,5,"{   ""engineType"": ""SET_CLASSIFIER"",   ""mode"": ""quiz"",   ""subject"": ""MATH"",   ""topic"": ""Nature Sets"",   ""variantTitle"": ""Quest 1-008: Nature Visuals (Part 4)"",   ""questions"": [     {       ""scene"": ""sand"",       ""expected"": ""infinite"",       ""prompt"": ""<b>Scene: Sand Grains</b><br>Set of Sand Grains on a beach (Too many to count!).""     }   ] } ",01-007_4.json,quest_01_finite_infinite_sets
01-007_5_Q1,T1,Nature Sets,Quest 1-008: Nature Visuals (Part 5),E,Simulation,,1,Scene: Map PinsSet of Districts in Uganda.,,,,,finite,,,,[],SET_CLASSIFIER,quiz,content/math/set_theory/quest_01_finite_infinite_sets/01-007_5.json,,No,,5,"{   ""engineType"": ""SET_CLASSIFIER"",   ""mode"": ""quiz"",   ""subject"": ""MATH"",   ""topic"": ""Nature Sets"",   ""variantTitle"": ""Quest 1-008: Nature Visuals (Part 5)"",   ""questions"": [     {       ""scene"": ""default"",       ""expected"": ""finite"",       ""prompt"": ""<b>Scene: Map Pins</b><br>Set of Districts in Uganda.""     }   ] } ",01-007_5.json,quest_01_finite_infinite_sets
01-008_2_Q1,T1,Social Sets,Quest 1-009: Class Visuals (Part 2),E,Simulation,,1,"Scene: Bouncing LettersSet of Vowels {A, E, I, O, U}.",,,,,finite,,,,[],SET_CLASSIFIER,quiz,content/math/set_theory/quest_01_finite_infinite_sets/01-008_2.json,,No,,5,"{   ""engineType"": ""SET_CLASSIFIER"",   ""mode"": ""quiz"",   ""subject"": ""MATH"",   ""topic"": ""Social Sets"",   ""variantTitle"": ""Quest 1-009: Class Visuals (Part 2)"",   ""questions"": [     {       ""scene"": ""vowels"",       ""expected"": ""finite"",       ""prompt"": ""<b>Scene: Bouncing Letters</b><br>Set of Vowels {A, E, I, O, U}.""     }   ] } ",01-008_2.json,quest_01_finite_infinite_sets
study_finite_infinite_S1,T1,Types of Sets,Finite vs Infinite,E,Read,,1,What is a Set?: A Set is just a collection of distinct objects. Imagine a basket. Anything we put inside that basket is a 'member' of the set.,,,,,,,,,[],MATH_STUDY,study,content/math/set_theory/quest_01_finite_infinite_sets/study_finite_infinite.json,,No,,0,"{   ""engineType"": ""MATH_STUDY"",   ""mode"": ""study"",   ""topic"": ""Types of Sets"",   ""variantTitle"": ""Finite vs Infinite"",   ""slides"": [     {       ""title"": ""What is a Set?"",       ""text"": ""A <b>Set</b> is just a collection of distinct objects. <br><br>Imagine a basket. Anything we put inside that basket is a 'member' of the set."",       ""visualType"": ""FINITE_BASKET"",       ""visualData"": [""🍎"", ""🍌"", ""🍇""]     },     {       ""title"": ""1. Finite Sets"",       ""text"": ""A <b>Finite Set</b> has a specific number of members. You can count them, and the counting <b>comes to an end</b>.<br><br>Example: Vowels = {a, e, i, o, u}"",       ""visualType"": ""FINITE_BASKET"",       ""visualData"": [""a"", ""e"", ""i"", ""o"", ""u""]     },     {       ""title"": ""Cardinal Number"",       ""text"": ""Because a Finite set ends, we can find its <b>Cardinal Number</b>, <span class='sym'>n(A)</span>.<br><br>This is just the total count of members."",       ""visualType"": ""FINITE_BASKET"",       ""visualData"": [""a"", ""e"", ""i"", ""o"", ""u""],       ""showCount"": true     },     {       ""title"": ""2. Infinite Sets"",       ""text"": ""An <b>Infinite Set</b> has no end. It goes on forever!<br><br>Imagine counting numbers: 1, 2, 3, 4... You could never finish."",       ""visualType"": ""INFINITE_ROAD"",       ""visualData"": """"     },     {       ""title"": ""The Ellipsis (...)"",       ""text"": ""Since we can't write all the numbers, we use three dots called an <b>Ellipsis</b>.<br><br><center><span class='sym'>{ 1, 2, 3, ... }</span></center><br>This symbol means 'and so on forever'."",       ""visualType"": ""INFINITE_ROAD"",       ""visualData"": """"     },     {       ""title"": ""Summary"",       ""text"": ""<ul><li><b>Finite:</b> Ends. Can be counted.</li><li><b>Infinite:</b> Never ends. Uses '...'</li></ul>"",       ""visualType"": ""FINITE_BASKET"",       ""visualData"": [""Done!""]     }   ] }",study_finite_infinite.json,quest_01_finite_infinite_sets
study_finite_infinite_S2,T1,Types of Sets,Finite vs Infinite,E,Read,,2,"1. Finite Sets: A Finite Set has a specific number of members. You can count them, and the counting comes to an end.Example: Vowels = {a, e, i, o, u}",,,,,,,,,[],MATH_STUDY,study,content/math/set_theory/quest_01_finite_infinite_sets/study_finite_infinite.json,,No,,0,"{   ""engineType"": ""MATH_STUDY"",   ""mode"": ""study"",   ""topic"": ""Types of Sets"",   ""variantTitle"": ""Finite vs Infinite"",   ""slides"": [     {       ""title"": ""What is a Set?"",       ""text"": ""A <b>Set</b> is just a collection of distinct objects. <br><br>Imagine a basket. Anything we put inside that basket is a 'member' of the set."",       ""visualType"": ""FINITE_BASKET"",       ""visualData"": [""🍎"", ""🍌"", ""🍇""]     },     {       ""title"": ""1. Finite Sets"",       ""text"": ""A <b>Finite Set</b> has a specific number of members. You can count them, and the counting <b>comes to an end</b>.<br><br>Example: Vowels = {a, e, i, o, u}"",       ""visualType"": ""FINITE_BASKET"",       ""visualData"": [""a"", ""e"", ""i"", ""o"", ""u""]     },     {       ""title"": ""Cardinal Number"",       ""text"": ""Because a Finite set ends, we can find its <b>Cardinal Number</b>, <span class='sym'>n(A)</span>.<br><br>This is just the total count of members."",       ""visualType"": ""FINITE_BASKET"",       ""visualData"": [""a"", ""e"", ""i"", ""o"", ""u""],       ""showCount"": true     },     {       ""title"": ""2. Infinite Sets"",       ""text"": ""An <b>Infinite Set</b> has no end. It goes on forever!<br><br>Imagine counting numbers: 1, 2, 3, 4... You could never finish."",       ""visualType"": ""INFINITE_ROAD"",       ""visualData"": """"     },     {       ""title"": ""The Ellipsis (...)"",       ""text"": ""Since we can't write all the numbers, we use three dots called an <b>Ellipsis</b>.<br><br><center><span class='sym'>{ 1, 2, 3, ... }</span></center><br>This symbol means 'and so on forever'."",       ""visualType"": ""INFINITE_ROAD"",       ""visualData"": """"     },     {       ""title"": ""Summary"",       ""text"": ""<ul><li><b>Finite:</b> Ends. Can be counted.</li><li><b>Infinite:</b> Never ends. Uses '...'</li></ul>"",       ""visualType"": ""FINITE_BASKET"",       ""visualData"": [""Done!""]     }   ] }",study_finite_infinite.json,quest_01_finite_infinite_sets
study_finite_infinite_S3,T1,Types of Sets,Finite vs Infinite,E,Read,,3,"Cardinal Number: Because a Finite set ends, we can find its Cardinal Number, n(A).This is just the total count of members.",,,,,,,,,[],MATH_STUDY,study,content/math/set_theory/quest_01_finite_infinite_sets/study_finite_infinite.json,,No,,0,"{   ""engineType"": ""MATH_STUDY"",   ""mode"": ""study"",   ""topic"": ""Types of Sets"",   ""variantTitle"": ""Finite vs Infinite"",   ""slides"": [     {       ""title"": ""What is a Set?"",       ""text"": ""A <b>Set</b> is just a collection of distinct objects. <br><br>Imagine a basket. Anything we put inside that basket is a 'member' of the set."",       ""visualType"": ""FINITE_BASKET"",       ""visualData"": [""🍎"", ""🍌"", ""🍇""]     },     {       ""title"": ""1. Finite Sets"",       ""text"": ""A <b>Finite Set</b> has a specific number of members. You can count them, and the counting <b>comes to an end</b>.<br><br>Example: Vowels = {a, e, i, o, u}"",       ""visualType"": ""FINITE_BASKET"",       ""visualData"": [""a"", ""e"", ""i"", ""o"", ""u""]     },     {       ""title"": ""Cardinal Number"",       ""text"": ""Because a Finite set ends, we can find its <b>Cardinal Number</b>, <span class='sym'>n(A)</span>.<br><br>This is just the total count of members."",       ""visualType"": ""FINITE_BASKET"",       ""visualData"": [""a"", ""e"", ""i"", ""o"", ""u""],       ""showCount"": true     },     {       ""title"": ""2. Infinite Sets"",       ""text"": ""An <b>Infinite Set</b> has no end. It goes on forever!<br><br>Imagine counting numbers: 1, 2, 3, 4... You could never finish."",       ""visualType"": ""INFINITE_ROAD"",       ""visualData"": """"     },     {       ""title"": ""The Ellipsis (...)"",       ""text"": ""Since we can't write all the numbers, we use three dots called an <b>Ellipsis</b>.<br><br><center><span class='sym'>{ 1, 2, 3, ... }</span></center><br>This symbol means 'and so on forever'."",       ""visualType"": ""INFINITE_ROAD"",       ""visualData"": """"     },     {       ""title"": ""Summary"",       ""text"": ""<ul><li><b>Finite:</b> Ends. Can be counted.</li><li><b>Infinite:</b> Never ends. Uses '...'</li></ul>"",       ""visualType"": ""FINITE_BASKET"",       ""visualData"": [""Done!""]     }   ] }",study_finite_infinite.json,quest_01_finite_infinite_sets
study_finite_infinite_S4,T1,Types of Sets,Finite vs Infinite,E,Read,,4,"2. Infinite Sets: An Infinite Set has no end. It goes on forever!Imagine counting numbers: 1, 2, 3, 4... You could never finish.",,,,,,,,,[],MATH_STUDY,study,content/math/set_theory/quest_01_finite_infinite_sets/study_finite_infinite.json,,No,,0,"{   ""engineType"": ""MATH_STUDY"",   ""mode"": ""study"",   ""topic"": ""Types of Sets"",   ""variantTitle"": ""Finite vs Infinite"",   ""slides"": [     {       ""title"": ""What is a Set?"",       ""text"": ""A <b>Set</b> is just a collection of distinct objects. <br><br>Imagine a basket. Anything we put inside that basket is a 'member' of the set."",       ""visualType"": ""FINITE_BASKET"",       ""visualData"": [""🍎"", ""🍌"", ""🍇""]     },     {       ""title"": ""1. Finite Sets"",       ""text"": ""A <b>Finite Set</b> has a specific number of members. You can count them, and the counting <b>comes to an end</b>.<br><br>Example: Vowels = {a, e, i, o, u}"",       ""visualType"": ""FINITE_BASKET"",       ""visualData"": [""a"", ""e"", ""i"", ""o"", ""u""]     },     {       ""title"": ""Cardinal Number"",       ""text"": ""Because a Finite set ends, we can find its <b>Cardinal Number</b>, <span class='sym'>n(A)</span>.<br><br>This is just the total count of members."",       ""visualType"": ""FINITE_BASKET"",       ""visualData"": [""a"", ""e"", ""i"", ""o"", ""u""],       ""showCount"": true     },     {       ""title"": ""2. Infinite Sets"",       ""text"": ""An <b>Infinite Set</b> has no end. It goes on forever!<br><br>Imagine counting numbers: 1, 2, 3, 4... You could never finish."",       ""visualType"": ""INFINITE_ROAD"",       ""visualData"": """"     },     {       ""title"": ""The Ellipsis (...)"",       ""text"": ""Since we can't write all the numbers, we use three dots called an <b>Ellipsis</b>.<br><br><center><span class='sym'>{ 1, 2, 3, ... }</span></center><br>This symbol means 'and so on forever'."",       ""visualType"": ""INFINITE_ROAD"",       ""visualData"": """"     },     {       ""title"": ""Summary"",       ""text"": ""<ul><li><b>Finite:</b> Ends. Can be counted.</li><li><b>Infinite:</b> Never ends. Uses '...'</li></ul>"",       ""visualType"": ""FINITE_BASKET"",       ""visualData"": [""Done!""]     }   ] }",study_finite_infinite.json,quest_01_finite_infinite_sets
study_finite_infinite_S5,T1,Types of Sets,Finite vs Infinite,E,Read,,5,"The Ellipsis (...): Since we can't write all the numbers, we use three dots called an Ellipsis.{ 1, 2, 3, ... }This symbol means 'and so on forever'.",,,,,,,,,[],MATH_STUDY,study,content/math/set_theory/quest_01_finite_infinite_sets/study_finite_infinite.json,,No,,0,"{   ""engineType"": ""MATH_STUDY"",   ""mode"": ""study"",   ""topic"": ""Types of Sets"",   ""variantTitle"": ""Finite vs Infinite"",   ""slides"": [     {       ""title"": ""What is a Set?"",       ""text"": ""A <b>Set</b> is just a collection of distinct objects. <br><br>Imagine a basket. Anything we put inside that basket is a 'member' of the set."",       ""visualType"": ""FINITE_BASKET"",       ""visualData"": [""🍎"", ""🍌"", ""🍇""]     },     {       ""title"": ""1. Finite Sets"",       ""text"": ""A <b>Finite Set</b> has a specific number of members. You can count them, and the counting <b>comes to an end</b>.<br><br>Example: Vowels = {a, e, i, o, u}"",       ""visualType"": ""FINITE_BASKET"",       ""visualData"": [""a"", ""e"", ""i"", ""o"", ""u""]     },     {       ""title"": ""Cardinal Number"",       ""text"": ""Because a Finite set ends, we can find its <b>Cardinal Number</b>, <span class='sym'>n(A)</span>.<br><br>This is just the total count of members."",       ""visualType"": ""FINITE_BASKET"",       ""visualData"": [""a"", ""e"", ""i"", ""o"", ""u""],       ""showCount"": true     },     {       ""title"": ""2. Infinite Sets"",       ""text"": ""An <b>Infinite Set</b> has no end. It goes on forever!<br><br>Imagine counting numbers: 1, 2, 3, 4... You could never finish."",       ""visualType"": ""INFINITE_ROAD"",       ""visualData"": """"     },     {       ""title"": ""The Ellipsis (...)"",       ""text"": ""Since we can't write all the numbers, we use three dots called an <b>Ellipsis</b>.<br><br><center><span class='sym'>{ 1, 2, 3, ... }</span></center><br>This symbol means 'and so on forever'."",       ""visualType"": ""INFINITE_ROAD"",       ""visualData"": """"     },     {       ""title"": ""Summary"",       ""text"": ""<ul><li><b>Finite:</b> Ends. Can be counted.</li><li><b>Infinite:</b> Never ends. Uses '...'</li></ul>"",       ""visualType"": ""FINITE_BASKET"",       ""visualData"": [""Done!""]     }   ] }",study_finite_infinite.json,quest_01_finite_infinite_sets
study_finite_infinite_S6,T1,Types of Sets,Finite vs Infinite,E,Read,,6,Summary: Finite: Ends. Can be counted.Infinite: Never ends. Uses '...',,,,,,,,,[],MATH_STUDY,study,content/math/set_theory/quest_01_finite_infinite_sets/study_finite_infinite.json,,No,,0,"{   ""engineType"": ""MATH_STUDY"",   ""mode"": ""study"",   ""topic"": ""Types of Sets"",   ""variantTitle"": ""Finite vs Infinite"",   ""slides"": [     {       ""title"": ""What is a Set?"",       ""text"": ""A <b>Set</b> is just a collection of distinct objects. <br><br>Imagine a basket. Anything we put inside that basket is a 'member' of the set."",       ""visualType"": ""FINITE_BASKET"",       ""visualData"": [""🍎"", ""🍌"", ""🍇""]     },     {       ""title"": ""1. Finite Sets"",       ""text"": ""A <b>Finite Set</b> has a specific number of members. You can count them, and the counting <b>comes to an end</b>.<br><br>Example: Vowels = {a, e, i, o, u}"",       ""visualType"": ""FINITE_BASKET"",       ""visualData"": [""a"", ""e"", ""i"", ""o"", ""u""]     },     {       ""title"": ""Cardinal Number"",       ""text"": ""Because a Finite set ends, we can find its <b>Cardinal Number</b>, <span class='sym'>n(A)</span>.<br><br>This is just the total count of members."",       ""visualType"": ""FINITE_BASKET"",       ""visualData"": [""a"", ""e"", ""i"", ""o"", ""u""],       ""showCount"": true     },     {       ""title"": ""2. Infinite Sets"",       ""text"": ""An <b>Infinite Set</b> has no end. It goes on forever!<br><br>Imagine counting numbers: 1, 2, 3, 4... You could never finish."",       ""visualType"": ""INFINITE_ROAD"",       ""visualData"": """"     },     {       ""title"": ""The Ellipsis (...)"",       ""text"": ""Since we can't write all the numbers, we use three dots called an <b>Ellipsis</b>.<br><br><center><span class='sym'>{ 1, 2, 3, ... }</span></center><br>This symbol means 'and so on forever'."",       ""visualType"": ""INFINITE_ROAD"",       ""visualData"": """"     },     {       ""title"": ""Summary"",       ""text"": ""<ul><li><b>Finite:</b> Ends. Can be counted.</li><li><b>Infinite:</b> Never ends. Uses '...'</li></ul>"",       ""visualType"": ""FINITE_BASKET"",       ""visualData"": [""Done!""]     }   ] }",study_finite_infinite.json,quest_01_finite_infinite_sets
02-001_Q1,T1,Set Notation & Regions,Quest 2: Reading Regions,E,Simulation,,1,List the elements of Y ∩ Z,,,,,,List the numbers found in the overlapping middle part.,,,[],SET_THEORY,quiz,content/math/set_theory/quest_02_set_notation_regions/02-001.json,,No,,5,"{   ""engineType"": ""SET_THEORY"",   ""mode"": ""quiz"",   ""subject"": ""MATH"",   ""topic"": ""Set Notation & Regions"",   ""variantTitle"": ""Quest 2: Reading Regions"",   ""sets"": {     ""A"": { ""label"": ""Y"", ""color"": ""#9333ea"" },     ""B"": { ""label"": ""Z"", ""color"": ""#db2777"" }   },   ""zones"": {     ""left"": [2, 5, 9],     ""center"": [4, 6, 7],     ""right"": [2],     ""outside"": []   },   ""questions"": [     {       ""type"": ""LIST"",       ""targetRegion"": ""intersection"",       ""prompt"": ""List the elements of <span style='color:#64748b'>Y ∩ Z</span>"",       ""hint"": ""List the numbers found in the overlapping middle part.""     },     {       ""retain_visuals"": true,       ""type"": ""COUNT"",       ""targetRegion"": ""intersection"",       ""prompt"": ""Find <span style='color:#64748b'>n(Y ∩ Z)</span>"",       ""hint"": ""Count how many numbers are in the overlap.""     },     {       ""retain_visuals"": true,       ""type"": ""COUNT"",       ""targetRegion"": ""left_only"",       ""prompt"": ""Find <span style='color:#9333ea'>n(Y only)</span>"",       ""hint"": ""Count items in circle Y that are NOT in Z.""     },     {       ""retain_visuals"": true,       ""type"": ""COUNT"",       ""targetRegion"": ""right_only"",       ""prompt"": ""Find <span style='color:#db2777'>n(Z - Y)</span>"",       ""hint"": ""This means 'Difference'. Count items in Z but NOT in Y.""     }   ] }",02-001.json,quest_02_set_notation_regions
02-001_Q2,T1,Set Notation & Regions,Quest 2: Reading Regions,E,Simulation,,2,Find n(Y ∩ Z),,,,,,Count how many numbers are in the overlap.,,,[],SET_THEORY,quiz,content/math/set_theory/quest_02_set_notation_regions/02-001.json,,No,,5,"{   ""engineType"": ""SET_THEORY"",   ""mode"": ""quiz"",   ""subject"": ""MATH"",   ""topic"": ""Set Notation & Regions"",   ""variantTitle"": ""Quest 2: Reading Regions"",   ""sets"": {     ""A"": { ""label"": ""Y"", ""color"": ""#9333ea"" },     ""B"": { ""label"": ""Z"", ""color"": ""#db2777"" }   },   ""zones"": {     ""left"": [2, 5, 9],     ""center"": [4, 6, 7],     ""right"": [2],     ""outside"": []   },   ""questions"": [     {       ""type"": ""LIST"",       ""targetRegion"": ""intersection"",       ""prompt"": ""List the elements of <span style='color:#64748b'>Y ∩ Z</span>"",       ""hint"": ""List the numbers found in the overlapping middle part.""     },     {       ""retain_visuals"": true,       ""type"": ""COUNT"",       ""targetRegion"": ""intersection"",       ""prompt"": ""Find <span style='color:#64748b'>n(Y ∩ Z)</span>"",       ""hint"": ""Count how many numbers are in the overlap.""     },     {       ""retain_visuals"": true,       ""type"": ""COUNT"",       ""targetRegion"": ""left_only"",       ""prompt"": ""Find <span style='color:#9333ea'>n(Y only)</span>"",       ""hint"": ""Count items in circle Y that are NOT in Z.""     },     {       ""retain_visuals"": true,       ""type"": ""COUNT"",       ""targetRegion"": ""right_only"",       ""prompt"": ""Find <span style='color:#db2777'>n(Z - Y)</span>"",       ""hint"": ""This means 'Difference'. Count items in Z but NOT in Y.""     }   ] }",02-001.json,quest_02_set_notation_regions
02-001_Q3,T1,Set Notation & Regions,Quest 2: Reading Regions,E,Simulation,,3,Find n(Y only),,,,,,Count items in circle Y that are NOT in Z.,,,[],SET_THEORY,quiz,content/math/set_theory/quest_02_set_notation_regions/02-001.json,,No,,5,"{   ""engineType"": ""SET_THEORY"",   ""mode"": ""quiz"",   ""subject"": ""MATH"",   ""topic"": ""Set Notation & Regions"",   ""variantTitle"": ""Quest 2: Reading Regions"",   ""sets"": {     ""A"": { ""label"": ""Y"", ""color"": ""#9333ea"" },     ""B"": { ""label"": ""Z"", ""color"": ""#db2777"" }   },   ""zones"": {     ""left"": [2, 5, 9],     ""center"": [4, 6, 7],     ""right"": [2],     ""outside"": []   },   ""questions"": [     {       ""type"": ""LIST"",       ""targetRegion"": ""intersection"",       ""prompt"": ""List the elements of <span style='color:#64748b'>Y ∩ Z</span>"",       ""hint"": ""List the numbers found in the overlapping middle part.""     },     {       ""retain_visuals"": true,       ""type"": ""COUNT"",       ""targetRegion"": ""intersection"",       ""prompt"": ""Find <span style='color:#64748b'>n(Y ∩ Z)</span>"",       ""hint"": ""Count how many numbers are in the overlap.""     },     {       ""retain_visuals"": true,       ""type"": ""COUNT"",       ""targetRegion"": ""left_only"",       ""prompt"": ""Find <span style='color:#9333ea'>n(Y only)</span>"",       ""hint"": ""Count items in circle Y that are NOT in Z.""     },     {       ""retain_visuals"": true,       ""type"": ""COUNT"",       ""targetRegion"": ""right_only"",       ""prompt"": ""Find <span style='color:#db2777'>n(Z - Y)</span>"",       ""hint"": ""This means 'Difference'. Count items in Z but NOT in Y.""     }   ] }",02-001.json,quest_02_set_notation_regions
02-001_Q4,T1,Set Notation & Regions,Quest 2: Reading Regions,E,Simulation,,4,Find n(Z - Y),,,,,,This means 'Difference'. Count items in Z but NOT in Y.,,,[],SET_THEORY,quiz,content/math/set_theory/quest_02_set_notation_regions/02-001.json,,No,,5,"{   ""engineType"": ""SET_THEORY"",   ""mode"": ""quiz"",   ""subject"": ""MATH"",   ""topic"": ""Set Notation & Regions"",   ""variantTitle"": ""Quest 2: Reading Regions"",   ""sets"": {     ""A"": { ""label"": ""Y"", ""color"": ""#9333ea"" },     ""B"": { ""label"": ""Z"", ""color"": ""#db2777"" }   },   ""zones"": {     ""left"": [2, 5, 9],     ""center"": [4, 6, 7],     ""right"": [2],     ""outside"": []   },   ""questions"": [     {       ""type"": ""LIST"",       ""targetRegion"": ""intersection"",       ""prompt"": ""List the elements of <span style='color:#64748b'>Y ∩ Z</span>"",       ""hint"": ""List the numbers found in the overlapping middle part.""     },     {       ""retain_visuals"": true,       ""type"": ""COUNT"",       ""targetRegion"": ""intersection"",       ""prompt"": ""Find <span style='color:#64748b'>n(Y ∩ Z)</span>"",       ""hint"": ""Count how many numbers are in the overlap.""     },     {       ""retain_visuals"": true,       ""type"": ""COUNT"",       ""targetRegion"": ""left_only"",       ""prompt"": ""Find <span style='color:#9333ea'>n(Y only)</span>"",       ""hint"": ""Count items in circle Y that are NOT in Z.""     },     {       ""retain_visuals"": true,       ""type"": ""COUNT"",       ""targetRegion"": ""right_only"",       ""prompt"": ""Find <span style='color:#db2777'>n(Z - Y)</span>"",       ""hint"": ""This means 'Difference'. Count items in Z but NOT in Y.""     }   ] }",02-001.json,quest_02_set_notation_regions
02-002_Q1,T1,Set Intersections,Quest 2-003: Overlap Sets,E,Simulation,,1,Show that Some Singers (S) are Dancers (D).Create an Intersection.,,,,,,Overlap the circles partially.,,,[],SET_THEORY,quiz,content/math/set_theory/quest_02_set_notation_regions/02-002.json,,No,,5,"{   ""engineType"": ""SET_THEORY"",   ""mode"": ""quiz"",   ""subject"": ""MATH"",   ""topic"": ""Set Intersections"",   ""variantTitle"": ""Quest 2-003: Overlap Sets"",   ""sets"": { ""A"": { ""label"": """", ""color"": ""transparent"" }, ""B"": { ""label"": """", ""color"": ""transparent"" } },   ""zones"": { ""left"": [], ""center"": [], ""right"": [], ""outside"": [] },   ""questions"": [     {       ""interaction"": ""DRAG_SETS"",       ""prompt"": ""Show that <b>Some Singers (S)</b> are <b>Dancers (D)</b>.<br>Create an Intersection."",       ""hint"": ""Overlap the circles partially."",       ""items"": [         { ""val"": ""S"", ""radius"": 60, ""color"": ""rgba(147, 51, 234, 0.2)"", ""x"": 100, ""y"": 200, ""target"": ""overlap"" },         { ""val"": ""D"", ""radius"": 60, ""color"": ""rgba(219, 39, 119, 0.2)"", ""x"": 300, ""y"": 200, ""target"": ""overlap"" }       ]     }   ] }",02-002.json,quest_02_set_notation_regions
02-003_Q1,T1,Set Relationships,Quest 2-003: Visual Relations,E,Simulation,,1,Show that All Mangoes (M) are Fruits (F).,,,,,,Place M inside F.,,,[],SET_THEORY,quiz,content/math/set_theory/quest_02_set_notation_regions/02-003.json,,No,,5,"{   ""engineType"": ""SET_THEORY"",   ""mode"": ""quiz"",   ""subject"": ""MATH"",   ""topic"": ""Set Relationships"",   ""variantTitle"": ""Quest 2-003: Visual Relations"",   ""sets"": { ""A"": { ""label"": """", ""color"": ""transparent"" }, ""B"": { ""label"": """", ""color"": ""transparent"" } },    ""zones"": { ""left"": [], ""center"": [], ""right"": [], ""outside"": [] },   ""questions"": [     {       ""interaction"": ""DRAG_SETS"",       ""prompt"": ""Show that <b>All Mangoes (M)</b> are <b>Fruits (F)</b>."",       ""hint"": ""Place M inside F."",       ""items"": [         { ""val"": ""F"", ""radius"": 90, ""color"": ""#f3e8ff"", ""x"": 100, ""y"": 200, ""locked"": true },         { ""val"": ""M"", ""radius"": 45, ""color"": ""#fce7f3"", ""x"": 300, ""y"": 200, ""target"": ""inside_F"" }       ]     },     {       ""interaction"": ""DRAG_SETS"",       ""prompt"": ""Show that <b>No Cars (C)</b> are <b>Plants (P)</b>."",       ""hint"": ""Keep them separate (Disjoint)."",       ""items"": [         { ""val"": ""C"", ""radius"": 60, ""color"": ""#f3e8ff"", ""x"": 120, ""y"": 200, ""target"": ""disjoint"" },         { ""val"": ""P"", ""radius"": 60, ""color"": ""#fce7f3"", ""x"": 280, ""y"": 200, ""target"": ""disjoint"" }       ]     },     {       ""interaction"": ""DRAG_SETS"",       ""prompt"": ""Show that <b>Some Singers (S)</b> are <b>Dancers (D)</b>."",       ""hint"": ""Make them overlap (Intersection)."",       ""items"": [         { ""val"": ""S"", ""radius"": 60, ""color"": ""#f3e8ff"", ""x"": 100, ""y"": 200, ""target"": ""overlap"" },         { ""val"": ""D"", ""radius"": 60, ""color"": ""#fce7f3"", ""x"": 300, ""y"": 200, ""target"": ""overlap"" }       ]     }   ] }",02-003.json,quest_02_set_notation_regions
02-003_Q2,T1,Set Relationships,Quest 2-003: Visual Relations,E,Simulation,,2,Show that No Cars (C) are Plants (P).,,,,,,Keep them separate (Disjoint).,,,[],SET_THEORY,quiz,content/math/set_theory/quest_02_set_notation_regions/02-003.json,,No,,5,"{   ""engineType"": ""SET_THEORY"",   ""mode"": ""quiz"",   ""subject"": ""MATH"",   ""topic"": ""Set Relationships"",   ""variantTitle"": ""Quest 2-003: Visual Relations"",   ""sets"": { ""A"": { ""label"": """", ""color"": ""transparent"" }, ""B"": { ""label"": """", ""color"": ""transparent"" } },    ""zones"": { ""left"": [], ""center"": [], ""right"": [], ""outside"": [] },   ""questions"": [     {       ""interaction"": ""DRAG_SETS"",       ""prompt"": ""Show that <b>All Mangoes (M)</b> are <b>Fruits (F)</b>."",       ""hint"": ""Place M inside F."",       ""items"": [         { ""val"": ""F"", ""radius"": 90, ""color"": ""#f3e8ff"", ""x"": 100, ""y"": 200, ""locked"": true },         { ""val"": ""M"", ""radius"": 45, ""color"": ""#fce7f3"", ""x"": 300, ""y"": 200, ""target"": ""inside_F"" }       ]     },     {       ""interaction"": ""DRAG_SETS"",       ""prompt"": ""Show that <b>No Cars (C)</b> are <b>Plants (P)</b>."",       ""hint"": ""Keep them separate (Disjoint)."",       ""items"": [         { ""val"": ""C"", ""radius"": 60, ""color"": ""#f3e8ff"", ""x"": 120, ""y"": 200, ""target"": ""disjoint"" },         { ""val"": ""P"", ""radius"": 60, ""color"": ""#fce7f3"", ""x"": 280, ""y"": 200, ""target"": ""disjoint"" }       ]     },     {       ""interaction"": ""DRAG_SETS"",       ""prompt"": ""Show that <b>Some Singers (S)</b> are <b>Dancers (D)</b>."",       ""hint"": ""Make them overlap (Intersection)."",       ""items"": [         { ""val"": ""S"", ""radius"": 60, ""color"": ""#f3e8ff"", ""x"": 100, ""y"": 200, ""target"": ""overlap"" },         { ""val"": ""D"", ""radius"": 60, ""color"": ""#fce7f3"", ""x"": 300, ""y"": 200, ""target"": ""overlap"" }       ]     }   ] }",02-003.json,quest_02_set_notation_regions
02-003_Q3,T1,Set Relationships,Quest 2-003: Visual Relations,E,Simulation,,3,Show that Some Singers (S) are Dancers (D).,,,,,,Make them overlap (Intersection).,,,[],SET_THEORY,quiz,content/math/set_theory/quest_02_set_notation_regions/02-003.json,,No,,5,"{   ""engineType"": ""SET_THEORY"",   ""mode"": ""quiz"",   ""subject"": ""MATH"",   ""topic"": ""Set Relationships"",   ""variantTitle"": ""Quest 2-003: Visual Relations"",   ""sets"": { ""A"": { ""label"": """", ""color"": ""transparent"" }, ""B"": { ""label"": """", ""color"": ""transparent"" } },    ""zones"": { ""left"": [], ""center"": [], ""right"": [], ""outside"": [] },   ""questions"": [     {       ""interaction"": ""DRAG_SETS"",       ""prompt"": ""Show that <b>All Mangoes (M)</b> are <b>Fruits (F)</b>."",       ""hint"": ""Place M inside F."",       ""items"": [         { ""val"": ""F"", ""radius"": 90, ""color"": ""#f3e8ff"", ""x"": 100, ""y"": 200, ""locked"": true },         { ""val"": ""M"", ""radius"": 45, ""color"": ""#fce7f3"", ""x"": 300, ""y"": 200, ""target"": ""inside_F"" }       ]     },     {       ""interaction"": ""DRAG_SETS"",       ""prompt"": ""Show that <b>No Cars (C)</b> are <b>Plants (P)</b>."",       ""hint"": ""Keep them separate (Disjoint)."",       ""items"": [         { ""val"": ""C"", ""radius"": 60, ""color"": ""#f3e8ff"", ""x"": 120, ""y"": 200, ""target"": ""disjoint"" },         { ""val"": ""P"", ""radius"": 60, ""color"": ""#fce7f3"", ""x"": 280, ""y"": 200, ""target"": ""disjoint"" }       ]     },     {       ""interaction"": ""DRAG_SETS"",       ""prompt"": ""Show that <b>Some Singers (S)</b> are <b>Dancers (D)</b>."",       ""hint"": ""Make them overlap (Intersection)."",       ""items"": [         { ""val"": ""S"", ""radius"": 60, ""color"": ""#f3e8ff"", ""x"": 100, ""y"": 200, ""target"": ""overlap"" },         { ""val"": ""D"", ""radius"": 60, ""color"": ""#fce7f3"", ""x"": 300, ""y"": 200, ""target"": ""overlap"" }       ]     }   ] }",02-003.json,quest_02_set_notation_regions
02-004_Q1,T1,Finding All Subsets,Quest 2-004: The Lunchbox,E,Simulation,,1,Level 1: Find all 2 subsets of {Apple}. (2¹),,,,,,,,,[],SUBSET_GAME,quiz,content/math/set_theory/quest_02_set_notation_regions/02-004.json,,No,,5,"{   ""engineType"": ""SUBSET_GAME"",   ""mode"": ""quiz"",   ""subject"": ""MATH"",   ""topic"": ""Finding All Subsets"",   ""variantTitle"": ""Quest 2-004: The Lunchbox"",   ""questions"": [     {       ""items"": [""Apple""],       ""prompt"": ""Level 1: Find all 2 subsets of {Apple}. (2¹)""     },     {       ""items"": [""Apple"", ""Banana""],       ""prompt"": ""Level 2: Find all 4 subsets of {Apple, Banana}. (2²)""     },     {       ""items"": [""Apple"", ""Banana"", ""Orange""],       ""prompt"": ""Level 3: Find all 8 subsets of {Apple, Banana, Orange}. (2³)""     }   ] }",02-004.json,quest_02_set_notation_regions
02-004_Q2,T1,Finding All Subsets,Quest 2-004: The Lunchbox,E,Simulation,,2,"Level 2: Find all 4 subsets of {Apple, Banana}. (2²)",,,,,,,,,[],SUBSET_GAME,quiz,content/math/set_theory/quest_02_set_notation_regions/02-004.json,,No,,5,"{   ""engineType"": ""SUBSET_GAME"",   ""mode"": ""quiz"",   ""subject"": ""MATH"",   ""topic"": ""Finding All Subsets"",   ""variantTitle"": ""Quest 2-004: The Lunchbox"",   ""questions"": [     {       ""items"": [""Apple""],       ""prompt"": ""Level 1: Find all 2 subsets of {Apple}. (2¹)""     },     {       ""items"": [""Apple"", ""Banana""],       ""prompt"": ""Level 2: Find all 4 subsets of {Apple, Banana}. (2²)""     },     {       ""items"": [""Apple"", ""Banana"", ""Orange""],       ""prompt"": ""Level 3: Find all 8 subsets of {Apple, Banana, Orange}. (2³)""     }   ] }",02-004.json,quest_02_set_notation_regions
02-004_Q3,T1,Finding All Subsets,Quest 2-004: The Lunchbox,E,Simulation,,3,"Level 3: Find all 8 subsets of {Apple, Banana, Orange}. (2³)",,,,,,,,,[],SUBSET_GAME,quiz,content/math/set_theory/quest_02_set_notation_regions/02-004.json,,No,,5,"{   ""engineType"": ""SUBSET_GAME"",   ""mode"": ""quiz"",   ""subject"": ""MATH"",   ""topic"": ""Finding All Subsets"",   ""variantTitle"": ""Quest 2-004: The Lunchbox"",   ""questions"": [     {       ""items"": [""Apple""],       ""prompt"": ""Level 1: Find all 2 subsets of {Apple}. (2¹)""     },     {       ""items"": [""Apple"", ""Banana""],       ""prompt"": ""Level 2: Find all 4 subsets of {Apple, Banana}. (2²)""     },     {       ""items"": [""Apple"", ""Banana"", ""Orange""],       ""prompt"": ""Level 3: Find all 8 subsets of {Apple, Banana, Orange}. (2³)""     }   ] }",02-004.json,quest_02_set_notation_regions
02-005_Q1,T1,Finding Subsets,Quest 3-002: The Toy Van,E,Simulation,,1,Level 1: Load the Van! Find all 2 subsets of {Car}.,,,,,,1. Empty Van (∅) 2. Just the Car,,,[],SUBSET_GAME,quiz,content/math/set_theory/quest_02_set_notation_regions/02-005.json,,No,,5,"{   ""engineType"": ""SUBSET_GAME"",   ""mode"": ""quiz"",   ""subject"": ""MATH"",   ""topic"": ""Finding Subsets"",   ""variantTitle"": ""Quest 3-002: The Toy Van"",   ""questions"": [     {       ""items"": [""Car""],       ""prompt"": ""Level 1: Load the Van! Find all 2 subsets of {Car}."",       ""hint"": ""1. Empty Van (∅)\n2. Just the Car""     },     {       ""items"": [""Ball"", ""Bear""],       ""prompt"": ""Level 2: Find all 4 subsets of {Ball, Bear}."",       ""hint"": ""Don't forget the Empty Set and the Full Set!""     },     {       ""items"": [""Car"", ""Ball"", ""Bear""],       ""prompt"": ""Level 3: Master Mover! Find all 8 subsets."",       ""hint"": ""List:\n- Empty\n- Singles (3)\n- Doubles (3)\n- Full Set (1)""     }   ] }",02-005.json,quest_02_set_notation_regions
02-005_Q2,T1,Finding Subsets,Quest 3-002: The Toy Van,E,Simulation,,2,"Level 2: Find all 4 subsets of {Ball, Bear}.",,,,,,Don't forget the Empty Set and the Full Set!,,,[],SUBSET_GAME,quiz,content/math/set_theory/quest_02_set_notation_regions/02-005.json,,No,,5,"{   ""engineType"": ""SUBSET_GAME"",   ""mode"": ""quiz"",   ""subject"": ""MATH"",   ""topic"": ""Finding Subsets"",   ""variantTitle"": ""Quest 3-002: The Toy Van"",   ""questions"": [     {       ""items"": [""Car""],       ""prompt"": ""Level 1: Load the Van! Find all 2 subsets of {Car}."",       ""hint"": ""1. Empty Van (∅)\n2. Just the Car""     },     {       ""items"": [""Ball"", ""Bear""],       ""prompt"": ""Level 2: Find all 4 subsets of {Ball, Bear}."",       ""hint"": ""Don't forget the Empty Set and the Full Set!""     },     {       ""items"": [""Car"", ""Ball"", ""Bear""],       ""prompt"": ""Level 3: Master Mover! Find all 8 subsets."",       ""hint"": ""List:\n- Empty\n- Singles (3)\n- Doubles (3)\n- Full Set (1)""     }   ] }",02-005.json,quest_02_set_notation_regions
02-005_Q3,T1,Finding Subsets,Quest 3-002: The Toy Van,E,Simulation,,3,Level 3: Master Mover! Find all 8 subsets.,,,,,,List: - Empty - Singles (3) - Doubles (3) - Full Set (1),,,[],SUBSET_GAME,quiz,content/math/set_theory/quest_02_set_notation_regions/02-005.json,,No,,5,"{   ""engineType"": ""SUBSET_GAME"",   ""mode"": ""quiz"",   ""subject"": ""MATH"",   ""topic"": ""Finding Subsets"",   ""variantTitle"": ""Quest 3-002: The Toy Van"",   ""questions"": [     {       ""items"": [""Car""],       ""prompt"": ""Level 1: Load the Van! Find all 2 subsets of {Car}."",       ""hint"": ""1. Empty Van (∅)\n2. Just the Car""     },     {       ""items"": [""Ball"", ""Bear""],       ""prompt"": ""Level 2: Find all 4 subsets of {Ball, Bear}."",       ""hint"": ""Don't forget the Empty Set and the Full Set!""     },     {       ""items"": [""Car"", ""Ball"", ""Bear""],       ""prompt"": ""Level 3: Master Mover! Find all 8 subsets."",       ""hint"": ""List:\n- Empty\n- Singles (3)\n- Doubles (3)\n- Full Set (1)""     }   ] }",02-005.json,quest_02_set_notation_regions
02-006_Q1,T1,Finding Subsets,Quest 3-003: Flag Painter,E,Simulation,,1,Find all 8 subsets by painting the stripes.,,,,,,Tap the paint buckets to color the flag stripes.,,,[],SUBSET_GAME,quiz,content/math/set_theory/quest_02_set_notation_regions/02-006.json,,No,,5,"{   ""engineType"": ""SUBSET_GAME"",   ""mode"": ""quiz"",   ""subject"": ""MATH"",   ""topic"": ""Finding Subsets"",   ""variantTitle"": ""Quest 3-003: Flag Painter"",   ""questions"": [     {       ""theme"": ""flag"",       ""items"": [""Black"", ""Yellow"", ""Red""],       ""prompt"": ""Find all 8 subsets by painting the stripes."",       ""hint"": ""Tap the paint buckets to color the flag stripes.""     }   ] }",02-006.json,quest_02_set_notation_regions
02-007_Q1,T1,Finding Subsets,Quest 3-004: The Card Machine,E,Simulation,,1,Grandmaster Level: Find all 16 subsets of the Card Suits.,,,,,,"Start with 0 (Empty), then 1s, 2s, 3s, and finally 4.",,,[],SUBSET_GAME,quiz,content/math/set_theory/quest_02_set_notation_regions/02-007.json,,No,,5,"{   ""engineType"": ""SUBSET_GAME"",   ""mode"": ""quiz"",   ""subject"": ""MATH"",   ""topic"": ""Finding Subsets"",   ""variantTitle"": ""Quest 3-004: The Card Machine"",   ""questions"": [     {       ""items"": [""Spade"", ""Heart"", ""Club"", ""Diamond""],       ""prompt"": ""Grandmaster Level: Find all 16 subsets of the Card Suits."",       ""hint"": ""Start with 0 (Empty), then 1s, 2s, 3s, and finally 4.""     }   ] }",02-007.json,quest_02_set_notation_regions
02-008_Q1,T1,Disjoint Sets,Quest 2-005: Disjoint Logic,E,Simulation,,1,Sort numbers < 7 into Evens and Odds.,,,,,,,,,[],SET_THEORY,quiz,content/math/set_theory/quest_02_set_notation_regions/02-008.json,,No,,5,"{   ""engineType"": ""SET_THEORY"",   ""mode"": ""quiz"",   ""subject"": ""MATH"",   ""topic"": ""Disjoint Sets"",   ""variantTitle"": ""Quest 2-005: Disjoint Logic"",   ""sets"": { ""A"": { ""label"": ""Evens"", ""color"": ""#16a34a"" }, ""B"": { ""label"": ""Odds"", ""color"": ""#ea580c"" } },   ""zones"": { ""left"": [2,4,6], ""center"": [], ""right"": [1,3,5], ""outside"": [] },   ""questions"": [     {       ""interaction"": ""DRAG_SORT"",       ""prompt"": ""Sort numbers < 7 into Evens and Odds."",       ""items"": [         { ""val"": ""1"", ""target"": ""right"" }, { ""val"": ""2"", ""target"": ""left"" },         { ""val"": ""3"", ""target"": ""right"" }, { ""val"": ""4"", ""target"": ""left"" },         { ""val"": ""5"", ""target"": ""right"" }, { ""val"": ""6"", ""target"": ""left"" }       ]     },     {       ""retain_visuals"": true,       ""type"": ""COUNT"",       ""targetRegion"": ""intersection"",       ""prompt"": ""Find <b>n(Evens ∩ Odds)</b>."",       ""hint"": ""The intersection is empty. The answer is 0.""     }   ] }",02-008.json,quest_02_set_notation_regions
02-008_Q2,T1,Disjoint Sets,Quest 2-005: Disjoint Logic,E,Simulation,,2,Find n(Evens ∩ Odds).,,,,,,The intersection is empty. The answer is 0.,,,[],SET_THEORY,quiz,content/math/set_theory/quest_02_set_notation_regions/02-008.json,,No,,5,"{   ""engineType"": ""SET_THEORY"",   ""mode"": ""quiz"",   ""subject"": ""MATH"",   ""topic"": ""Disjoint Sets"",   ""variantTitle"": ""Quest 2-005: Disjoint Logic"",   ""sets"": { ""A"": { ""label"": ""Evens"", ""color"": ""#16a34a"" }, ""B"": { ""label"": ""Odds"", ""color"": ""#ea580c"" } },   ""zones"": { ""left"": [2,4,6], ""center"": [], ""right"": [1,3,5], ""outside"": [] },   ""questions"": [     {       ""interaction"": ""DRAG_SORT"",       ""prompt"": ""Sort numbers < 7 into Evens and Odds."",       ""items"": [         { ""val"": ""1"", ""target"": ""right"" }, { ""val"": ""2"", ""target"": ""left"" },         { ""val"": ""3"", ""target"": ""right"" }, { ""val"": ""4"", ""target"": ""left"" },         { ""val"": ""5"", ""target"": ""right"" }, { ""val"": ""6"", ""target"": ""left"" }       ]     },     {       ""retain_visuals"": true,       ""type"": ""COUNT"",       ""targetRegion"": ""intersection"",       ""prompt"": ""Find <b>n(Evens ∩ Odds)</b>."",       ""hint"": ""The intersection is empty. The answer is 0.""     }   ] }",02-008.json,quest_02_set_notation_regions
02-009_Q1,T1,Equal vs Equivalent,Quest 2-004: Equal or Equivalent?,E,Simulation,,1,"Sort: X={a,b,c}, Y={1,2,3}. Are they overlapping?",,,,,,,,,[],SET_THEORY,quiz,content/math/set_theory/quest_02_set_notation_regions/02-009.json,,No,,5,"{   ""engineType"": ""SET_THEORY"",   ""mode"": ""quiz"",   ""subject"": ""MATH"",   ""topic"": ""Equal vs Equivalent"",   ""variantTitle"": ""Quest 2-004: Equal or Equivalent?"",   ""sets"": { ""A"": { ""label"": ""X"", ""color"": ""#9333ea"" }, ""B"": { ""label"": ""Y"", ""color"": ""#db2777"" } },   ""zones"": { ""left"": [""a"", ""b"", ""c""], ""center"": [], ""right"": [""1"", ""2"", ""3""], ""outside"": [] },   ""questions"": [     {       ""interaction"": ""DRAG_SORT"",       ""prompt"": ""Sort: X={a,b,c}, Y={1,2,3}. Are they overlapping?"",       ""items"": [         { ""val"": ""a"", ""target"": ""left"" }, { ""val"": ""b"", ""target"": ""left"" }, { ""val"": ""c"", ""target"": ""left"" },         { ""val"": ""1"", ""target"": ""right"" }, { ""val"": ""2"", ""target"": ""right"" }, { ""val"": ""3"", ""target"": ""right"" }       ]     },     {       ""retain_visuals"": true,       ""interaction"": ""BINARY"",       ""expected"": ""no"",       ""prompt"": ""Are sets X and Y <b>Equal</b>?"",       ""hint"": ""Equal sets must have the exact same elements.""     },     {       ""retain_visuals"": true,       ""interaction"": ""BINARY"",       ""expected"": ""yes"",       ""prompt"": ""Are sets X and Y <b>Equivalent</b>?"",       ""hint"": ""Equivalent sets have the same number of elements. n(X)=3, n(Y)=3.""     }   ] }",02-009.json,quest_02_set_notation_regions
02-009_Q2,T1,Equal vs Equivalent,Quest 2-004: Equal or Equivalent?,E,Simulation,,2,Are sets X and Y Equal?,,,,,no,Equal sets must have the exact same elements.,,,[],SET_THEORY,quiz,content/math/set_theory/quest_02_set_notation_regions/02-009.json,,No,,5,"{   ""engineType"": ""SET_THEORY"",   ""mode"": ""quiz"",   ""subject"": ""MATH"",   ""topic"": ""Equal vs Equivalent"",   ""variantTitle"": ""Quest 2-004: Equal or Equivalent?"",   ""sets"": { ""A"": { ""label"": ""X"", ""color"": ""#9333ea"" }, ""B"": { ""label"": ""Y"", ""color"": ""#db2777"" } },   ""zones"": { ""left"": [""a"", ""b"", ""c""], ""center"": [], ""right"": [""1"", ""2"", ""3""], ""outside"": [] },   ""questions"": [     {       ""interaction"": ""DRAG_SORT"",       ""prompt"": ""Sort: X={a,b,c}, Y={1,2,3}. Are they overlapping?"",       ""items"": [         { ""val"": ""a"", ""target"": ""left"" }, { ""val"": ""b"", ""target"": ""left"" }, { ""val"": ""c"", ""target"": ""left"" },         { ""val"": ""1"", ""target"": ""right"" }, { ""val"": ""2"", ""target"": ""right"" }, { ""val"": ""3"", ""target"": ""right"" }       ]     },     {       ""retain_visuals"": true,       ""interaction"": ""BINARY"",       ""expected"": ""no"",       ""prompt"": ""Are sets X and Y <b>Equal</b>?"",       ""hint"": ""Equal sets must have the exact same elements.""     },     {       ""retain_visuals"": true,       ""interaction"": ""BINARY"",       ""expected"": ""yes"",       ""prompt"": ""Are sets X and Y <b>Equivalent</b>?"",       ""hint"": ""Equivalent sets have the same number of elements. n(X)=3, n(Y)=3.""     }   ] }",02-009.json,quest_02_set_notation_regions
02-009_Q3,T1,Equal vs Equivalent,Quest 2-004: Equal or Equivalent?,E,Simulation,,3,Are sets X and Y Equivalent?,,,,,yes,"Equivalent sets have the same number of elements. n(X)=3, n(Y)=3.",,,[],SET_THEORY,quiz,content/math/set_theory/quest_02_set_notation_regions/02-009.json,,No,,5,"{   ""engineType"": ""SET_THEORY"",   ""mode"": ""quiz"",   ""subject"": ""MATH"",   ""topic"": ""Equal vs Equivalent"",   ""variantTitle"": ""Quest 2-004: Equal or Equivalent?"",   ""sets"": { ""A"": { ""label"": ""X"", ""color"": ""#9333ea"" }, ""B"": { ""label"": ""Y"", ""color"": ""#db2777"" } },   ""zones"": { ""left"": [""a"", ""b"", ""c""], ""center"": [], ""right"": [""1"", ""2"", ""3""], ""outside"": [] },   ""questions"": [     {       ""interaction"": ""DRAG_SORT"",       ""prompt"": ""Sort: X={a,b,c}, Y={1,2,3}. Are they overlapping?"",       ""items"": [         { ""val"": ""a"", ""target"": ""left"" }, { ""val"": ""b"", ""target"": ""left"" }, { ""val"": ""c"", ""target"": ""left"" },         { ""val"": ""1"", ""target"": ""right"" }, { ""val"": ""2"", ""target"": ""right"" }, { ""val"": ""3"", ""target"": ""right"" }       ]     },     {       ""retain_visuals"": true,       ""interaction"": ""BINARY"",       ""expected"": ""no"",       ""prompt"": ""Are sets X and Y <b>Equal</b>?"",       ""hint"": ""Equal sets must have the exact same elements.""     },     {       ""retain_visuals"": true,       ""interaction"": ""BINARY"",       ""expected"": ""yes"",       ""prompt"": ""Are sets X and Y <b>Equivalent</b>?"",       ""hint"": ""Equivalent sets have the same number of elements. n(X)=3, n(Y)=3.""     }   ] }",02-009.json,quest_02_set_notation_regions
02-010_Q1,T1,Union of Sets,Quest 2-007: Union Quiz,E,Simulation,,1,List the members of P ∪ Q (Union).,"{1, 2, 3, 4, 5}",{3},"{1, 2, 4, 5}","{1, 2}","{1, 2, 3, 4, 5}",Union means 'Unite'. List every number inside both circles.,,,[],SET_THEORY,quiz,content/math/set_theory/quest_02_set_notation_regions/02-010.json,,No,,5,"{   ""engineType"": ""SET_THEORY"",   ""mode"": ""quiz"",   ""subject"": ""MATH"",   ""topic"": ""Union of Sets"",   ""variantTitle"": ""Quest 2-007: Union Quiz"",   ""sets"": { ""A"": { ""label"": ""P"", ""color"": ""#9333ea"" }, ""B"": { ""label"": ""Q"", ""color"": ""#db2777"" } },   ""zones"": { ""left"": [1, 2], ""center"": [3], ""right"": [4, 5], ""outside"": [] },   ""questions"": [     {       ""interaction"": ""CHOICE"",       ""prompt"": ""List the members of <span style='color:#0f172a'>P ∪ Q</span> (Union)."",       ""options"": [         ""{1, 2, 3, 4, 5}"",         ""{3}"",         ""{1, 2, 4, 5}"",         ""{1, 2}""       ],       ""expected"": ""{1, 2, 3, 4, 5}"",       ""hint"": ""Union means 'Unite'. List every number inside both circles.""     }   ] }",02-010.json,quest_02_set_notation_regions
02-011_Q1,T1,Difference of Sets,Quest 2-008: Set Difference,E,Simulation,,1,List the members of M - N (M only).,"{a, b}","{a, b, c}","{d, e}",{c},"{a, b}",Remove the intersection 'c' from Set M.,,,[],SET_THEORY,quiz,content/math/set_theory/quest_02_set_notation_regions/02-011.json,,No,,5,"{   ""engineType"": ""SET_THEORY"",   ""mode"": ""quiz"",   ""subject"": ""MATH"",   ""topic"": ""Difference of Sets"",   ""variantTitle"": ""Quest 2-008: Set Difference"",   ""sets"": { ""A"": { ""label"": ""M"", ""color"": ""#2563eb"" }, ""B"": { ""label"": ""N"", ""color"": ""#ea580c"" } },   ""zones"": { ""left"": [""a"", ""b""], ""center"": [""c""], ""right"": [""d"", ""e""], ""outside"": [] },   ""questions"": [     {       ""interaction"": ""CHOICE"",       ""prompt"": ""List the members of <span style='color:#2563eb'>M - N</span> (M only)."",       ""options"": [         ""{a, b}"",         ""{a, b, c}"",         ""{d, e}"",         ""{c}""       ],       ""expected"": ""{a, b}"",       ""hint"": ""Remove the intersection 'c' from Set M.""     }   ] }",02-011.json,quest_02_set_notation_regions
02-012_Q1,T1,Complement,Quest 2-009: Complement Quiz,E,Simulation,,1,List the members of B' (Complement of B).,"{x, w}","{z, w}",{x},{w},"{x, w}",Cover circle B. List whatever is left (A only + Outside).,,,[],SET_THEORY,quiz,content/math/set_theory/quest_02_set_notation_regions/02-012.json,,No,,5,"{   ""engineType"": ""SET_THEORY"",   ""mode"": ""quiz"",   ""subject"": ""MATH"",   ""topic"": ""Complement"",   ""variantTitle"": ""Quest 2-009: Complement Quiz"",   ""sets"": { ""A"": { ""label"": ""A"", ""color"": ""#059669"" }, ""B"": { ""label"": ""B"", ""color"": ""#7c3aed"" } },   ""zones"": { ""left"": [""x""], ""center"": [""y""], ""right"": [""z""], ""outside"": [""w""] },   ""questions"": [     {       ""interaction"": ""CHOICE"",       ""prompt"": ""List the members of <span style='color:#7c3aed'>B'</span> (Complement of B)."",       ""options"": [         ""{x, w}"",         ""{z, w}"",         ""{x}"",         ""{w}""       ],       ""expected"": ""{x, w}"",       ""hint"": ""Cover circle B. List whatever is left (A only + Outside).""     }   ] }",02-012.json,quest_02_set_notation_regions
02-013_Q1,T1,Empty Set,Quest 2-010: Disjoint Quiz,E,Simulation,,1,What is E ∩ O?,∅ (Empty Set),{0},"{1, 2, 3, 4}","{2, 4}",∅ (Empty Set),There are no numbers in the middle. The intersection is empty.,,,[],SET_THEORY,quiz,content/math/set_theory/quest_02_set_notation_regions/02-013.json,,No,,5,"{   ""engineType"": ""SET_THEORY"",   ""mode"": ""quiz"",   ""subject"": ""MATH"",   ""topic"": ""Empty Set"",   ""variantTitle"": ""Quest 2-010: Disjoint Quiz"",   ""sets"": { ""A"": { ""label"": ""E (Even)"", ""color"": ""#0891b2"" }, ""B"": { ""label"": ""O (Odd)"", ""color"": ""#db2777"" } },   ""zones"": { ""left"": [2, 4], ""center"": [], ""right"": [1, 3], ""outside"": [] },   ""questions"": [     {       ""interaction"": ""CHOICE"",       ""prompt"": ""What is <span style='color:#64748b'>E ∩ O</span>?"",       ""options"": [         ""∅ (Empty Set)"",         ""{0}"",         ""{1, 2, 3, 4}"",         ""{2, 4}""       ],       ""expected"": ""∅ (Empty Set)"",       ""hint"": ""There are no numbers in the middle. The intersection is empty.""     }   ] }",02-013.json,quest_02_set_notation_regions
02-014_Q1,T1,Set Relationships,Quest 2-012: Subset Reverse,E,Simulation,,1,What is the relationship shown?,A is a subset of B,B is a subset of A,A and B are disjoint,A = B,B is a subset of A,Set B is completely inside Set A.,,,[],SET_THEORY,quiz,content/math/set_theory/quest_02_set_notation_regions/02-014.json,,No,,5,"{   ""engineType"": ""SET_THEORY"",   ""mode"": ""quiz"",   ""subject"": ""MATH"",   ""topic"": ""Set Relationships"",   ""variantTitle"": ""Quest 2-012: Subset Reverse"",   ""questions"": [     {       ""interaction"": ""CHOICE"",       ""items"": [           { ""val"": ""A"", ""radius"": 90, ""color"": ""#f3e8ff"", ""locked"": true, ""label_dy"": -60 },            { ""val"": ""B"", ""radius"": 45, ""color"": ""#ffffff"", ""locked"": true }        ],       ""prompt"": ""What is the relationship shown?"",       ""options"": [         ""A is a subset of B"",         ""B is a subset of A"",         ""A and B are disjoint"",         ""A = B""       ],       ""expected"": ""B is a subset of A"",       ""hint"": ""Set B is completely inside Set A.""     }   ] }",02-014.json,quest_02_set_notation_regions
02-015_Q1,T1,Disjoint Sets,Quest 2-013: Disjoint,E,Simulation,,1,Describe the relationship.,Intersecting Sets,Disjoint Sets,Subsets,Universal Set,Disjoint Sets,The circles do not touch or overlap.,,,[],SET_THEORY,quiz,content/math/set_theory/quest_02_set_notation_regions/02-015.json,,No,,5,"{   ""engineType"": ""SET_THEORY"",   ""mode"": ""quiz"",   ""subject"": ""MATH"",   ""topic"": ""Disjoint Sets"",   ""variantTitle"": ""Quest 2-013: Disjoint"",   ""questions"": [     {       ""interaction"": ""CHOICE"",       ""items"": [                    { ""val"": ""A"", ""radius"": 50, ""color"": ""#dbeafe"", ""locked"": true },           { ""val"": ""B"", ""radius"": 50, ""color"": ""#ffedd5"", ""locked"": true }       ],       ""prompt"": ""Describe the relationship."",       ""options"": [         ""Intersecting Sets"",         ""Disjoint Sets"",         ""Subsets"",         ""Universal Set""       ],       ""expected"": ""Disjoint Sets"",       ""hint"": ""The circles do not touch or overlap.""     }   ] }",02-015.json,quest_02_set_notation_regions
02-016_Q1,T1,Intersection,Quest 2-014: Intersection,E,Simulation,,1,What relationship is shown?,Intersecting Sets,Disjoint Sets,Equal Sets,Empty Set,Intersecting Sets,They share a common region in the middle.,,,[],SET_THEORY,quiz,content/math/set_theory/quest_02_set_notation_regions/02-016.json,,No,,5,"{   ""engineType"": ""SET_THEORY"",   ""mode"": ""quiz"",   ""subject"": ""MATH"",   ""topic"": ""Intersection"",   ""variantTitle"": ""Quest 2-014: Intersection"",   ""questions"": [     {       ""interaction"": ""CHOICE"",       ""items"": [           { ""val"": ""A"", ""radius"": 70, ""color"": ""rgba(147, 51, 234, 0.2)"", ""locked"": true, ""target"": ""overlap"" },           { ""val"": ""B"", ""radius"": 70, ""color"": ""rgba(219, 39, 119, 0.2)"", ""locked"": true, ""target"": ""overlap"" }       ],       ""prompt"": ""What relationship is shown?"",       ""options"": [         ""Intersecting Sets"",         ""Disjoint Sets"",         ""Equal Sets"",         ""Empty Set""       ],       ""expected"": ""Intersecting Sets"",       ""hint"": ""They share a common region in the middle.""     }   ] }",02-016.json,quest_02_set_notation_regions
02-017_Q1,T1,Equal Sets,Quest 2-015: Equality,E,Simulation,,1,"If Set A and Set B look like this, they are...",Disjoint,Subsets,Equal Sets,Unequal,Equal Sets,They occupy the exact same space.,,,[],SET_THEORY,quiz,content/math/set_theory/quest_02_set_notation_regions/02-017.json,,No,,5,"{   ""engineType"": ""SET_THEORY"",   ""mode"": ""quiz"",   ""subject"": ""MATH"",   ""topic"": ""Equal Sets"",   ""variantTitle"": ""Quest 2-015: Equality"",   ""questions"": [     {       ""interaction"": ""CHOICE"",       ""items"": [           { ""val"": ""A = B"", ""radius"": 70, ""color"": ""#f3e8ff"", ""locked"": true }       ],       ""prompt"": ""If Set A and Set B look like this, they are..."",       ""options"": [         ""Disjoint"",         ""Subsets"",         ""Equal Sets"",         ""Unequal""       ],       ""expected"": ""Equal Sets"",       ""hint"": ""They occupy the exact same space.""     }   ] }",02-017.json,quest_02_set_notation_regions
02-018_Q1,T1,Disjoint Sets,Quest 2-016: Living vs Non-Living,E,Simulation,,1,Sort the objects. Do they overlap?,,,,,,Can something be Living AND Non-Living? No. The middle stays empty.,,,[],SET_THEORY,quiz,content/math/set_theory/quest_02_set_notation_regions/02-018.json,,No,,5,"{   ""engineType"": ""SET_THEORY"",   ""mode"": ""quiz"",   ""subject"": ""MATH"",   ""topic"": ""Disjoint Sets"",   ""variantTitle"": ""Quest 2-016: Living vs Non-Living"",   ""sets"": { ""A"": { ""label"": ""Living"", ""color"": ""#16a34a"" }, ""B"": { ""label"": ""Non-Living"", ""color"": ""#64748b"" } },   ""zones"": { ""left"": [], ""center"": [], ""right"": [], ""outside"": [] },   ""questions"": [     {       ""interaction"": ""DRAG_SORT"",       ""prompt"": ""Sort the objects. Do they overlap?"",       ""hint"": ""Can something be Living AND Non-Living? No. The middle stays empty."",       ""items"": [         { ""val"": ""🌲"", ""target"": ""left"" },           { ""val"": ""🪨"", ""target"": ""right"" },          { ""val"": ""🐈"", ""target"": ""left"" },           { ""val"": ""🚗"", ""target"": ""right"" },          { ""val"": ""🍄"", ""target"": ""left"" }          ]     },     {       ""retain_visuals"": true,       ""interaction"": ""BINARY"",       ""expected"": ""yes"",       ""prompt"": ""Is the Intersection (Middle) an <b>Empty Set</b>?"",       ""hint"": ""Yes, because no item belongs to both groups.""     }   ] }",02-018.json,quest_02_set_notation_regions
02-018_Q2,T1,Disjoint Sets,Quest 2-016: Living vs Non-Living,E,Simulation,,2,Is the Intersection (Middle) an Empty Set?,,,,,yes,"Yes, because no item belongs to both groups.",,,[],SET_THEORY,quiz,content/math/set_theory/quest_02_set_notation_regions/02-018.json,,No,,5,"{   ""engineType"": ""SET_THEORY"",   ""mode"": ""quiz"",   ""subject"": ""MATH"",   ""topic"": ""Disjoint Sets"",   ""variantTitle"": ""Quest 2-016: Living vs Non-Living"",   ""sets"": { ""A"": { ""label"": ""Living"", ""color"": ""#16a34a"" }, ""B"": { ""label"": ""Non-Living"", ""color"": ""#64748b"" } },   ""zones"": { ""left"": [], ""center"": [], ""right"": [], ""outside"": [] },   ""questions"": [     {       ""interaction"": ""DRAG_SORT"",       ""prompt"": ""Sort the objects. Do they overlap?"",       ""hint"": ""Can something be Living AND Non-Living? No. The middle stays empty."",       ""items"": [         { ""val"": ""🌲"", ""target"": ""left"" },           { ""val"": ""🪨"", ""target"": ""right"" },          { ""val"": ""🐈"", ""target"": ""left"" },           { ""val"": ""🚗"", ""target"": ""right"" },          { ""val"": ""🍄"", ""target"": ""left"" }          ]     },     {       ""retain_visuals"": true,       ""interaction"": ""BINARY"",       ""expected"": ""yes"",       ""prompt"": ""Is the Intersection (Middle) an <b>Empty Set</b>?"",       ""hint"": ""Yes, because no item belongs to both groups.""     }   ] }",02-018.json,quest_02_set_notation_regions
02-019_Q1,T1,Set Notation,Quest 2-017: Notation Quiz,E,Simulation,,1,Which symbol represents the shaded region?,A',B',A ∩ B,A ∪ B,A',The shaded area is everything NOT in circle A.,,,[],SET_THEORY,quiz,content/math/set_theory/quest_02_set_notation_regions/02-019.json,,No,,5,"{   ""engineType"": ""SET_THEORY"",   ""mode"": ""quiz"",   ""subject"": ""MATH"",   ""topic"": ""Set Notation"",   ""variantTitle"": ""Quest 2-017: Notation Quiz"",   ""sets"": { ""A"": { ""label"": ""A"", ""color"": ""#9333ea"" }, ""B"": { ""label"": ""B"", ""color"": ""#db2777"" } },   ""zones"": { ""left"": [], ""center"": [], ""right"": [], ""outside"": [] },   ""questions"": [     {       ""type"": ""REGION_ID_QUIZ"",       ""targetRegion"": ""complement_left"",        ""interaction"": ""CHOICE"",       ""prompt"": ""Which symbol represents the <b>shaded region</b>?"",       ""options"": [         ""A'"",          ""B'"",          ""A ∩ B"",          ""A ∪ B""       ],       ""expected"": ""A'"",       ""hint"": ""The shaded area is everything NOT in circle A.""     }   ] }",02-019.json,quest_02_set_notation_regions
02-020_Q1,T1,Subset Notation,Quest 2-018: Symbols,E,Simulation,,1,Which statement matches the diagram?,P ⊂ Q,Q ⊂ P,P ∩ Q = ∅,P = Q,P ⊂ Q,P is inside Q. This means P is a 'Subset' of Q.,,,[],SET_THEORY,quiz,content/math/set_theory/quest_02_set_notation_regions/02-020.json,,No,,5,"{   ""engineType"": ""SET_THEORY"",   ""mode"": ""quiz"",   ""subject"": ""MATH"",   ""topic"": ""Subset Notation"",   ""variantTitle"": ""Quest 2-018: Symbols"",   ""questions"": [     {       ""interaction"": ""CHOICE"",       ""items"": [           { ""val"": ""Q"", ""radius"": 90, ""color"": ""#f3e8ff"", ""locked"": true, ""label_dy"": -60 },            { ""val"": ""P"", ""radius"": 45, ""color"": ""#ffffff"", ""locked"": true }       ],       ""prompt"": ""Which statement matches the diagram?"",       ""options"": [         ""P ⊂ Q"",         ""Q ⊂ P"",         ""P ∩ Q = ∅"",         ""P = Q""       ],       ""expected"": ""P ⊂ Q"",       ""hint"": ""P is inside Q. This means P is a 'Subset' of Q.""     }   ] }",02-020.json,quest_02_set_notation_regions
study_operations_1_S1,T1,Set Operations,Universal Set & Operations,E,Read,,1,"1. The Universal Set (ξ): Imagine a big box that contains everything we are talking about. This is the Universal Set, marked with the symbol ξ.Here, ξ = {1, 2, 3, 4, 5, 6, 7, 8}",,,,,,,,,[],MATH_STUDY,study,content/math/set_theory/quest_02_set_notation_regions/study_operations_1.json,,No,,0,"{   ""engineType"": ""MATH_STUDY"",   ""mode"": ""study"",   ""topic"": ""Set Operations"",   ""variantTitle"": ""Universal Set & Operations"",   ""slides"": [     {       ""title"": ""1. The Universal Set (ξ)"",       ""text"": ""Imagine a big box that contains <b>everything</b> we are talking about. This is the <b>Universal Set</b>, marked with the symbol <span class='sym'>ξ</span>.<br><br>Here, ξ = {1, 2, 3, 4, 5, 6, 7, 8}"",       ""visualType"": ""VENN_DIAGRAM"",       ""labels"": [""A"", ""B""],       ""elements"": { ""left"": ""1,2"", ""center"": ""3,4"", ""right"": ""5,6"", ""outside"": ""7,8"" },       ""highlight"": [""left"", ""center"", ""right"", ""outside""]     },     {       ""title"": ""2. Intersection (∩)"",       ""text"": ""The <b>Intersection</b> is where the two circles overlap. These are numbers that are in Set A <b>AND</b> Set B.<br><br><span class='sym'>A ∩ B</span> = { 3, 4 }"",       ""visualType"": ""VENN_DIAGRAM"",       ""labels"": [""A"", ""B""],       ""elements"": { ""left"": ""1,2"", ""center"": ""3,4"", ""right"": ""5,6"", ""outside"": ""7,8"" },       ""highlight"": [""center""]     },     {       ""title"": ""3. Union (∪)"",       ""text"": ""The <b>Union</b> brings everyone together! It includes Set A, Set B, and the middle.<br><br>It is the marriage of the two sets.<br><span class='sym'>A ∪ B</span> = { 1, 2, 3, 4, 5, 6 }"",       ""visualType"": ""VENN_DIAGRAM"",       ""labels"": [""A"", ""B""],       ""elements"": { ""left"": ""1,2"", ""center"": ""3,4"", ""right"": ""5,6"", ""outside"": ""7,8"" },       ""highlight"": [""left"", ""center"", ""right""]     },     {       ""title"": ""4. Difference (A - B)"",       ""text"": ""Set Difference means <b>'A Only'</b>. We start with Set A, but we remove anything that touches B.<br><br><span class='sym'>A - B</span> = { 1, 2 }<br><i>(Notice 3 and 4 are gone because they are in B)</i>"",       ""visualType"": ""VENN_DIAGRAM"",       ""labels"": [""A"", ""B""],       ""elements"": { ""left"": ""1,2"", ""center"": ""3,4"", ""right"": ""5,6"", ""outside"": ""7,8"" },       ""highlight"": [""left""]     },     {       ""title"": ""5. Complement of A (A')"",       ""text"": ""<b>Complement</b> means 'Everything outside of A'. Cover circle A with your hand. What is left in the Universal box?<br><br><span class='sym'>A'</span> = { 5, 6, 7, 8 }"",       ""visualType"": ""VENN_DIAGRAM"",       ""labels"": [""A"", ""B""],       ""elements"": { ""left"": ""1,2"", ""center"": ""3,4"", ""right"": ""5,6"", ""outside"": ""7,8"" },       ""highlight"": [""right"", ""outside""]     }   ] }",study_operations_1.json,quest_02_set_notation_regions
study_operations_1_S2,T1,Set Operations,Universal Set & Operations,E,Read,,2,"2. Intersection (∩): The Intersection is where the two circles overlap. These are numbers that are in Set A AND Set B.A ∩ B = { 3, 4 }",,,,,,,,,[],MATH_STUDY,study,content/math/set_theory/quest_02_set_notation_regions/study_operations_1.json,,No,,0,"{   ""engineType"": ""MATH_STUDY"",   ""mode"": ""study"",   ""topic"": ""Set Operations"",   ""variantTitle"": ""Universal Set & Operations"",   ""slides"": [     {       ""title"": ""1. The Universal Set (ξ)"",       ""text"": ""Imagine a big box that contains <b>everything</b> we are talking about. This is the <b>Universal Set</b>, marked with the symbol <span class='sym'>ξ</span>.<br><br>Here, ξ = {1, 2, 3, 4, 5, 6, 7, 8}"",       ""visualType"": ""VENN_DIAGRAM"",       ""labels"": [""A"", ""B""],       ""elements"": { ""left"": ""1,2"", ""center"": ""3,4"", ""right"": ""5,6"", ""outside"": ""7,8"" },       ""highlight"": [""left"", ""center"", ""right"", ""outside""]     },     {       ""title"": ""2. Intersection (∩)"",       ""text"": ""The <b>Intersection</b> is where the two circles overlap. These are numbers that are in Set A <b>AND</b> Set B.<br><br><span class='sym'>A ∩ B</span> = { 3, 4 }"",       ""visualType"": ""VENN_DIAGRAM"",       ""labels"": [""A"", ""B""],       ""elements"": { ""left"": ""1,2"", ""center"": ""3,4"", ""right"": ""5,6"", ""outside"": ""7,8"" },       ""highlight"": [""center""]     },     {       ""title"": ""3. Union (∪)"",       ""text"": ""The <b>Union</b> brings everyone together! It includes Set A, Set B, and the middle.<br><br>It is the marriage of the two sets.<br><span class='sym'>A ∪ B</span> = { 1, 2, 3, 4, 5, 6 }"",       ""visualType"": ""VENN_DIAGRAM"",       ""labels"": [""A"", ""B""],       ""elements"": { ""left"": ""1,2"", ""center"": ""3,4"", ""right"": ""5,6"", ""outside"": ""7,8"" },       ""highlight"": [""left"", ""center"", ""right""]     },     {       ""title"": ""4. Difference (A - B)"",       ""text"": ""Set Difference means <b>'A Only'</b>. We start with Set A, but we remove anything that touches B.<br><br><span class='sym'>A - B</span> = { 1, 2 }<br><i>(Notice 3 and 4 are gone because they are in B)</i>"",       ""visualType"": ""VENN_DIAGRAM"",       ""labels"": [""A"", ""B""],       ""elements"": { ""left"": ""1,2"", ""center"": ""3,4"", ""right"": ""5,6"", ""outside"": ""7,8"" },       ""highlight"": [""left""]     },     {       ""title"": ""5. Complement of A (A')"",       ""text"": ""<b>Complement</b> means 'Everything outside of A'. Cover circle A with your hand. What is left in the Universal box?<br><br><span class='sym'>A'</span> = { 5, 6, 7, 8 }"",       ""visualType"": ""VENN_DIAGRAM"",       ""labels"": [""A"", ""B""],       ""elements"": { ""left"": ""1,2"", ""center"": ""3,4"", ""right"": ""5,6"", ""outside"": ""7,8"" },       ""highlight"": [""right"", ""outside""]     }   ] }",study_operations_1.json,quest_02_set_notation_regions
study_operations_1_S3,T1,Set Operations,Universal Set & Operations,E,Read,,3,"3. Union (∪): The Union brings everyone together! It includes Set A, Set B, and the middle.It is the marriage of the two sets.A ∪ B = { 1, 2, 3, 4, 5, 6 }",,,,,,,,,[],MATH_STUDY,study,content/math/set_theory/quest_02_set_notation_regions/study_operations_1.json,,No,,0,"{   ""engineType"": ""MATH_STUDY"",   ""mode"": ""study"",   ""topic"": ""Set Operations"",   ""variantTitle"": ""Universal Set & Operations"",   ""slides"": [     {       ""title"": ""1. The Universal Set (ξ)"",       ""text"": ""Imagine a big box that contains <b>everything</b> we are talking about. This is the <b>Universal Set</b>, marked with the symbol <span class='sym'>ξ</span>.<br><br>Here, ξ = {1, 2, 3, 4, 5, 6, 7, 8}"",       ""visualType"": ""VENN_DIAGRAM"",       ""labels"": [""A"", ""B""],       ""elements"": { ""left"": ""1,2"", ""center"": ""3,4"", ""right"": ""5,6"", ""outside"": ""7,8"" },       ""highlight"": [""left"", ""center"", ""right"", ""outside""]     },     {       ""title"": ""2. Intersection (∩)"",       ""text"": ""The <b>Intersection</b> is where the two circles overlap. These are numbers that are in Set A <b>AND</b> Set B.<br><br><span class='sym'>A ∩ B</span> = { 3, 4 }"",       ""visualType"": ""VENN_DIAGRAM"",       ""labels"": [""A"", ""B""],       ""elements"": { ""left"": ""1,2"", ""center"": ""3,4"", ""right"": ""5,6"", ""outside"": ""7,8"" },       ""highlight"": [""center""]     },     {       ""title"": ""3. Union (∪)"",       ""text"": ""The <b>Union</b> brings everyone together! It includes Set A, Set B, and the middle.<br><br>It is the marriage of the two sets.<br><span class='sym'>A ∪ B</span> = { 1, 2, 3, 4, 5, 6 }"",       ""visualType"": ""VENN_DIAGRAM"",       ""labels"": [""A"", ""B""],       ""elements"": { ""left"": ""1,2"", ""center"": ""3,4"", ""right"": ""5,6"", ""outside"": ""7,8"" },       ""highlight"": [""left"", ""center"", ""right""]     },     {       ""title"": ""4. Difference (A - B)"",       ""text"": ""Set Difference means <b>'A Only'</b>. We start with Set A, but we remove anything that touches B.<br><br><span class='sym'>A - B</span> = { 1, 2 }<br><i>(Notice 3 and 4 are gone because they are in B)</i>"",       ""visualType"": ""VENN_DIAGRAM"",       ""labels"": [""A"", ""B""],       ""elements"": { ""left"": ""1,2"", ""center"": ""3,4"", ""right"": ""5,6"", ""outside"": ""7,8"" },       ""highlight"": [""left""]     },     {       ""title"": ""5. Complement of A (A')"",       ""text"": ""<b>Complement</b> means 'Everything outside of A'. Cover circle A with your hand. What is left in the Universal box?<br><br><span class='sym'>A'</span> = { 5, 6, 7, 8 }"",       ""visualType"": ""VENN_DIAGRAM"",       ""labels"": [""A"", ""B""],       ""elements"": { ""left"": ""1,2"", ""center"": ""3,4"", ""right"": ""5,6"", ""outside"": ""7,8"" },       ""highlight"": [""right"", ""outside""]     }   ] }",study_operations_1.json,quest_02_set_notation_regions
study_operations_1_S4,T1,Set Operations,Universal Set & Operations,E,Read,,4,"4. Difference (A - B): Set Difference means 'A Only'. We start with Set A, but we remove anything that touches B.A - B = { 1, 2 }(Notice 3 and 4 are gone because they are in B)",,,,,,,,,[],MATH_STUDY,study,content/math/set_theory/quest_02_set_notation_regions/study_operations_1.json,,No,,0,"{   ""engineType"": ""MATH_STUDY"",   ""mode"": ""study"",   ""topic"": ""Set Operations"",   ""variantTitle"": ""Universal Set & Operations"",   ""slides"": [     {       ""title"": ""1. The Universal Set (ξ)"",       ""text"": ""Imagine a big box that contains <b>everything</b> we are talking about. This is the <b>Universal Set</b>, marked with the symbol <span class='sym'>ξ</span>.<br><br>Here, ξ = {1, 2, 3, 4, 5, 6, 7, 8}"",       ""visualType"": ""VENN_DIAGRAM"",       ""labels"": [""A"", ""B""],       ""elements"": { ""left"": ""1,2"", ""center"": ""3,4"", ""right"": ""5,6"", ""outside"": ""7,8"" },       ""highlight"": [""left"", ""center"", ""right"", ""outside""]     },     {       ""title"": ""2. Intersection (∩)"",       ""text"": ""The <b>Intersection</b> is where the two circles overlap. These are numbers that are in Set A <b>AND</b> Set B.<br><br><span class='sym'>A ∩ B</span> = { 3, 4 }"",       ""visualType"": ""VENN_DIAGRAM"",       ""labels"": [""A"", ""B""],       ""elements"": { ""left"": ""1,2"", ""center"": ""3,4"", ""right"": ""5,6"", ""outside"": ""7,8"" },       ""highlight"": [""center""]     },     {       ""title"": ""3. Union (∪)"",       ""text"": ""The <b>Union</b> brings everyone together! It includes Set A, Set B, and the middle.<br><br>It is the marriage of the two sets.<br><span class='sym'>A ∪ B</span> = { 1, 2, 3, 4, 5, 6 }"",       ""visualType"": ""VENN_DIAGRAM"",       ""labels"": [""A"", ""B""],       ""elements"": { ""left"": ""1,2"", ""center"": ""3,4"", ""right"": ""5,6"", ""outside"": ""7,8"" },       ""highlight"": [""left"", ""center"", ""right""]     },     {       ""title"": ""4. Difference (A - B)"",       ""text"": ""Set Difference means <b>'A Only'</b>. We start with Set A, but we remove anything that touches B.<br><br><span class='sym'>A - B</span> = { 1, 2 }<br><i>(Notice 3 and 4 are gone because they are in B)</i>"",       ""visualType"": ""VENN_DIAGRAM"",       ""labels"": [""A"", ""B""],       ""elements"": { ""left"": ""1,2"", ""center"": ""3,4"", ""right"": ""5,6"", ""outside"": ""7,8"" },       ""highlight"": [""left""]     },     {       ""title"": ""5. Complement of A (A')"",       ""text"": ""<b>Complement</b> means 'Everything outside of A'. Cover circle A with your hand. What is left in the Universal box?<br><br><span class='sym'>A'</span> = { 5, 6, 7, 8 }"",       ""visualType"": ""VENN_DIAGRAM"",       ""labels"": [""A"", ""B""],       ""elements"": { ""left"": ""1,2"", ""center"": ""3,4"", ""right"": ""5,6"", ""outside"": ""7,8"" },       ""highlight"": [""right"", ""outside""]     }   ] }",study_operations_1.json,quest_02_set_notation_regions
study_operations_1_S5,T1,Set Operations,Universal Set & Operations,E,Read,,5,"5. Complement of A (A'): Complement means 'Everything outside of A'. Cover circle A with your hand. What is left in the Universal box?A' = { 5, 6, 7, 8 }",,,,,,,,,[],MATH_STUDY,study,content/math/set_theory/quest_02_set_notation_regions/study_operations_1.json,,No,,0,"{   ""engineType"": ""MATH_STUDY"",   ""mode"": ""study"",   ""topic"": ""Set Operations"",   ""variantTitle"": ""Universal Set & Operations"",   ""slides"": [     {       ""title"": ""1. The Universal Set (ξ)"",       ""text"": ""Imagine a big box that contains <b>everything</b> we are talking about. This is the <b>Universal Set</b>, marked with the symbol <span class='sym'>ξ</span>.<br><br>Here, ξ = {1, 2, 3, 4, 5, 6, 7, 8}"",       ""visualType"": ""VENN_DIAGRAM"",       ""labels"": [""A"", ""B""],       ""elements"": { ""left"": ""1,2"", ""center"": ""3,4"", ""right"": ""5,6"", ""outside"": ""7,8"" },       ""highlight"": [""left"", ""center"", ""right"", ""outside""]     },     {       ""title"": ""2. Intersection (∩)"",       ""text"": ""The <b>Intersection</b> is where the two circles overlap. These are numbers that are in Set A <b>AND</b> Set B.<br><br><span class='sym'>A ∩ B</span> = { 3, 4 }"",       ""visualType"": ""VENN_DIAGRAM"",       ""labels"": [""A"", ""B""],       ""elements"": { ""left"": ""1,2"", ""center"": ""3,4"", ""right"": ""5,6"", ""outside"": ""7,8"" },       ""highlight"": [""center""]     },     {       ""title"": ""3. Union (∪)"",       ""text"": ""The <b>Union</b> brings everyone together! It includes Set A, Set B, and the middle.<br><br>It is the marriage of the two sets.<br><span class='sym'>A ∪ B</span> = { 1, 2, 3, 4, 5, 6 }"",       ""visualType"": ""VENN_DIAGRAM"",       ""labels"": [""A"", ""B""],       ""elements"": { ""left"": ""1,2"", ""center"": ""3,4"", ""right"": ""5,6"", ""outside"": ""7,8"" },       ""highlight"": [""left"", ""center"", ""right""]     },     {       ""title"": ""4. Difference (A - B)"",       ""text"": ""Set Difference means <b>'A Only'</b>. We start with Set A, but we remove anything that touches B.<br><br><span class='sym'>A - B</span> = { 1, 2 }<br><i>(Notice 3 and 4 are gone because they are in B)</i>"",       ""visualType"": ""VENN_DIAGRAM"",       ""labels"": [""A"", ""B""],       ""elements"": { ""left"": ""1,2"", ""center"": ""3,4"", ""right"": ""5,6"", ""outside"": ""7,8"" },       ""highlight"": [""left""]     },     {       ""title"": ""5. Complement of A (A')"",       ""text"": ""<b>Complement</b> means 'Everything outside of A'. Cover circle A with your hand. What is left in the Universal box?<br><br><span class='sym'>A'</span> = { 5, 6, 7, 8 }"",       ""visualType"": ""VENN_DIAGRAM"",       ""labels"": [""A"", ""B""],       ""elements"": { ""left"": ""1,2"", ""center"": ""3,4"", ""right"": ""5,6"", ""outside"": ""7,8"" },       ""highlight"": [""right"", ""outside""]     }   ] }",study_operations_1.json,quest_02_set_notation_regions
study_relation_S1,T1,Set Relationships,Comparing Sets,E,Read,,1,Comparing Sets: We can compare Sets to see how they relate. Are they the same? Do they share members?,,,,,,,,,[],MATH_STUDY,study,content/math/set_theory/quest_02_set_notation_regions/study_relation.json,,No,,0,"{   ""engineType"": ""MATH_STUDY"",   ""mode"": ""study"",   ""topic"": ""Set Relationships"",   ""variantTitle"": ""Comparing Sets"",   ""slides"": [     {       ""title"": ""Comparing Sets"",       ""text"": ""We can compare Sets to see how they relate. Are they the same? Do they share members?"",       ""visualType"": ""VENN_DIAGRAM"",       ""labels"": [""X"", ""Y""]     },     {       ""title"": ""1. Equal Sets (=)"",       ""text"": ""Sets are <b>Equal</b> if they have exactly the <b>same members</b>.<br><br>A = {1, 2, 3}<br>B = {3, 1, 2}<br><br>Even if the order is different, they are the same set!"",       ""visualType"": ""EQUAL_SETS"",       ""labels"": [""A"", ""B""],       ""items"": ""1, 2, 3""     },     {       ""title"": ""2. Equivalent Sets (↔)"",       ""text"": ""Sets are <b>Equivalent</b> if they have the <b>same number</b> of members (same cardinality).<br><br>n(A) = 3 and n(B) = 3.<br>They don't need to have the same items."",       ""visualType"": ""MAPPING_DIAGRAM"",       ""itemsA"": [1, 2, 3],       ""itemsB"": [""a"", ""b"", ""c""]     },     {       ""title"": ""3. Disjoint Sets"",       ""text"": ""<b>Disjoint Sets</b> have <b>nothing</b> in common. Their intersection is empty (Ø).<br><br>Example: Cats and Dogs. No animal is both!"",       ""visualType"": ""DISJOINT_SETS"",       ""labels"": [""Cats"", ""Dogs""]     },     {       ""title"": ""Review"",       ""text"": ""<ul><li><b>Equal:</b> Same members inside.</li><li><b>Equivalent:</b> Same amount (count).</li><li><b>Disjoint:</b> No overlap.</li></ul>"",       ""visualType"": ""MAPPING_DIAGRAM"",       ""itemsA"": [""Dog"", ""Cat""],       ""itemsB"": [""Tree"", ""Flower""]     }   ] }",study_relation.json,quest_02_set_notation_regions
study_relation_S2,T1,Set Relationships,Comparing Sets,E,Read,,2,"1. Equal Sets (=): Sets are Equal if they have exactly the same members.A = {1, 2, 3}B = {3, 1, 2}Even if the order is different, they are the same set!",,,,,,,,,[],MATH_STUDY,study,content/math/set_theory/quest_02_set_notation_regions/study_relation.json,,No,,0,"{   ""engineType"": ""MATH_STUDY"",   ""mode"": ""study"",   ""topic"": ""Set Relationships"",   ""variantTitle"": ""Comparing Sets"",   ""slides"": [     {       ""title"": ""Comparing Sets"",       ""text"": ""We can compare Sets to see how they relate. Are they the same? Do they share members?"",       ""visualType"": ""VENN_DIAGRAM"",       ""labels"": [""X"", ""Y""]     },     {       ""title"": ""1. Equal Sets (=)"",       ""text"": ""Sets are <b>Equal</b> if they have exactly the <b>same members</b>.<br><br>A = {1, 2, 3}<br>B = {3, 1, 2}<br><br>Even if the order is different, they are the same set!"",       ""visualType"": ""EQUAL_SETS"",       ""labels"": [""A"", ""B""],       ""items"": ""1, 2, 3""     },     {       ""title"": ""2. Equivalent Sets (↔)"",       ""text"": ""Sets are <b>Equivalent</b> if they have the <b>same number</b> of members (same cardinality).<br><br>n(A) = 3 and n(B) = 3.<br>They don't need to have the same items."",       ""visualType"": ""MAPPING_DIAGRAM"",       ""itemsA"": [1, 2, 3],       ""itemsB"": [""a"", ""b"", ""c""]     },     {       ""title"": ""3. Disjoint Sets"",       ""text"": ""<b>Disjoint Sets</b> have <b>nothing</b> in common. Their intersection is empty (Ø).<br><br>Example: Cats and Dogs. No animal is both!"",       ""visualType"": ""DISJOINT_SETS"",       ""labels"": [""Cats"", ""Dogs""]     },     {       ""title"": ""Review"",       ""text"": ""<ul><li><b>Equal:</b> Same members inside.</li><li><b>Equivalent:</b> Same amount (count).</li><li><b>Disjoint:</b> No overlap.</li></ul>"",       ""visualType"": ""MAPPING_DIAGRAM"",       ""itemsA"": [""Dog"", ""Cat""],       ""itemsB"": [""Tree"", ""Flower""]     }   ] }",study_relation.json,quest_02_set_notation_regions
study_relation_S3,T1,Set Relationships,Comparing Sets,E,Read,,3,2. Equivalent Sets (↔): Sets are Equivalent if they have the same number of members (same cardinality).n(A) = 3 and n(B) = 3.They don't need to have the same items.,,,,,,,,,[],MATH_STUDY,study,content/math/set_theory/quest_02_set_notation_regions/study_relation.json,,No,,0,"{   ""engineType"": ""MATH_STUDY"",   ""mode"": ""study"",   ""topic"": ""Set Relationships"",   ""variantTitle"": ""Comparing Sets"",   ""slides"": [     {       ""title"": ""Comparing Sets"",       ""text"": ""We can compare Sets to see how they relate. Are they the same? Do they share members?"",       ""visualType"": ""VENN_DIAGRAM"",       ""labels"": [""X"", ""Y""]     },     {       ""title"": ""1. Equal Sets (=)"",       ""text"": ""Sets are <b>Equal</b> if they have exactly the <b>same members</b>.<br><br>A = {1, 2, 3}<br>B = {3, 1, 2}<br><br>Even if the order is different, they are the same set!"",       ""visualType"": ""EQUAL_SETS"",       ""labels"": [""A"", ""B""],       ""items"": ""1, 2, 3""     },     {       ""title"": ""2. Equivalent Sets (↔)"",       ""text"": ""Sets are <b>Equivalent</b> if they have the <b>same number</b> of members (same cardinality).<br><br>n(A) = 3 and n(B) = 3.<br>They don't need to have the same items."",       ""visualType"": ""MAPPING_DIAGRAM"",       ""itemsA"": [1, 2, 3],       ""itemsB"": [""a"", ""b"", ""c""]     },     {       ""title"": ""3. Disjoint Sets"",       ""text"": ""<b>Disjoint Sets</b> have <b>nothing</b> in common. Their intersection is empty (Ø).<br><br>Example: Cats and Dogs. No animal is both!"",       ""visualType"": ""DISJOINT_SETS"",       ""labels"": [""Cats"", ""Dogs""]     },     {       ""title"": ""Review"",       ""text"": ""<ul><li><b>Equal:</b> Same members inside.</li><li><b>Equivalent:</b> Same amount (count).</li><li><b>Disjoint:</b> No overlap.</li></ul>"",       ""visualType"": ""MAPPING_DIAGRAM"",       ""itemsA"": [""Dog"", ""Cat""],       ""itemsB"": [""Tree"", ""Flower""]     }   ] }",study_relation.json,quest_02_set_notation_regions
study_relation_S4,T1,Set Relationships,Comparing Sets,E,Read,,4,3. Disjoint Sets: Disjoint Sets have nothing in common. Their intersection is empty (Ø).Example: Cats and Dogs. No animal is both!,,,,,,,,,[],MATH_STUDY,study,content/math/set_theory/quest_02_set_notation_regions/study_relation.json,,No,,0,"{   ""engineType"": ""MATH_STUDY"",   ""mode"": ""study"",   ""topic"": ""Set Relationships"",   ""variantTitle"": ""Comparing Sets"",   ""slides"": [     {       ""title"": ""Comparing Sets"",       ""text"": ""We can compare Sets to see how they relate. Are they the same? Do they share members?"",       ""visualType"": ""VENN_DIAGRAM"",       ""labels"": [""X"", ""Y""]     },     {       ""title"": ""1. Equal Sets (=)"",       ""text"": ""Sets are <b>Equal</b> if they have exactly the <b>same members</b>.<br><br>A = {1, 2, 3}<br>B = {3, 1, 2}<br><br>Even if the order is different, they are the same set!"",       ""visualType"": ""EQUAL_SETS"",       ""labels"": [""A"", ""B""],       ""items"": ""1, 2, 3""     },     {       ""title"": ""2. Equivalent Sets (↔)"",       ""text"": ""Sets are <b>Equivalent</b> if they have the <b>same number</b> of members (same cardinality).<br><br>n(A) = 3 and n(B) = 3.<br>They don't need to have the same items."",       ""visualType"": ""MAPPING_DIAGRAM"",       ""itemsA"": [1, 2, 3],       ""itemsB"": [""a"", ""b"", ""c""]     },     {       ""title"": ""3. Disjoint Sets"",       ""text"": ""<b>Disjoint Sets</b> have <b>nothing</b> in common. Their intersection is empty (Ø).<br><br>Example: Cats and Dogs. No animal is both!"",       ""visualType"": ""DISJOINT_SETS"",       ""labels"": [""Cats"", ""Dogs""]     },     {       ""title"": ""Review"",       ""text"": ""<ul><li><b>Equal:</b> Same members inside.</li><li><b>Equivalent:</b> Same amount (count).</li><li><b>Disjoint:</b> No overlap.</li></ul>"",       ""visualType"": ""MAPPING_DIAGRAM"",       ""itemsA"": [""Dog"", ""Cat""],       ""itemsB"": [""Tree"", ""Flower""]     }   ] }",study_relation.json,quest_02_set_notation_regions
study_relation_S5,T1,Set Relationships,Comparing Sets,E,Read,,5,Review: Equal: Same members inside.Equivalent: Same amount (count).Disjoint: No overlap.,,,,,,,,,[],MATH_STUDY,study,content/math/set_theory/quest_02_set_notation_regions/study_relation.json,,No,,0,"{   ""engineType"": ""MATH_STUDY"",   ""mode"": ""study"",   ""topic"": ""Set Relationships"",   ""variantTitle"": ""Comparing Sets"",   ""slides"": [     {       ""title"": ""Comparing Sets"",       ""text"": ""We can compare Sets to see how they relate. Are they the same? Do they share members?"",       ""visualType"": ""VENN_DIAGRAM"",       ""labels"": [""X"", ""Y""]     },     {       ""title"": ""1. Equal Sets (=)"",       ""text"": ""Sets are <b>Equal</b> if they have exactly the <b>same members</b>.<br><br>A = {1, 2, 3}<br>B = {3, 1, 2}<br><br>Even if the order is different, they are the same set!"",       ""visualType"": ""EQUAL_SETS"",       ""labels"": [""A"", ""B""],       ""items"": ""1, 2, 3""     },     {       ""title"": ""2. Equivalent Sets (↔)"",       ""text"": ""Sets are <b>Equivalent</b> if they have the <b>same number</b> of members (same cardinality).<br><br>n(A) = 3 and n(B) = 3.<br>They don't need to have the same items."",       ""visualType"": ""MAPPING_DIAGRAM"",       ""itemsA"": [1, 2, 3],       ""itemsB"": [""a"", ""b"", ""c""]     },     {       ""title"": ""3. Disjoint Sets"",       ""text"": ""<b>Disjoint Sets</b> have <b>nothing</b> in common. Their intersection is empty (Ø).<br><br>Example: Cats and Dogs. No animal is both!"",       ""visualType"": ""DISJOINT_SETS"",       ""labels"": [""Cats"", ""Dogs""]     },     {       ""title"": ""Review"",       ""text"": ""<ul><li><b>Equal:</b> Same members inside.</li><li><b>Equivalent:</b> Same amount (count).</li><li><b>Disjoint:</b> No overlap.</li></ul>"",       ""visualType"": ""MAPPING_DIAGRAM"",       ""itemsA"": [""Dog"", ""Cat""],       ""itemsB"": [""Tree"", ""Flower""]     }   ] }",study_relation.json,quest_02_set_notation_regions
study_relations_S1,T1,Sets & Regions,Understanding Sets,E,Read,,1,"What is a Set?: A set is simply a collection of well-defined objects. In Uganda, we often use sets to group things like fruits, numbers, or even countries!",,,,,,,,,[],MATH_STUDY,study,content/math/set_theory/quest_02_set_notation_regions/study_relations.json,,No,,0,"{   ""engineType"": ""MATH_STUDY"",   ""mode"": ""study"",   ""topic"": ""Sets & Regions"",   ""variantTitle"": ""Understanding Sets"",   ""slides"": [     {       ""title"": ""What is a Set?"",       ""text"": ""A set is simply a collection of well-defined objects. In Uganda, we often use sets to group things like fruits, numbers, or even countries!"",       ""visual"": {         ""type"": ""VENN_2_SET"",         ""labels"": [""Fruits"", ""Veg""],         ""elements"": { ""left"": ""Mango"", ""right"": ""Kale"", ""center"": """" },         ""highlight"": [""left"", ""right""]       }     },     {       ""title"": ""Intersection (∩)"",       ""text"": ""The <strong>Intersection</strong> is the region where two sets overlap. It contains items that belong to BOTH groups."",       ""visual"": {         ""type"": ""VENN_2_SET"",         ""labels"": [""Set A"", ""Set B""],         ""elements"": { ""left"": ""1, 2"", ""right"": ""5, 6"", ""center"": ""3, 4"" },         ""highlight"": [""intersection""]       }     },     {       ""title"": ""Union (∪)"",       ""text"": ""The <strong>Union</strong> combines everything! It includes all elements in Set A, Set B, and the intersection."",       ""visual"": {         ""type"": ""VENN_2_SET"",         ""labels"": [""Set A"", ""Set B""],         ""elements"": { ""left"": ""1, 2"", ""right"": ""5, 6"", ""center"": ""3, 4"" },         ""highlight"": [""union""]       }     },     {       ""title"": ""Difference of Sets"",       ""text"": ""If we say <strong>'A only'</strong> or <strong>(A - B)</strong>, we want elements that are strictly inside A and NOT in B."",       ""visual"": {         ""type"": ""VENN_2_SET"",         ""labels"": [""A"", ""B""],         ""elements"": { ""left"": ""✔"", ""right"": ""✘"", ""center"": ""✘"" },         ""highlight"": [""left""]       }     }   ] }",study_relations.json,quest_02_set_notation_regions
study_relations_S2,T1,Sets & Regions,Understanding Sets,E,Read,,2,Intersection (∩): The Intersection is the region where two sets overlap. It contains items that belong to BOTH groups.,,,,,,,,,[],MATH_STUDY,study,content/math/set_theory/quest_02_set_notation_regions/study_relations.json,,No,,0,"{   ""engineType"": ""MATH_STUDY"",   ""mode"": ""study"",   ""topic"": ""Sets & Regions"",   ""variantTitle"": ""Understanding Sets"",   ""slides"": [     {       ""title"": ""What is a Set?"",       ""text"": ""A set is simply a collection of well-defined objects. In Uganda, we often use sets to group things like fruits, numbers, or even countries!"",       ""visual"": {         ""type"": ""VENN_2_SET"",         ""labels"": [""Fruits"", ""Veg""],         ""elements"": { ""left"": ""Mango"", ""right"": ""Kale"", ""center"": """" },         ""highlight"": [""left"", ""right""]       }     },     {       ""title"": ""Intersection (∩)"",       ""text"": ""The <strong>Intersection</strong> is the region where two sets overlap. It contains items that belong to BOTH groups."",       ""visual"": {         ""type"": ""VENN_2_SET"",         ""labels"": [""Set A"", ""Set B""],         ""elements"": { ""left"": ""1, 2"", ""right"": ""5, 6"", ""center"": ""3, 4"" },         ""highlight"": [""intersection""]       }     },     {       ""title"": ""Union (∪)"",       ""text"": ""The <strong>Union</strong> combines everything! It includes all elements in Set A, Set B, and the intersection."",       ""visual"": {         ""type"": ""VENN_2_SET"",         ""labels"": [""Set A"", ""Set B""],         ""elements"": { ""left"": ""1, 2"", ""right"": ""5, 6"", ""center"": ""3, 4"" },         ""highlight"": [""union""]       }     },     {       ""title"": ""Difference of Sets"",       ""text"": ""If we say <strong>'A only'</strong> or <strong>(A - B)</strong>, we want elements that are strictly inside A and NOT in B."",       ""visual"": {         ""type"": ""VENN_2_SET"",         ""labels"": [""A"", ""B""],         ""elements"": { ""left"": ""✔"", ""right"": ""✘"", ""center"": ""✘"" },         ""highlight"": [""left""]       }     }   ] }",study_relations.json,quest_02_set_notation_regions
study_relations_S3,T1,Sets & Regions,Understanding Sets,E,Read,,3,"Union (∪): The Union combines everything! It includes all elements in Set A, Set B, and the intersection.",,,,,,,,,[],MATH_STUDY,study,content/math/set_theory/quest_02_set_notation_regions/study_relations.json,,No,,0,"{   ""engineType"": ""MATH_STUDY"",   ""mode"": ""study"",   ""topic"": ""Sets & Regions"",   ""variantTitle"": ""Understanding Sets"",   ""slides"": [     {       ""title"": ""What is a Set?"",       ""text"": ""A set is simply a collection of well-defined objects. In Uganda, we often use sets to group things like fruits, numbers, or even countries!"",       ""visual"": {         ""type"": ""VENN_2_SET"",         ""labels"": [""Fruits"", ""Veg""],         ""elements"": { ""left"": ""Mango"", ""right"": ""Kale"", ""center"": """" },         ""highlight"": [""left"", ""right""]       }     },     {       ""title"": ""Intersection (∩)"",       ""text"": ""The <strong>Intersection</strong> is the region where two sets overlap. It contains items that belong to BOTH groups."",       ""visual"": {         ""type"": ""VENN_2_SET"",         ""labels"": [""Set A"", ""Set B""],         ""elements"": { ""left"": ""1, 2"", ""right"": ""5, 6"", ""center"": ""3, 4"" },         ""highlight"": [""intersection""]       }     },     {       ""title"": ""Union (∪)"",       ""text"": ""The <strong>Union</strong> combines everything! It includes all elements in Set A, Set B, and the intersection."",       ""visual"": {         ""type"": ""VENN_2_SET"",         ""labels"": [""Set A"", ""Set B""],         ""elements"": { ""left"": ""1, 2"", ""right"": ""5, 6"", ""center"": ""3, 4"" },         ""highlight"": [""union""]       }     },     {       ""title"": ""Difference of Sets"",       ""text"": ""If we say <strong>'A only'</strong> or <strong>(A - B)</strong>, we want elements that are strictly inside A and NOT in B."",       ""visual"": {         ""type"": ""VENN_2_SET"",         ""labels"": [""A"", ""B""],         ""elements"": { ""left"": ""✔"", ""right"": ""✘"", ""center"": ""✘"" },         ""highlight"": [""left""]       }     }   ] }",study_relations.json,quest_02_set_notation_regions
study_relations_S4,T1,Sets & Regions,Understanding Sets,E,Read,,4,"Difference of Sets: If we say 'A only' or (A - B), we want elements that are strictly inside A and NOT in B.",,,,,,,,,[],MATH_STUDY,study,content/math/set_theory/quest_02_set_notation_regions/study_relations.json,,No,,0,"{   ""engineType"": ""MATH_STUDY"",   ""mode"": ""study"",   ""topic"": ""Sets & Regions"",   ""variantTitle"": ""Understanding Sets"",   ""slides"": [     {       ""title"": ""What is a Set?"",       ""text"": ""A set is simply a collection of well-defined objects. In Uganda, we often use sets to group things like fruits, numbers, or even countries!"",       ""visual"": {         ""type"": ""VENN_2_SET"",         ""labels"": [""Fruits"", ""Veg""],         ""elements"": { ""left"": ""Mango"", ""right"": ""Kale"", ""center"": """" },         ""highlight"": [""left"", ""right""]       }     },     {       ""title"": ""Intersection (∩)"",       ""text"": ""The <strong>Intersection</strong> is the region where two sets overlap. It contains items that belong to BOTH groups."",       ""visual"": {         ""type"": ""VENN_2_SET"",         ""labels"": [""Set A"", ""Set B""],         ""elements"": { ""left"": ""1, 2"", ""right"": ""5, 6"", ""center"": ""3, 4"" },         ""highlight"": [""intersection""]       }     },     {       ""title"": ""Union (∪)"",       ""text"": ""The <strong>Union</strong> combines everything! It includes all elements in Set A, Set B, and the intersection."",       ""visual"": {         ""type"": ""VENN_2_SET"",         ""labels"": [""Set A"", ""Set B""],         ""elements"": { ""left"": ""1, 2"", ""right"": ""5, 6"", ""center"": ""3, 4"" },         ""highlight"": [""union""]       }     },     {       ""title"": ""Difference of Sets"",       ""text"": ""If we say <strong>'A only'</strong> or <strong>(A - B)</strong>, we want elements that are strictly inside A and NOT in B."",       ""visual"": {         ""type"": ""VENN_2_SET"",         ""labels"": [""A"", ""B""],         ""elements"": { ""left"": ""✔"", ""right"": ""✘"", ""center"": ""✘"" },         ""highlight"": [""left""]       }     }   ] }",study_relations.json,quest_02_set_notation_regions
03-001_Q1,T1,Calculating Subsets,Quest 3-001: Venn Subsets,E,Simulation,,1,How many subsets are in set (P - Q)?,,,,,,Count items in P only (3). Calculate 2³.,,,[],SET_THEORY,quiz,content/math/set_theory/quest_03_calculating_subsets/03-001.json,,No,,5,"{   ""engineType"": ""SET_THEORY"",   ""mode"": ""quiz"",   ""subject"": ""MATH"",   ""topic"": ""Calculating Subsets"",   ""variantTitle"": ""Quest 3-001: Venn Subsets"",   ""sets"": {     ""A"": { ""label"": ""P"", ""color"": ""#9333ea"" },     ""B"": { ""label"": ""Q"", ""color"": ""#db2777"" }   },   ""zones"": {     ""left"": [""d"", ""e"", ""f""],     ""center"": [""a"", ""b"", ""c""],     ""right"": [""g"", ""h""],     ""outside"": []   },   ""questions"": [     {       ""type"": ""SUBSET_COUNT"",       ""targetRegion"": ""left_only"",       ""prompt"": ""How many <b>subsets</b> are in set <span style='color:#9333ea'>(P - Q)</span>?"",       ""hint"": ""Count items in P only (3). Calculate 2³.""     },     {       ""retain_visuals"": true,       ""type"": ""SUBSET_COUNT"",       ""targetRegion"": ""right_total"",       ""prompt"": ""Find the number of subsets in set <span style='color:#db2777'>Q</span>."",       ""hint"": ""Count ALL items in circle Q (Intersection + Right). That's 5 items. Calculate 2⁵.""     },     {       ""retain_visuals"": true,       ""type"": ""SUBSET_COUNT"",       ""targetRegion"": ""right_only"",       ""prompt"": ""How many subsets from members in <b>Q but not P</b>?"",       ""hint"": ""Count items in Q only (2). Calculate 2².""     }   ] }",03-001.json,quest_03_calculating_subsets
03-001_Q2,T1,Calculating Subsets,Quest 3-001: Venn Subsets,E,Simulation,,2,Find the number of subsets in set Q.,,,,,,Count ALL items in circle Q (Intersection + Right). That's 5 items. Calculate 2⁵.,,,[],SET_THEORY,quiz,content/math/set_theory/quest_03_calculating_subsets/03-001.json,,No,,5,"{   ""engineType"": ""SET_THEORY"",   ""mode"": ""quiz"",   ""subject"": ""MATH"",   ""topic"": ""Calculating Subsets"",   ""variantTitle"": ""Quest 3-001: Venn Subsets"",   ""sets"": {     ""A"": { ""label"": ""P"", ""color"": ""#9333ea"" },     ""B"": { ""label"": ""Q"", ""color"": ""#db2777"" }   },   ""zones"": {     ""left"": [""d"", ""e"", ""f""],     ""center"": [""a"", ""b"", ""c""],     ""right"": [""g"", ""h""],     ""outside"": []   },   ""questions"": [     {       ""type"": ""SUBSET_COUNT"",       ""targetRegion"": ""left_only"",       ""prompt"": ""How many <b>subsets</b> are in set <span style='color:#9333ea'>(P - Q)</span>?"",       ""hint"": ""Count items in P only (3). Calculate 2³.""     },     {       ""retain_visuals"": true,       ""type"": ""SUBSET_COUNT"",       ""targetRegion"": ""right_total"",       ""prompt"": ""Find the number of subsets in set <span style='color:#db2777'>Q</span>."",       ""hint"": ""Count ALL items in circle Q (Intersection + Right). That's 5 items. Calculate 2⁵.""     },     {       ""retain_visuals"": true,       ""type"": ""SUBSET_COUNT"",       ""targetRegion"": ""right_only"",       ""prompt"": ""How many subsets from members in <b>Q but not P</b>?"",       ""hint"": ""Count items in Q only (2). Calculate 2².""     }   ] }",03-001.json,quest_03_calculating_subsets
03-001_Q3,T1,Calculating Subsets,Quest 3-001: Venn Subsets,E,Simulation,,3,How many subsets from members in Q but not P?,,,,,,Count items in Q only (2). Calculate 2².,,,[],SET_THEORY,quiz,content/math/set_theory/quest_03_calculating_subsets/03-001.json,,No,,5,"{   ""engineType"": ""SET_THEORY"",   ""mode"": ""quiz"",   ""subject"": ""MATH"",   ""topic"": ""Calculating Subsets"",   ""variantTitle"": ""Quest 3-001: Venn Subsets"",   ""sets"": {     ""A"": { ""label"": ""P"", ""color"": ""#9333ea"" },     ""B"": { ""label"": ""Q"", ""color"": ""#db2777"" }   },   ""zones"": {     ""left"": [""d"", ""e"", ""f""],     ""center"": [""a"", ""b"", ""c""],     ""right"": [""g"", ""h""],     ""outside"": []   },   ""questions"": [     {       ""type"": ""SUBSET_COUNT"",       ""targetRegion"": ""left_only"",       ""prompt"": ""How many <b>subsets</b> are in set <span style='color:#9333ea'>(P - Q)</span>?"",       ""hint"": ""Count items in P only (3). Calculate 2³.""     },     {       ""retain_visuals"": true,       ""type"": ""SUBSET_COUNT"",       ""targetRegion"": ""right_total"",       ""prompt"": ""Find the number of subsets in set <span style='color:#db2777'>Q</span>."",       ""hint"": ""Count ALL items in circle Q (Intersection + Right). That's 5 items. Calculate 2⁵.""     },     {       ""retain_visuals"": true,       ""type"": ""SUBSET_COUNT"",       ""targetRegion"": ""right_only"",       ""prompt"": ""How many subsets from members in <b>Q but not P</b>?"",       ""hint"": ""Count items in Q only (2). Calculate 2².""     }   ] }",03-001.json,quest_03_calculating_subsets
03-002_Q1,T1,Calculating Subsets,Quest 3-005: Factors of 4,E,Simulation,,1,Step 1: Count the Factors of 4.,,,,,,"1, 2, 4. There are 3 factors.",,,[],SET_THEORY,quiz,content/math/set_theory/quest_03_calculating_subsets/03-002.json,,No,,5,"{   ""engineType"": ""SET_THEORY"",   ""mode"": ""quiz"",   ""subject"": ""MATH"",   ""topic"": ""Calculating Subsets"",   ""variantTitle"": ""Quest 3-005: Factors of 4"",   ""sets"": { ""A"": { ""label"": ""F4"", ""color"": ""#9333ea"" }, ""B"": { ""label"": """", ""color"": ""transparent"" } },   ""zones"": { ""left"": [], ""center"": [1, 2, 4], ""right"": [], ""outside"": [] },   ""questions"": [     {       ""type"": ""COUNT"",       ""targetRegion"": ""intersection"",       ""prompt"": ""<b>Step 1:</b> Count the Factors of 4."",       ""hint"": ""1, 2, 4. There are 3 factors.""     },     {       ""retain_visuals"": true,       ""type"": ""SUBSET_COUNT"",       ""targetRegion"": ""intersection"",       ""prompt"": ""<b>Step 2:</b> Find the number of <b>Subsets</b>."",       ""hint"": ""Formula: 2ⁿ. Calculate 2³ (2×2×2).""     }   ] }",03-002.json,quest_03_calculating_subsets
03-002_Q2,T1,Calculating Subsets,Quest 3-005: Factors of 4,E,Simulation,,2,Step 2: Find the number of Subsets.,,,,,,Formula: 2ⁿ. Calculate 2³ (2×2×2).,,,[],SET_THEORY,quiz,content/math/set_theory/quest_03_calculating_subsets/03-002.json,,No,,5,"{   ""engineType"": ""SET_THEORY"",   ""mode"": ""quiz"",   ""subject"": ""MATH"",   ""topic"": ""Calculating Subsets"",   ""variantTitle"": ""Quest 3-005: Factors of 4"",   ""sets"": { ""A"": { ""label"": ""F4"", ""color"": ""#9333ea"" }, ""B"": { ""label"": """", ""color"": ""transparent"" } },   ""zones"": { ""left"": [], ""center"": [1, 2, 4], ""right"": [], ""outside"": [] },   ""questions"": [     {       ""type"": ""COUNT"",       ""targetRegion"": ""intersection"",       ""prompt"": ""<b>Step 1:</b> Count the Factors of 4."",       ""hint"": ""1, 2, 4. There are 3 factors.""     },     {       ""retain_visuals"": true,       ""type"": ""SUBSET_COUNT"",       ""targetRegion"": ""intersection"",       ""prompt"": ""<b>Step 2:</b> Find the number of <b>Subsets</b>."",       ""hint"": ""Formula: 2ⁿ. Calculate 2³ (2×2×2).""     }   ] }",03-002.json,quest_03_calculating_subsets
03-003_Q1,T1,Calculating Subsets,Quest 3-006: Word Sets,E,Simulation,,1,Step 1: Find n(M) for the word 'MATH'.,,,,,,Count the letters.,,,[],SET_THEORY,quiz,content/math/set_theory/quest_03_calculating_subsets/03-003.json,,No,,5,"{   ""engineType"": ""SET_THEORY"",   ""mode"": ""quiz"",   ""subject"": ""MATH"",   ""topic"": ""Calculating Subsets"",   ""variantTitle"": ""Quest 3-006: Word Sets"",   ""sets"": { ""A"": { ""label"": ""M"", ""color"": ""#2563eb"" }, ""B"": { ""label"": """", ""color"": ""transparent"" } },   ""zones"": { ""left"": [], ""center"": [""M"", ""A"", ""T"", ""H""], ""right"": [], ""outside"": [] },   ""questions"": [     {       ""type"": ""COUNT"",       ""targetRegion"": ""intersection"",       ""prompt"": ""<b>Step 1:</b> Find n(M) for the word 'MATH'."",       ""hint"": ""Count the letters.""     },     {       ""retain_visuals"": true,       ""type"": ""SUBSET_COUNT"",       ""targetRegion"": ""intersection"",       ""prompt"": ""<b>Step 2:</b> Calculate total Subsets."",       ""hint"": ""2⁴ = 16.""     }   ] }",03-003.json,quest_03_calculating_subsets
03-003_Q2,T1,Calculating Subsets,Quest 3-006: Word Sets,E,Simulation,,2,Step 2: Calculate total Subsets.,,,,,,2⁴ = 16.,,,[],SET_THEORY,quiz,content/math/set_theory/quest_03_calculating_subsets/03-003.json,,No,,5,"{   ""engineType"": ""SET_THEORY"",   ""mode"": ""quiz"",   ""subject"": ""MATH"",   ""topic"": ""Calculating Subsets"",   ""variantTitle"": ""Quest 3-006: Word Sets"",   ""sets"": { ""A"": { ""label"": ""M"", ""color"": ""#2563eb"" }, ""B"": { ""label"": """", ""color"": ""transparent"" } },   ""zones"": { ""left"": [], ""center"": [""M"", ""A"", ""T"", ""H""], ""right"": [], ""outside"": [] },   ""questions"": [     {       ""type"": ""COUNT"",       ""targetRegion"": ""intersection"",       ""prompt"": ""<b>Step 1:</b> Find n(M) for the word 'MATH'."",       ""hint"": ""Count the letters.""     },     {       ""retain_visuals"": true,       ""type"": ""SUBSET_COUNT"",       ""targetRegion"": ""intersection"",       ""prompt"": ""<b>Step 2:</b> Calculate total Subsets."",       ""hint"": ""2⁴ = 16.""     }   ] }",03-003.json,quest_03_calculating_subsets
03-004_Q1,T1,Calculating Subsets,Quest 3-007: Prime Numbers,E,Simulation,,1,Step 1: How many Primes are less than 10?,,,,,,"2, 3, 5, 7.",,,[],SET_THEORY,quiz,content/math/set_theory/quest_03_calculating_subsets/03-004.json,,No,,5,"{   ""engineType"": ""SET_THEORY"",   ""mode"": ""quiz"",   ""subject"": ""MATH"",   ""topic"": ""Calculating Subsets"",   ""variantTitle"": ""Quest 3-007: Prime Numbers"",   ""sets"": { ""A"": { ""label"": ""P"", ""color"": ""#ea580c"" }, ""B"": { ""label"": """", ""color"": ""transparent"" } },   ""zones"": { ""left"": [], ""center"": [2, 3, 5, 7], ""right"": [], ""outside"": [] },   ""questions"": [     {       ""type"": ""COUNT"",       ""targetRegion"": ""intersection"",       ""prompt"": ""<b>Step 1:</b> How many Primes are less than 10?"",       ""hint"": ""2, 3, 5, 7.""     },     {       ""retain_visuals"": true,       ""type"": ""SUBSET_COUNT"",       ""targetRegion"": ""intersection"",       ""prompt"": ""<b>Step 2:</b> Calculate Subsets."",       ""hint"": ""2⁴ = 16.""     }   ] }",03-004.json,quest_03_calculating_subsets
03-004_Q2,T1,Calculating Subsets,Quest 3-007: Prime Numbers,E,Simulation,,2,Step 2: Calculate Subsets.,,,,,,2⁴ = 16.,,,[],SET_THEORY,quiz,content/math/set_theory/quest_03_calculating_subsets/03-004.json,,No,,5,"{   ""engineType"": ""SET_THEORY"",   ""mode"": ""quiz"",   ""subject"": ""MATH"",   ""topic"": ""Calculating Subsets"",   ""variantTitle"": ""Quest 3-007: Prime Numbers"",   ""sets"": { ""A"": { ""label"": ""P"", ""color"": ""#ea580c"" }, ""B"": { ""label"": """", ""color"": ""transparent"" } },   ""zones"": { ""left"": [], ""center"": [2, 3, 5, 7], ""right"": [], ""outside"": [] },   ""questions"": [     {       ""type"": ""COUNT"",       ""targetRegion"": ""intersection"",       ""prompt"": ""<b>Step 1:</b> How many Primes are less than 10?"",       ""hint"": ""2, 3, 5, 7.""     },     {       ""retain_visuals"": true,       ""type"": ""SUBSET_COUNT"",       ""targetRegion"": ""intersection"",       ""prompt"": ""<b>Step 2:</b> Calculate Subsets."",       ""hint"": ""2⁴ = 16.""     }   ] }",03-004.json,quest_03_calculating_subsets
03-005_Q1,T1,Calculating Subsets,Quest 3-008: High Powers,E,Simulation,,1,Step 1: Find n(F) (Fingers on a hand).,,,,,,Count the fingers (5).,,,[],SET_THEORY,quiz,content/math/set_theory/quest_03_calculating_subsets/03-005.json,,No,,5,"{   ""engineType"": ""SET_THEORY"",   ""mode"": ""quiz"",   ""subject"": ""MATH"",   ""topic"": ""Calculating Subsets"",   ""variantTitle"": ""Quest 3-008: High Powers"",   ""sets"": { ""A"": { ""label"": ""F"", ""color"": ""#16a34a"" }, ""B"": { ""label"": """", ""color"": ""transparent"" } },   ""zones"": { ""left"": [], ""center"": [""👍"", ""☝️"", ""🖕"", ""🖖"", ""🤙""], ""right"": [], ""outside"": [] },   ""questions"": [     {       ""type"": ""COUNT"",       ""targetRegion"": ""intersection"",       ""prompt"": ""<b>Step 1:</b> Find n(F) (Fingers on a hand)."",       ""hint"": ""Count the fingers (5).""     },     {       ""retain_visuals"": true,       ""type"": ""SUBSET_COUNT"",       ""targetRegion"": ""intersection"",       ""prompt"": ""<b>Step 2:</b> Calculate total Subsets."",       ""hint"": ""2⁵ = 32.""     }   ] }",03-005.json,quest_03_calculating_subsets
03-005_Q2,T1,Calculating Subsets,Quest 3-008: High Powers,E,Simulation,,2,Step 2: Calculate total Subsets.,,,,,,2⁵ = 32.,,,[],SET_THEORY,quiz,content/math/set_theory/quest_03_calculating_subsets/03-005.json,,No,,5,"{   ""engineType"": ""SET_THEORY"",   ""mode"": ""quiz"",   ""subject"": ""MATH"",   ""topic"": ""Calculating Subsets"",   ""variantTitle"": ""Quest 3-008: High Powers"",   ""sets"": { ""A"": { ""label"": ""F"", ""color"": ""#16a34a"" }, ""B"": { ""label"": """", ""color"": ""transparent"" } },   ""zones"": { ""left"": [], ""center"": [""👍"", ""☝️"", ""🖕"", ""🖖"", ""🤙""], ""right"": [], ""outside"": [] },   ""questions"": [     {       ""type"": ""COUNT"",       ""targetRegion"": ""intersection"",       ""prompt"": ""<b>Step 1:</b> Find n(F) (Fingers on a hand)."",       ""hint"": ""Count the fingers (5).""     },     {       ""retain_visuals"": true,       ""type"": ""SUBSET_COUNT"",       ""targetRegion"": ""intersection"",       ""prompt"": ""<b>Step 2:</b> Calculate total Subsets."",       ""hint"": ""2⁵ = 32.""     }   ] }",03-005.json,quest_03_calculating_subsets
03-006_Q1,T1,Calculating Subsets,Quest 3-009: Weekend,E,Simulation,,1,Step 1: Find n(Weekend Days).,,,,,,Saturday and Sunday (2).,,,[],SET_THEORY,quiz,content/math/set_theory/quest_03_calculating_subsets/03-006.json,,No,,5,"{   ""engineType"": ""SET_THEORY"",   ""mode"": ""quiz"",   ""subject"": ""MATH"",   ""topic"": ""Calculating Subsets"",   ""variantTitle"": ""Quest 3-009: Weekend"",   ""sets"": { ""A"": { ""label"": ""W"", ""color"": ""#db2777"" }, ""B"": { ""label"": """", ""color"": ""transparent"" } },   ""zones"": { ""left"": [], ""center"": [""Sat"", ""Sun""], ""right"": [], ""outside"": [] },   ""questions"": [     {       ""type"": ""COUNT"",       ""targetRegion"": ""intersection"",       ""prompt"": ""<b>Step 1:</b> Find n(Weekend Days)."",       ""hint"": ""Saturday and Sunday (2).""     },     {       ""retain_visuals"": true,       ""type"": ""SUBSET_COUNT"",       ""targetRegion"": ""intersection"",       ""prompt"": ""<b>Step 2:</b> Calculate total Subsets."",       ""hint"": ""2² = 4.""     }   ] }",03-006.json,quest_03_calculating_subsets
03-006_Q2,T1,Calculating Subsets,Quest 3-009: Weekend,E,Simulation,,2,Step 2: Calculate total Subsets.,,,,,,2² = 4.,,,[],SET_THEORY,quiz,content/math/set_theory/quest_03_calculating_subsets/03-006.json,,No,,5,"{   ""engineType"": ""SET_THEORY"",   ""mode"": ""quiz"",   ""subject"": ""MATH"",   ""topic"": ""Calculating Subsets"",   ""variantTitle"": ""Quest 3-009: Weekend"",   ""sets"": { ""A"": { ""label"": ""W"", ""color"": ""#db2777"" }, ""B"": { ""label"": """", ""color"": ""transparent"" } },   ""zones"": { ""left"": [], ""center"": [""Sat"", ""Sun""], ""right"": [], ""outside"": [] },   ""questions"": [     {       ""type"": ""COUNT"",       ""targetRegion"": ""intersection"",       ""prompt"": ""<b>Step 1:</b> Find n(Weekend Days)."",       ""hint"": ""Saturday and Sunday (2).""     },     {       ""retain_visuals"": true,       ""type"": ""SUBSET_COUNT"",       ""targetRegion"": ""intersection"",       ""prompt"": ""<b>Step 2:</b> Calculate total Subsets."",       ""hint"": ""2² = 4.""     }   ] }",03-006.json,quest_03_calculating_subsets
03-007_Q1,T1,Finding Subsets,Quest 3-010: School Bag,E,Simulation,,1,"Pack the Bag! Find all 8 subsets of {Book, Pen, Apple}.",,,,,,Start with Empty. Then 1 item. Then 2 items. Then all 3.,,,[],SUBSET_GAME,quiz,content/math/set_theory/quest_03_calculating_subsets/03-007.json,,No,,5,"{   ""engineType"": ""SUBSET_GAME"",   ""mode"": ""quiz"",   ""subject"": ""MATH"",   ""topic"": ""Finding Subsets"",   ""variantTitle"": ""Quest 3-010: School Bag"",   ""questions"": [     {       ""items"": [""Book"", ""Pen"", ""Apple""],       ""prompt"": ""Pack the Bag! Find all <b>8 subsets</b> of {Book, Pen, Apple}."",       ""hint"": ""Start with Empty. Then 1 item. Then 2 items. Then all 3.""     }   ] }",03-007.json,quest_03_calculating_subsets
03-008_Q1,T1,Calculating Subsets,Quest 3-011: Factors of 6,E,Simulation,,1,Step 1: Find n(F6). (Count the factors).,,,,,,"1, 2, 3, 6. There are 4 factors.",,,[],SET_THEORY,quiz,content/math/set_theory/quest_03_calculating_subsets/03-008.json,,No,,5,"{   ""engineType"": ""SET_THEORY"",   ""mode"": ""quiz"",   ""subject"": ""MATH"",   ""topic"": ""Calculating Subsets"",   ""variantTitle"": ""Quest 3-011: Factors of 6"",   ""sets"": { ""A"": { ""label"": ""F6"", ""color"": ""#16a34a"" }, ""B"": { ""label"": """", ""color"": ""transparent"" } },   ""zones"": { ""left"": [], ""center"": [1, 2, 3, 6], ""right"": [], ""outside"": [] },   ""questions"": [     {       ""type"": ""COUNT"",       ""targetRegion"": ""intersection"",       ""prompt"": ""<b>Step 1:</b> Find n(F6). (Count the factors)."",       ""hint"": ""1, 2, 3, 6. There are 4 factors.""     },     {       ""retain_visuals"": true,       ""type"": ""SUBSET_COUNT"",       ""targetRegion"": ""intersection"",       ""prompt"": ""<b>Step 2:</b> Calculate total <b>Subsets</b>."",       ""hint"": ""2⁴ = 16.""     }   ] }",03-008.json,quest_03_calculating_subsets
03-008_Q2,T1,Calculating Subsets,Quest 3-011: Factors of 6,E,Simulation,,2,Step 2: Calculate total Subsets.,,,,,,2⁴ = 16.,,,[],SET_THEORY,quiz,content/math/set_theory/quest_03_calculating_subsets/03-008.json,,No,,5,"{   ""engineType"": ""SET_THEORY"",   ""mode"": ""quiz"",   ""subject"": ""MATH"",   ""topic"": ""Calculating Subsets"",   ""variantTitle"": ""Quest 3-011: Factors of 6"",   ""sets"": { ""A"": { ""label"": ""F6"", ""color"": ""#16a34a"" }, ""B"": { ""label"": """", ""color"": ""transparent"" } },   ""zones"": { ""left"": [], ""center"": [1, 2, 3, 6], ""right"": [], ""outside"": [] },   ""questions"": [     {       ""type"": ""COUNT"",       ""targetRegion"": ""intersection"",       ""prompt"": ""<b>Step 1:</b> Find n(F6). (Count the factors)."",       ""hint"": ""1, 2, 3, 6. There are 4 factors.""     },     {       ""retain_visuals"": true,       ""type"": ""SUBSET_COUNT"",       ""targetRegion"": ""intersection"",       ""prompt"": ""<b>Step 2:</b> Calculate total <b>Subsets</b>."",       ""hint"": ""2⁴ = 16.""     }   ] }",03-008.json,quest_03_calculating_subsets
03-009_Q1,T1,Powers of 2,Quest 3-012: Vowels Set,E,Simulation,,1,Find n(V).,,,,,,There are 5 vowels.,,,[],SET_THEORY,quiz,content/math/set_theory/quest_03_calculating_subsets/03-009.json,,No,,5,"{   ""engineType"": ""SET_THEORY"",   ""mode"": ""quiz"",   ""subject"": ""MATH"",   ""topic"": ""Powers of 2"",   ""variantTitle"": ""Quest 3-012: Vowels Set"",   ""sets"": { ""A"": { ""label"": ""V"", ""color"": ""#9333ea"" }, ""B"": { ""label"": """", ""color"": ""transparent"" } },   ""zones"": { ""left"": [], ""center"": [""a"", ""e"", ""i"", ""o"", ""u""], ""right"": [], ""outside"": [] },   ""questions"": [     {       ""type"": ""COUNT"",       ""targetRegion"": ""intersection"",       ""prompt"": ""Find n(V)."",       ""hint"": ""There are 5 vowels.""     },     {       ""retain_visuals"": true,       ""type"": ""SUBSET_COUNT"",       ""targetRegion"": ""intersection"",       ""prompt"": ""Calculate total subsets (2ⁿ)."",       ""hint"": ""2⁵ = 32.""     }   ] }",03-009.json,quest_03_calculating_subsets
03-009_Q2,T1,Powers of 2,Quest 3-012: Vowels Set,E,Simulation,,2,Calculate total subsets (2ⁿ).,,,,,,2⁵ = 32.,,,[],SET_THEORY,quiz,content/math/set_theory/quest_03_calculating_subsets/03-009.json,,No,,5,"{   ""engineType"": ""SET_THEORY"",   ""mode"": ""quiz"",   ""subject"": ""MATH"",   ""topic"": ""Powers of 2"",   ""variantTitle"": ""Quest 3-012: Vowels Set"",   ""sets"": { ""A"": { ""label"": ""V"", ""color"": ""#9333ea"" }, ""B"": { ""label"": """", ""color"": ""transparent"" } },   ""zones"": { ""left"": [], ""center"": [""a"", ""e"", ""i"", ""o"", ""u""], ""right"": [], ""outside"": [] },   ""questions"": [     {       ""type"": ""COUNT"",       ""targetRegion"": ""intersection"",       ""prompt"": ""Find n(V)."",       ""hint"": ""There are 5 vowels.""     },     {       ""retain_visuals"": true,       ""type"": ""SUBSET_COUNT"",       ""targetRegion"": ""intersection"",       ""prompt"": ""Calculate total subsets (2ⁿ)."",       ""hint"": ""2⁵ = 32.""     }   ] }",03-009.json,quest_03_calculating_subsets
03-010_Q1,T1,Reverse Calculation,Quest 3-013: Big Sets,E,Simulation,,1,Set K has 64 Subsets. Find n(K).,,,,,,2ⁿ = 64. 2×2×2×2×2×2. Count the 2s.,,,[],SET_THEORY,quiz,content/math/set_theory/quest_03_calculating_subsets/03-010.json,,No,,5,"{   ""engineType"": ""SET_THEORY"",   ""mode"": ""quiz"",   ""subject"": ""MATH"",   ""topic"": ""Reverse Calculation"",   ""variantTitle"": ""Quest 3-013: Big Sets"",   ""sets"": { ""A"": { ""label"": ""K"", ""color"": ""#db2777"" }, ""B"": { ""label"": """", ""color"": ""transparent"" } },   ""zones"": { ""left"": [], ""center"": [], ""right"": [], ""outside"": [] },   ""questions"": [     {       ""type"": ""REVERSE_SUBSET"",       ""targetRegion"": ""intersection"",       ""expected_val"": 6,       ""prompt"": ""Set K has <b>64 Subsets</b>. Find n(K)."",       ""hint"": ""2ⁿ = 64. 2×2×2×2×2×2. Count the 2s.""     },     {       ""retain_visuals"": true,       ""type"": ""REVERSE_SUBSET"",       ""targetRegion"": ""intersection"",       ""expected_val"": 7,       ""prompt"": ""If a set has <b>128 Subsets</b>, find n."",       ""hint"": ""Double 64 is 128. So add 1 to previous n.""     }   ] }",03-010.json,quest_03_calculating_subsets
03-010_Q2,T1,Reverse Calculation,Quest 3-013: Big Sets,E,Simulation,,2,"If a set has 128 Subsets, find n.",,,,,,Double 64 is 128. So add 1 to previous n.,,,[],SET_THEORY,quiz,content/math/set_theory/quest_03_calculating_subsets/03-010.json,,No,,5,"{   ""engineType"": ""SET_THEORY"",   ""mode"": ""quiz"",   ""subject"": ""MATH"",   ""topic"": ""Reverse Calculation"",   ""variantTitle"": ""Quest 3-013: Big Sets"",   ""sets"": { ""A"": { ""label"": ""K"", ""color"": ""#db2777"" }, ""B"": { ""label"": """", ""color"": ""transparent"" } },   ""zones"": { ""left"": [], ""center"": [], ""right"": [], ""outside"": [] },   ""questions"": [     {       ""type"": ""REVERSE_SUBSET"",       ""targetRegion"": ""intersection"",       ""expected_val"": 6,       ""prompt"": ""Set K has <b>64 Subsets</b>. Find n(K)."",       ""hint"": ""2ⁿ = 64. 2×2×2×2×2×2. Count the 2s.""     },     {       ""retain_visuals"": true,       ""type"": ""REVERSE_SUBSET"",       ""targetRegion"": ""intersection"",       ""expected_val"": 7,       ""prompt"": ""If a set has <b>128 Subsets</b>, find n."",       ""hint"": ""Double 64 is 128. So add 1 to previous n.""     }   ] }",03-010.json,quest_03_calculating_subsets
study_subsets_S1,T1,Subsets,Subsets & The Empty Set,E,Read,,1,What is a Subset?: Set A is a Subset of Set B if ALL members of A are also inside B.Think of it like a smaller box sitting inside a bigger box.,,,,,,,,,[],MATH_STUDY,study,content/math/set_theory/quest_03_calculating_subsets/study_subsets.json,,No,,0,"{   ""engineType"": ""MATH_STUDY"",   ""mode"": ""study"",   ""topic"": ""Subsets"",   ""variantTitle"": ""Subsets & The Empty Set"",   ""slides"": [     {       ""title"": ""What is a Subset?"",       ""text"": ""Set A is a <b>Subset</b> of Set B if <b>ALL</b> members of A are also inside B.<br><br>Think of it like a smaller box sitting inside a bigger box."",       ""visualType"": ""SUBSETS_DIAGRAM"",       ""labels"": [""A"", ""B""],       ""elements"": { ""subset"": ""1, 2"", ""difference"": ""3, 4, 5"" },       ""highlight"": [""subset""]     },     {       ""title"": ""The Notation (⊂)"",       ""text"": ""We use the symbol <span class='sym'>⊂</span> to mean 'is a subset of'.<br><br><center><b>A ⊂ B</b></center><br>This is read as: <i>Set A is a subset of Set B.</i>"",       ""visualType"": ""SUBSETS_DIAGRAM"",       ""labels"": [""A"", ""B""],       ""elements"": { ""subset"": ""1, 2"", ""difference"": ""3, 4"" },       ""highlight"": []     },     {       ""title"": ""The Empty Set (Ø)"",       ""text"": ""Before we count subsets, we must meet the <b>Empty Set</b>.<br><br>This is a set with <b>NO</b> members. It is empty! We write it as <span class='sym'>{}</span> or <span class='sym'>Ø</span>."",       ""visualType"": ""FINITE_BASKET"",       ""visualData"": [],       ""showCount"": true     },     {       ""title"": ""The Golden Rule"",       ""text"": ""<b>Important Rule:</b> The Empty Set is a subset of <b>EVERY</b> set.<br><br>Why? Because 'nothing' can fit inside anything!<br><br><center><b>Ø ⊂ A</b></center>"",       ""visualType"": ""SUBSETS_DIAGRAM"",       ""labels"": [""Ø"", ""A""],       ""elements"": { ""subset"": """", ""difference"": ""1, 2, 3"" },       ""highlight"": [""subset""]     },     {       ""title"": ""Calculating Subsets"",       ""text"": ""To find the total number of subsets, use the formula:<br><br><center><span class='sym'>Subsets = 2ⁿ</span></center><br>Where <b>n</b> is the number of elements in the set."",       ""visualType"": ""POWER_SET_TREE"",       ""items"": [""a"", ""b""]     },     {       ""title"": ""Let's Verify!"",       ""text"": ""If Set V = { a, b }, then n = 2.<br><b>2² = 4 Subsets.</b><br><br>Let's list them:<br>1. {a, b} (The set itself)<br>2. {a}<br>3. {b}<br>4. { } (The Empty Set!)"",       ""visualType"": ""POWER_SET_TREE"",       ""items"": [""a"", ""b""]     }   ] }",study_subsets.json,quest_03_calculating_subsets
study_subsets_S2,T1,Subsets,Subsets & The Empty Set,E,Read,,2,The Notation (⊂): We use the symbol ⊂ to mean 'is a subset of'.A ⊂ BThis is read as: Set A is a subset of Set B.,,,,,,,,,[],MATH_STUDY,study,content/math/set_theory/quest_03_calculating_subsets/study_subsets.json,,No,,0,"{   ""engineType"": ""MATH_STUDY"",   ""mode"": ""study"",   ""topic"": ""Subsets"",   ""variantTitle"": ""Subsets & The Empty Set"",   ""slides"": [     {       ""title"": ""What is a Subset?"",       ""text"": ""Set A is a <b>Subset</b> of Set B if <b>ALL</b> members of A are also inside B.<br><br>Think of it like a smaller box sitting inside a bigger box."",       ""visualType"": ""SUBSETS_DIAGRAM"",       ""labels"": [""A"", ""B""],       ""elements"": { ""subset"": ""1, 2"", ""difference"": ""3, 4, 5"" },       ""highlight"": [""subset""]     },     {       ""title"": ""The Notation (⊂)"",       ""text"": ""We use the symbol <span class='sym'>⊂</span> to mean 'is a subset of'.<br><br><center><b>A ⊂ B</b></center><br>This is read as: <i>Set A is a subset of Set B.</i>"",       ""visualType"": ""SUBSETS_DIAGRAM"",       ""labels"": [""A"", ""B""],       ""elements"": { ""subset"": ""1, 2"", ""difference"": ""3, 4"" },       ""highlight"": []     },     {       ""title"": ""The Empty Set (Ø)"",       ""text"": ""Before we count subsets, we must meet the <b>Empty Set</b>.<br><br>This is a set with <b>NO</b> members. It is empty! We write it as <span class='sym'>{}</span> or <span class='sym'>Ø</span>."",       ""visualType"": ""FINITE_BASKET"",       ""visualData"": [],       ""showCount"": true     },     {       ""title"": ""The Golden Rule"",       ""text"": ""<b>Important Rule:</b> The Empty Set is a subset of <b>EVERY</b> set.<br><br>Why? Because 'nothing' can fit inside anything!<br><br><center><b>Ø ⊂ A</b></center>"",       ""visualType"": ""SUBSETS_DIAGRAM"",       ""labels"": [""Ø"", ""A""],       ""elements"": { ""subset"": """", ""difference"": ""1, 2, 3"" },       ""highlight"": [""subset""]     },     {       ""title"": ""Calculating Subsets"",       ""text"": ""To find the total number of subsets, use the formula:<br><br><center><span class='sym'>Subsets = 2ⁿ</span></center><br>Where <b>n</b> is the number of elements in the set."",       ""visualType"": ""POWER_SET_TREE"",       ""items"": [""a"", ""b""]     },     {       ""title"": ""Let's Verify!"",       ""text"": ""If Set V = { a, b }, then n = 2.<br><b>2² = 4 Subsets.</b><br><br>Let's list them:<br>1. {a, b} (The set itself)<br>2. {a}<br>3. {b}<br>4. { } (The Empty Set!)"",       ""visualType"": ""POWER_SET_TREE"",       ""items"": [""a"", ""b""]     }   ] }",study_subsets.json,quest_03_calculating_subsets
study_subsets_S3,T1,Subsets,Subsets & The Empty Set,E,Read,,3,"The Empty Set (Ø): Before we count subsets, we must meet the Empty Set.This is a set with NO members. It is empty! We write it as {} or Ø.",,,,,,,,,[],MATH_STUDY,study,content/math/set_theory/quest_03_calculating_subsets/study_subsets.json,,No,,0,"{   ""engineType"": ""MATH_STUDY"",   ""mode"": ""study"",   ""topic"": ""Subsets"",   ""variantTitle"": ""Subsets & The Empty Set"",   ""slides"": [     {       ""title"": ""What is a Subset?"",       ""text"": ""Set A is a <b>Subset</b> of Set B if <b>ALL</b> members of A are also inside B.<br><br>Think of it like a smaller box sitting inside a bigger box."",       ""visualType"": ""SUBSETS_DIAGRAM"",       ""labels"": [""A"", ""B""],       ""elements"": { ""subset"": ""1, 2"", ""difference"": ""3, 4, 5"" },       ""highlight"": [""subset""]     },     {       ""title"": ""The Notation (⊂)"",       ""text"": ""We use the symbol <span class='sym'>⊂</span> to mean 'is a subset of'.<br><br><center><b>A ⊂ B</b></center><br>This is read as: <i>Set A is a subset of Set B.</i>"",       ""visualType"": ""SUBSETS_DIAGRAM"",       ""labels"": [""A"", ""B""],       ""elements"": { ""subset"": ""1, 2"", ""difference"": ""3, 4"" },       ""highlight"": []     },     {       ""title"": ""The Empty Set (Ø)"",       ""text"": ""Before we count subsets, we must meet the <b>Empty Set</b>.<br><br>This is a set with <b>NO</b> members. It is empty! We write it as <span class='sym'>{}</span> or <span class='sym'>Ø</span>."",       ""visualType"": ""FINITE_BASKET"",       ""visualData"": [],       ""showCount"": true     },     {       ""title"": ""The Golden Rule"",       ""text"": ""<b>Important Rule:</b> The Empty Set is a subset of <b>EVERY</b> set.<br><br>Why? Because 'nothing' can fit inside anything!<br><br><center><b>Ø ⊂ A</b></center>"",       ""visualType"": ""SUBSETS_DIAGRAM"",       ""labels"": [""Ø"", ""A""],       ""elements"": { ""subset"": """", ""difference"": ""1, 2, 3"" },       ""highlight"": [""subset""]     },     {       ""title"": ""Calculating Subsets"",       ""text"": ""To find the total number of subsets, use the formula:<br><br><center><span class='sym'>Subsets = 2ⁿ</span></center><br>Where <b>n</b> is the number of elements in the set."",       ""visualType"": ""POWER_SET_TREE"",       ""items"": [""a"", ""b""]     },     {       ""title"": ""Let's Verify!"",       ""text"": ""If Set V = { a, b }, then n = 2.<br><b>2² = 4 Subsets.</b><br><br>Let's list them:<br>1. {a, b} (The set itself)<br>2. {a}<br>3. {b}<br>4. { } (The Empty Set!)"",       ""visualType"": ""POWER_SET_TREE"",       ""items"": [""a"", ""b""]     }   ] }",study_subsets.json,quest_03_calculating_subsets
study_subsets_S4,T1,Subsets,Subsets & The Empty Set,E,Read,,4,The Golden Rule: Important Rule: The Empty Set is a subset of EVERY set.Why? Because 'nothing' can fit inside anything!Ø ⊂ A,,,,,,,,,[],MATH_STUDY,study,content/math/set_theory/quest_03_calculating_subsets/study_subsets.json,,No,,0,"{   ""engineType"": ""MATH_STUDY"",   ""mode"": ""study"",   ""topic"": ""Subsets"",   ""variantTitle"": ""Subsets & The Empty Set"",   ""slides"": [     {       ""title"": ""What is a Subset?"",       ""text"": ""Set A is a <b>Subset</b> of Set B if <b>ALL</b> members of A are also inside B.<br><br>Think of it like a smaller box sitting inside a bigger box."",       ""visualType"": ""SUBSETS_DIAGRAM"",       ""labels"": [""A"", ""B""],       ""elements"": { ""subset"": ""1, 2"", ""difference"": ""3, 4, 5"" },       ""highlight"": [""subset""]     },     {       ""title"": ""The Notation (⊂)"",       ""text"": ""We use the symbol <span class='sym'>⊂</span> to mean 'is a subset of'.<br><br><center><b>A ⊂ B</b></center><br>This is read as: <i>Set A is a subset of Set B.</i>"",       ""visualType"": ""SUBSETS_DIAGRAM"",       ""labels"": [""A"", ""B""],       ""elements"": { ""subset"": ""1, 2"", ""difference"": ""3, 4"" },       ""highlight"": []     },     {       ""title"": ""The Empty Set (Ø)"",       ""text"": ""Before we count subsets, we must meet the <b>Empty Set</b>.<br><br>This is a set with <b>NO</b> members. It is empty! We write it as <span class='sym'>{}</span> or <span class='sym'>Ø</span>."",       ""visualType"": ""FINITE_BASKET"",       ""visualData"": [],       ""showCount"": true     },     {       ""title"": ""The Golden Rule"",       ""text"": ""<b>Important Rule:</b> The Empty Set is a subset of <b>EVERY</b> set.<br><br>Why? Because 'nothing' can fit inside anything!<br><br><center><b>Ø ⊂ A</b></center>"",       ""visualType"": ""SUBSETS_DIAGRAM"",       ""labels"": [""Ø"", ""A""],       ""elements"": { ""subset"": """", ""difference"": ""1, 2, 3"" },       ""highlight"": [""subset""]     },     {       ""title"": ""Calculating Subsets"",       ""text"": ""To find the total number of subsets, use the formula:<br><br><center><span class='sym'>Subsets = 2ⁿ</span></center><br>Where <b>n</b> is the number of elements in the set."",       ""visualType"": ""POWER_SET_TREE"",       ""items"": [""a"", ""b""]     },     {       ""title"": ""Let's Verify!"",       ""text"": ""If Set V = { a, b }, then n = 2.<br><b>2² = 4 Subsets.</b><br><br>Let's list them:<br>1. {a, b} (The set itself)<br>2. {a}<br>3. {b}<br>4. { } (The Empty Set!)"",       ""visualType"": ""POWER_SET_TREE"",       ""items"": [""a"", ""b""]     }   ] }",study_subsets.json,quest_03_calculating_subsets
study_subsets_S5,T1,Subsets,Subsets & The Empty Set,E,Read,,5,"Calculating Subsets: To find the total number of subsets, use the formula:Subsets = 2ⁿWhere n is the number of elements in the set.",,,,,,,,,[],MATH_STUDY,study,content/math/set_theory/quest_03_calculating_subsets/study_subsets.json,,No,,0,"{   ""engineType"": ""MATH_STUDY"",   ""mode"": ""study"",   ""topic"": ""Subsets"",   ""variantTitle"": ""Subsets & The Empty Set"",   ""slides"": [     {       ""title"": ""What is a Subset?"",       ""text"": ""Set A is a <b>Subset</b> of Set B if <b>ALL</b> members of A are also inside B.<br><br>Think of it like a smaller box sitting inside a bigger box."",       ""visualType"": ""SUBSETS_DIAGRAM"",       ""labels"": [""A"", ""B""],       ""elements"": { ""subset"": ""1, 2"", ""difference"": ""3, 4, 5"" },       ""highlight"": [""subset""]     },     {       ""title"": ""The Notation (⊂)"",       ""text"": ""We use the symbol <span class='sym'>⊂</span> to mean 'is a subset of'.<br><br><center><b>A ⊂ B</b></center><br>This is read as: <i>Set A is a subset of Set B.</i>"",       ""visualType"": ""SUBSETS_DIAGRAM"",       ""labels"": [""A"", ""B""],       ""elements"": { ""subset"": ""1, 2"", ""difference"": ""3, 4"" },       ""highlight"": []     },     {       ""title"": ""The Empty Set (Ø)"",       ""text"": ""Before we count subsets, we must meet the <b>Empty Set</b>.<br><br>This is a set with <b>NO</b> members. It is empty! We write it as <span class='sym'>{}</span> or <span class='sym'>Ø</span>."",       ""visualType"": ""FINITE_BASKET"",       ""visualData"": [],       ""showCount"": true     },     {       ""title"": ""The Golden Rule"",       ""text"": ""<b>Important Rule:</b> The Empty Set is a subset of <b>EVERY</b> set.<br><br>Why? Because 'nothing' can fit inside anything!<br><br><center><b>Ø ⊂ A</b></center>"",       ""visualType"": ""SUBSETS_DIAGRAM"",       ""labels"": [""Ø"", ""A""],       ""elements"": { ""subset"": """", ""difference"": ""1, 2, 3"" },       ""highlight"": [""subset""]     },     {       ""title"": ""Calculating Subsets"",       ""text"": ""To find the total number of subsets, use the formula:<br><br><center><span class='sym'>Subsets = 2ⁿ</span></center><br>Where <b>n</b> is the number of elements in the set."",       ""visualType"": ""POWER_SET_TREE"",       ""items"": [""a"", ""b""]     },     {       ""title"": ""Let's Verify!"",       ""text"": ""If Set V = { a, b }, then n = 2.<br><b>2² = 4 Subsets.</b><br><br>Let's list them:<br>1. {a, b} (The set itself)<br>2. {a}<br>3. {b}<br>4. { } (The Empty Set!)"",       ""visualType"": ""POWER_SET_TREE"",       ""items"": [""a"", ""b""]     }   ] }",study_subsets.json,quest_03_calculating_subsets
study_subsets_S6,T1,Subsets,Subsets & The Empty Set,E,Read,,6,"Let's Verify!: If Set V = { a, b }, then n = 2.2² = 4 Subsets.Let's list them:1. {a, b} (The set itself)2. {a}3. {b}4. { } (The Empty Set!)",,,,,,,,,[],MATH_STUDY,study,content/math/set_theory/quest_03_calculating_subsets/study_subsets.json,,No,,0,"{   ""engineType"": ""MATH_STUDY"",   ""mode"": ""study"",   ""topic"": ""Subsets"",   ""variantTitle"": ""Subsets & The Empty Set"",   ""slides"": [     {       ""title"": ""What is a Subset?"",       ""text"": ""Set A is a <b>Subset</b> of Set B if <b>ALL</b> members of A are also inside B.<br><br>Think of it like a smaller box sitting inside a bigger box."",       ""visualType"": ""SUBSETS_DIAGRAM"",       ""labels"": [""A"", ""B""],       ""elements"": { ""subset"": ""1, 2"", ""difference"": ""3, 4, 5"" },       ""highlight"": [""subset""]     },     {       ""title"": ""The Notation (⊂)"",       ""text"": ""We use the symbol <span class='sym'>⊂</span> to mean 'is a subset of'.<br><br><center><b>A ⊂ B</b></center><br>This is read as: <i>Set A is a subset of Set B.</i>"",       ""visualType"": ""SUBSETS_DIAGRAM"",       ""labels"": [""A"", ""B""],       ""elements"": { ""subset"": ""1, 2"", ""difference"": ""3, 4"" },       ""highlight"": []     },     {       ""title"": ""The Empty Set (Ø)"",       ""text"": ""Before we count subsets, we must meet the <b>Empty Set</b>.<br><br>This is a set with <b>NO</b> members. It is empty! We write it as <span class='sym'>{}</span> or <span class='sym'>Ø</span>."",       ""visualType"": ""FINITE_BASKET"",       ""visualData"": [],       ""showCount"": true     },     {       ""title"": ""The Golden Rule"",       ""text"": ""<b>Important Rule:</b> The Empty Set is a subset of <b>EVERY</b> set.<br><br>Why? Because 'nothing' can fit inside anything!<br><br><center><b>Ø ⊂ A</b></center>"",       ""visualType"": ""SUBSETS_DIAGRAM"",       ""labels"": [""Ø"", ""A""],       ""elements"": { ""subset"": """", ""difference"": ""1, 2, 3"" },       ""highlight"": [""subset""]     },     {       ""title"": ""Calculating Subsets"",       ""text"": ""To find the total number of subsets, use the formula:<br><br><center><span class='sym'>Subsets = 2ⁿ</span></center><br>Where <b>n</b> is the number of elements in the set."",       ""visualType"": ""POWER_SET_TREE"",       ""items"": [""a"", ""b""]     },     {       ""title"": ""Let's Verify!"",       ""text"": ""If Set V = { a, b }, then n = 2.<br><b>2² = 4 Subsets.</b><br><br>Let's list them:<br>1. {a, b} (The set itself)<br>2. {a}<br>3. {b}<br>4. { } (The Empty Set!)"",       ""visualType"": ""POWER_SET_TREE"",       ""items"": [""a"", ""b""]     }   ] }",study_subsets.json,quest_03_calculating_subsets
04-001_Q1,T1,Proper Subsets,Quest 4: Proper Subsets,E,Simulation,,1,How many Proper Subsets are in X ∩ Y?,,,,,,Intersection has 3 items. Formula: (2ⁿ) - 1. So 2³ - 1.,,,[],SET_THEORY,quiz,content/math/set_theory/quest_04_calculating_proper_subsets/04-001.json,,No,,5,"{   ""engineType"": ""SET_THEORY"",   ""mode"": ""quiz"",   ""subject"": ""MATH"",   ""topic"": ""Proper Subsets"",   ""variantTitle"": ""Quest 4: Proper Subsets"",   ""sets"": {     ""A"": { ""label"": ""X"", ""color"": ""#9333ea"" },     ""B"": { ""label"": ""Y"", ""color"": ""#db2777"" }   },   ""zones"": {     ""left"": [10, 20],      ""center"": [30, 40, 50],      ""right"": [60],      ""outside"": []   },   ""questions"": [     {       ""type"": ""PROPER_SUBSET_COUNT"",       ""targetRegion"": ""center"",       ""prompt"": ""How many <b>Proper Subsets</b> are in <span style='color:#64748b'>X ∩ Y</span>?"",       ""hint"": ""Intersection has 3 items. Formula: (2ⁿ) - 1. So 2³ - 1.""     },     {       ""type"": ""PROPER_SUBSET_COUNT"",       ""targetRegion"": ""left_only"",       ""prompt"": ""Find number of proper subsets in <span style='color:#9333ea'>(X only)</span>."",       ""hint"": ""X only has 2 items. Calculate 2² - 1.""     },     {       ""type"": ""REVERSE_SUBSET"",       ""targetRegion"": ""union"",        ""prompt"": ""A set has <b>31 Proper Subsets</b>. Find the number of elements (n)."",       ""expected_val"": 5,       ""hint"": ""2ⁿ - 1 = 31. So 2ⁿ = 32. How many 2s multiply to make 32?""     }   ] }",04-001.json,quest_04_calculating_proper_subsets
04-001_Q2,T1,Proper Subsets,Quest 4: Proper Subsets,E,Simulation,,2,Find number of proper subsets in (X only).,,,,,,X only has 2 items. Calculate 2² - 1.,,,[],SET_THEORY,quiz,content/math/set_theory/quest_04_calculating_proper_subsets/04-001.json,,No,,5,"{   ""engineType"": ""SET_THEORY"",   ""mode"": ""quiz"",   ""subject"": ""MATH"",   ""topic"": ""Proper Subsets"",   ""variantTitle"": ""Quest 4: Proper Subsets"",   ""sets"": {     ""A"": { ""label"": ""X"", ""color"": ""#9333ea"" },     ""B"": { ""label"": ""Y"", ""color"": ""#db2777"" }   },   ""zones"": {     ""left"": [10, 20],      ""center"": [30, 40, 50],      ""right"": [60],      ""outside"": []   },   ""questions"": [     {       ""type"": ""PROPER_SUBSET_COUNT"",       ""targetRegion"": ""center"",       ""prompt"": ""How many <b>Proper Subsets</b> are in <span style='color:#64748b'>X ∩ Y</span>?"",       ""hint"": ""Intersection has 3 items. Formula: (2ⁿ) - 1. So 2³ - 1.""     },     {       ""type"": ""PROPER_SUBSET_COUNT"",       ""targetRegion"": ""left_only"",       ""prompt"": ""Find number of proper subsets in <span style='color:#9333ea'>(X only)</span>."",       ""hint"": ""X only has 2 items. Calculate 2² - 1.""     },     {       ""type"": ""REVERSE_SUBSET"",       ""targetRegion"": ""union"",        ""prompt"": ""A set has <b>31 Proper Subsets</b>. Find the number of elements (n)."",       ""expected_val"": 5,       ""hint"": ""2ⁿ - 1 = 31. So 2ⁿ = 32. How many 2s multiply to make 32?""     }   ] }",04-001.json,quest_04_calculating_proper_subsets
04-001_Q3,T1,Proper Subsets,Quest 4: Proper Subsets,E,Simulation,,3,A set has 31 Proper Subsets. Find the number of elements (n).,,,,,,2ⁿ - 1 = 31. So 2ⁿ = 32. How many 2s multiply to make 32?,,,[],SET_THEORY,quiz,content/math/set_theory/quest_04_calculating_proper_subsets/04-001.json,,No,,5,"{   ""engineType"": ""SET_THEORY"",   ""mode"": ""quiz"",   ""subject"": ""MATH"",   ""topic"": ""Proper Subsets"",   ""variantTitle"": ""Quest 4: Proper Subsets"",   ""sets"": {     ""A"": { ""label"": ""X"", ""color"": ""#9333ea"" },     ""B"": { ""label"": ""Y"", ""color"": ""#db2777"" }   },   ""zones"": {     ""left"": [10, 20],      ""center"": [30, 40, 50],      ""right"": [60],      ""outside"": []   },   ""questions"": [     {       ""type"": ""PROPER_SUBSET_COUNT"",       ""targetRegion"": ""center"",       ""prompt"": ""How many <b>Proper Subsets</b> are in <span style='color:#64748b'>X ∩ Y</span>?"",       ""hint"": ""Intersection has 3 items. Formula: (2ⁿ) - 1. So 2³ - 1.""     },     {       ""type"": ""PROPER_SUBSET_COUNT"",       ""targetRegion"": ""left_only"",       ""prompt"": ""Find number of proper subsets in <span style='color:#9333ea'>(X only)</span>."",       ""hint"": ""X only has 2 items. Calculate 2² - 1.""     },     {       ""type"": ""REVERSE_SUBSET"",       ""targetRegion"": ""union"",        ""prompt"": ""A set has <b>31 Proper Subsets</b>. Find the number of elements (n)."",       ""expected_val"": 5,       ""hint"": ""2ⁿ - 1 = 31. So 2ⁿ = 32. How many 2s multiply to make 32?""     }   ] }",04-001.json,quest_04_calculating_proper_subsets
04-002_Q1,T1,Proper Subsets,Quest 4-002: Vowels,E,Simulation,,1,Step 1: Find n(V). (Count the vowels),,,,,,"Count a, e, i, o, u.",,,[],SET_THEORY,quiz,content/math/set_theory/quest_04_calculating_proper_subsets/04-002.json,,No,,5,"{   ""engineType"": ""SET_THEORY"",   ""mode"": ""quiz"",   ""subject"": ""MATH"",   ""topic"": ""Proper Subsets"",   ""variantTitle"": ""Quest 4-002: Vowels"",   ""sets"": { ""A"": { ""label"": ""V"", ""color"": ""#9333ea"" }, ""B"": { ""label"": """", ""color"": ""transparent"" } },   ""zones"": { ""left"": [], ""center"": [""a"", ""e"", ""i"", ""o"", ""u""], ""right"": [], ""outside"": [] },   ""questions"": [     {       ""type"": ""COUNT"",       ""targetRegion"": ""intersection"",       ""prompt"": ""<b>Step 1:</b> Find n(V). (Count the vowels)"",       ""hint"": ""Count a, e, i, o, u.""     },     {       ""type"": ""SUBSET_COUNT"",       ""targetRegion"": ""intersection"",       ""prompt"": ""<b>Step 2:</b> Calculate total <b>Subsets</b> (2ⁿ)."",       ""hint"": ""2⁵ = 2×2×2×2×2 = 32.""     },     {       ""type"": ""PROPER_SUBSET_COUNT"",       ""targetRegion"": ""intersection"",       ""prompt"": ""<b>Step 3:</b> Calculate <b>Proper Subsets</b>."",       ""hint"": ""Total - 1 = 31.""     }   ] }",04-002.json,quest_04_calculating_proper_subsets
04-002_Q2,T1,Proper Subsets,Quest 4-002: Vowels,E,Simulation,,2,Step 2: Calculate total Subsets (2ⁿ).,,,,,,2⁵ = 2×2×2×2×2 = 32.,,,[],SET_THEORY,quiz,content/math/set_theory/quest_04_calculating_proper_subsets/04-002.json,,No,,5,"{   ""engineType"": ""SET_THEORY"",   ""mode"": ""quiz"",   ""subject"": ""MATH"",   ""topic"": ""Proper Subsets"",   ""variantTitle"": ""Quest 4-002: Vowels"",   ""sets"": { ""A"": { ""label"": ""V"", ""color"": ""#9333ea"" }, ""B"": { ""label"": """", ""color"": ""transparent"" } },   ""zones"": { ""left"": [], ""center"": [""a"", ""e"", ""i"", ""o"", ""u""], ""right"": [], ""outside"": [] },   ""questions"": [     {       ""type"": ""COUNT"",       ""targetRegion"": ""intersection"",       ""prompt"": ""<b>Step 1:</b> Find n(V). (Count the vowels)"",       ""hint"": ""Count a, e, i, o, u.""     },     {       ""type"": ""SUBSET_COUNT"",       ""targetRegion"": ""intersection"",       ""prompt"": ""<b>Step 2:</b> Calculate total <b>Subsets</b> (2ⁿ)."",       ""hint"": ""2⁵ = 2×2×2×2×2 = 32.""     },     {       ""type"": ""PROPER_SUBSET_COUNT"",       ""targetRegion"": ""intersection"",       ""prompt"": ""<b>Step 3:</b> Calculate <b>Proper Subsets</b>."",       ""hint"": ""Total - 1 = 31.""     }   ] }",04-002.json,quest_04_calculating_proper_subsets
04-002_Q3,T1,Proper Subsets,Quest 4-002: Vowels,E,Simulation,,3,Step 3: Calculate Proper Subsets.,,,,,,Total - 1 = 31.,,,[],SET_THEORY,quiz,content/math/set_theory/quest_04_calculating_proper_subsets/04-002.json,,No,,5,"{   ""engineType"": ""SET_THEORY"",   ""mode"": ""quiz"",   ""subject"": ""MATH"",   ""topic"": ""Proper Subsets"",   ""variantTitle"": ""Quest 4-002: Vowels"",   ""sets"": { ""A"": { ""label"": ""V"", ""color"": ""#9333ea"" }, ""B"": { ""label"": """", ""color"": ""transparent"" } },   ""zones"": { ""left"": [], ""center"": [""a"", ""e"", ""i"", ""o"", ""u""], ""right"": [], ""outside"": [] },   ""questions"": [     {       ""type"": ""COUNT"",       ""targetRegion"": ""intersection"",       ""prompt"": ""<b>Step 1:</b> Find n(V). (Count the vowels)"",       ""hint"": ""Count a, e, i, o, u.""     },     {       ""type"": ""SUBSET_COUNT"",       ""targetRegion"": ""intersection"",       ""prompt"": ""<b>Step 2:</b> Calculate total <b>Subsets</b> (2ⁿ)."",       ""hint"": ""2⁵ = 2×2×2×2×2 = 32.""     },     {       ""type"": ""PROPER_SUBSET_COUNT"",       ""targetRegion"": ""intersection"",       ""prompt"": ""<b>Step 3:</b> Calculate <b>Proper Subsets</b>."",       ""hint"": ""Total - 1 = 31.""     }   ] }",04-002.json,quest_04_calculating_proper_subsets
04-003_Q1,T1,Proper Subsets,Quest 4-003: Colors,E,Simulation,,1,Step 1: Find n(C).,,,,,,Count the colors.,,,[],SET_THEORY,quiz,content/math/set_theory/quest_04_calculating_proper_subsets/04-003.json,,No,,5,"{   ""engineType"": ""SET_THEORY"",   ""mode"": ""quiz"",   ""subject"": ""MATH"",   ""topic"": ""Proper Subsets"",   ""variantTitle"": ""Quest 4-003: Colors"",   ""sets"": { ""A"": { ""label"": ""C"", ""color"": ""#ef4444"" }, ""B"": { ""label"": """", ""color"": ""transparent"" } },   ""zones"": { ""left"": [], ""center"": [""Red"", ""Blue"", ""Yell""], ""right"": [], ""outside"": [] },   ""questions"": [     {       ""type"": ""COUNT"",       ""targetRegion"": ""intersection"",       ""prompt"": ""<b>Step 1:</b> Find n(C)."",       ""hint"": ""Count the colors.""     },     {       ""type"": ""SUBSET_COUNT"",       ""targetRegion"": ""intersection"",       ""prompt"": ""<b>Step 2:</b> Total Subsets."",       ""hint"": ""2³ = 8.""     },     {       ""type"": ""PROPER_SUBSET_COUNT"",       ""targetRegion"": ""intersection"",       ""prompt"": ""<b>Step 3:</b> Proper Subsets."",       ""hint"": ""8 - 1 = 7.""     }   ] }",04-003.json,quest_04_calculating_proper_subsets
04-003_Q2,T1,Proper Subsets,Quest 4-003: Colors,E,Simulation,,2,Step 2: Total Subsets.,,,,,,2³ = 8.,,,[],SET_THEORY,quiz,content/math/set_theory/quest_04_calculating_proper_subsets/04-003.json,,No,,5,"{   ""engineType"": ""SET_THEORY"",   ""mode"": ""quiz"",   ""subject"": ""MATH"",   ""topic"": ""Proper Subsets"",   ""variantTitle"": ""Quest 4-003: Colors"",   ""sets"": { ""A"": { ""label"": ""C"", ""color"": ""#ef4444"" }, ""B"": { ""label"": """", ""color"": ""transparent"" } },   ""zones"": { ""left"": [], ""center"": [""Red"", ""Blue"", ""Yell""], ""right"": [], ""outside"": [] },   ""questions"": [     {       ""type"": ""COUNT"",       ""targetRegion"": ""intersection"",       ""prompt"": ""<b>Step 1:</b> Find n(C)."",       ""hint"": ""Count the colors.""     },     {       ""type"": ""SUBSET_COUNT"",       ""targetRegion"": ""intersection"",       ""prompt"": ""<b>Step 2:</b> Total Subsets."",       ""hint"": ""2³ = 8.""     },     {       ""type"": ""PROPER_SUBSET_COUNT"",       ""targetRegion"": ""intersection"",       ""prompt"": ""<b>Step 3:</b> Proper Subsets."",       ""hint"": ""8 - 1 = 7.""     }   ] }",04-003.json,quest_04_calculating_proper_subsets
04-003_Q3,T1,Proper Subsets,Quest 4-003: Colors,E,Simulation,,3,Step 3: Proper Subsets.,,,,,,8 - 1 = 7.,,,[],SET_THEORY,quiz,content/math/set_theory/quest_04_calculating_proper_subsets/04-003.json,,No,,5,"{   ""engineType"": ""SET_THEORY"",   ""mode"": ""quiz"",   ""subject"": ""MATH"",   ""topic"": ""Proper Subsets"",   ""variantTitle"": ""Quest 4-003: Colors"",   ""sets"": { ""A"": { ""label"": ""C"", ""color"": ""#ef4444"" }, ""B"": { ""label"": """", ""color"": ""transparent"" } },   ""zones"": { ""left"": [], ""center"": [""Red"", ""Blue"", ""Yell""], ""right"": [], ""outside"": [] },   ""questions"": [     {       ""type"": ""COUNT"",       ""targetRegion"": ""intersection"",       ""prompt"": ""<b>Step 1:</b> Find n(C)."",       ""hint"": ""Count the colors.""     },     {       ""type"": ""SUBSET_COUNT"",       ""targetRegion"": ""intersection"",       ""prompt"": ""<b>Step 2:</b> Total Subsets."",       ""hint"": ""2³ = 8.""     },     {       ""type"": ""PROPER_SUBSET_COUNT"",       ""targetRegion"": ""intersection"",       ""prompt"": ""<b>Step 3:</b> Proper Subsets."",       ""hint"": ""8 - 1 = 7.""     }   ] }",04-003.json,quest_04_calculating_proper_subsets
04-004_Q1,T1,Proper Subsets,Quest 4-004: Even Numbers,E,Simulation,,1,Step 1: Find n(E).,,,,,,Count the even numbers.,,,[],SET_THEORY,quiz,content/math/set_theory/quest_04_calculating_proper_subsets/04-004.json,,No,,5,"{   ""engineType"": ""SET_THEORY"",   ""mode"": ""quiz"",   ""subject"": ""MATH"",   ""topic"": ""Proper Subsets"",   ""variantTitle"": ""Quest 4-004: Even Numbers"",   ""sets"": { ""A"": { ""label"": ""E"", ""color"": ""#059669"" }, ""B"": { ""label"": """", ""color"": ""transparent"" } },   ""zones"": { ""left"": [], ""center"": [2, 4, 6, 8], ""right"": [], ""outside"": [] },   ""questions"": [     {       ""type"": ""COUNT"",       ""targetRegion"": ""intersection"",       ""prompt"": ""<b>Step 1:</b> Find n(E)."",       ""hint"": ""Count the even numbers.""     },     {       ""type"": ""SUBSET_COUNT"",       ""targetRegion"": ""intersection"",       ""prompt"": ""<b>Step 2:</b> Total Subsets."",       ""hint"": ""2⁴ = 16.""     },     {       ""type"": ""PROPER_SUBSET_COUNT"",       ""targetRegion"": ""intersection"",       ""prompt"": ""<b>Step 3:</b> Proper Subsets."",       ""hint"": ""16 - 1 = 15.""     }   ] }",04-004.json,quest_04_calculating_proper_subsets
04-004_Q2,T1,Proper Subsets,Quest 4-004: Even Numbers,E,Simulation,,2,Step 2: Total Subsets.,,,,,,2⁴ = 16.,,,[],SET_THEORY,quiz,content/math/set_theory/quest_04_calculating_proper_subsets/04-004.json,,No,,5,"{   ""engineType"": ""SET_THEORY"",   ""mode"": ""quiz"",   ""subject"": ""MATH"",   ""topic"": ""Proper Subsets"",   ""variantTitle"": ""Quest 4-004: Even Numbers"",   ""sets"": { ""A"": { ""label"": ""E"", ""color"": ""#059669"" }, ""B"": { ""label"": """", ""color"": ""transparent"" } },   ""zones"": { ""left"": [], ""center"": [2, 4, 6, 8], ""right"": [], ""outside"": [] },   ""questions"": [     {       ""type"": ""COUNT"",       ""targetRegion"": ""intersection"",       ""prompt"": ""<b>Step 1:</b> Find n(E)."",       ""hint"": ""Count the even numbers.""     },     {       ""type"": ""SUBSET_COUNT"",       ""targetRegion"": ""intersection"",       ""prompt"": ""<b>Step 2:</b> Total Subsets."",       ""hint"": ""2⁴ = 16.""     },     {       ""type"": ""PROPER_SUBSET_COUNT"",       ""targetRegion"": ""intersection"",       ""prompt"": ""<b>Step 3:</b> Proper Subsets."",       ""hint"": ""16 - 1 = 15.""     }   ] }",04-004.json,quest_04_calculating_proper_subsets
04-004_Q3,T1,Proper Subsets,Quest 4-004: Even Numbers,E,Simulation,,3,Step 3: Proper Subsets.,,,,,,16 - 1 = 15.,,,[],SET_THEORY,quiz,content/math/set_theory/quest_04_calculating_proper_subsets/04-004.json,,No,,5,"{   ""engineType"": ""SET_THEORY"",   ""mode"": ""quiz"",   ""subject"": ""MATH"",   ""topic"": ""Proper Subsets"",   ""variantTitle"": ""Quest 4-004: Even Numbers"",   ""sets"": { ""A"": { ""label"": ""E"", ""color"": ""#059669"" }, ""B"": { ""label"": """", ""color"": ""transparent"" } },   ""zones"": { ""left"": [], ""center"": [2, 4, 6, 8], ""right"": [], ""outside"": [] },   ""questions"": [     {       ""type"": ""COUNT"",       ""targetRegion"": ""intersection"",       ""prompt"": ""<b>Step 1:</b> Find n(E)."",       ""hint"": ""Count the even numbers.""     },     {       ""type"": ""SUBSET_COUNT"",       ""targetRegion"": ""intersection"",       ""prompt"": ""<b>Step 2:</b> Total Subsets."",       ""hint"": ""2⁴ = 16.""     },     {       ""type"": ""PROPER_SUBSET_COUNT"",       ""targetRegion"": ""intersection"",       ""prompt"": ""<b>Step 3:</b> Proper Subsets."",       ""hint"": ""16 - 1 = 15.""     }   ] }",04-004.json,quest_04_calculating_proper_subsets
04-005_Q1,T1,Proper Subsets,Quest 4-005: Single Set,E,Simulation,,1,Step 1: Find n(S).,,,,,,There is only 1 item.,,,[],SET_THEORY,quiz,content/math/set_theory/quest_04_calculating_proper_subsets/04-005.json,,No,,5,"{   ""engineType"": ""SET_THEORY"",   ""mode"": ""quiz"",   ""subject"": ""MATH"",   ""topic"": ""Proper Subsets"",   ""variantTitle"": ""Quest 4-005: Single Set"",   ""sets"": { ""A"": { ""label"": ""S"", ""color"": ""#2563eb"" }, ""B"": { ""label"": """", ""color"": ""transparent"" } },   ""zones"": { ""left"": [], ""center"": [""A""], ""right"": [], ""outside"": [] },   ""questions"": [     {       ""type"": ""COUNT"",       ""targetRegion"": ""intersection"",       ""prompt"": ""<b>Step 1:</b> Find n(S)."",       ""hint"": ""There is only 1 item.""     },     {       ""type"": ""SUBSET_COUNT"",       ""targetRegion"": ""intersection"",       ""prompt"": ""<b>Step 2:</b> Total Subsets."",       ""hint"": ""2¹ = 2.""     },     {       ""type"": ""PROPER_SUBSET_COUNT"",       ""targetRegion"": ""intersection"",       ""prompt"": ""<b>Step 3:</b> Proper Subsets."",       ""hint"": ""2 - 1 = 1.""     }   ] }",04-005.json,quest_04_calculating_proper_subsets
04-005_Q2,T1,Proper Subsets,Quest 4-005: Single Set,E,Simulation,,2,Step 2: Total Subsets.,,,,,,2¹ = 2.,,,[],SET_THEORY,quiz,content/math/set_theory/quest_04_calculating_proper_subsets/04-005.json,,No,,5,"{   ""engineType"": ""SET_THEORY"",   ""mode"": ""quiz"",   ""subject"": ""MATH"",   ""topic"": ""Proper Subsets"",   ""variantTitle"": ""Quest 4-005: Single Set"",   ""sets"": { ""A"": { ""label"": ""S"", ""color"": ""#2563eb"" }, ""B"": { ""label"": """", ""color"": ""transparent"" } },   ""zones"": { ""left"": [], ""center"": [""A""], ""right"": [], ""outside"": [] },   ""questions"": [     {       ""type"": ""COUNT"",       ""targetRegion"": ""intersection"",       ""prompt"": ""<b>Step 1:</b> Find n(S)."",       ""hint"": ""There is only 1 item.""     },     {       ""type"": ""SUBSET_COUNT"",       ""targetRegion"": ""intersection"",       ""prompt"": ""<b>Step 2:</b> Total Subsets."",       ""hint"": ""2¹ = 2.""     },     {       ""type"": ""PROPER_SUBSET_COUNT"",       ""targetRegion"": ""intersection"",       ""prompt"": ""<b>Step 3:</b> Proper Subsets."",       ""hint"": ""2 - 1 = 1.""     }   ] }",04-005.json,quest_04_calculating_proper_subsets
04-005_Q3,T1,Proper Subsets,Quest 4-005: Single Set,E,Simulation,,3,Step 3: Proper Subsets.,,,,,,2 - 1 = 1.,,,[],SET_THEORY,quiz,content/math/set_theory/quest_04_calculating_proper_subsets/04-005.json,,No,,5,"{   ""engineType"": ""SET_THEORY"",   ""mode"": ""quiz"",   ""subject"": ""MATH"",   ""topic"": ""Proper Subsets"",   ""variantTitle"": ""Quest 4-005: Single Set"",   ""sets"": { ""A"": { ""label"": ""S"", ""color"": ""#2563eb"" }, ""B"": { ""label"": """", ""color"": ""transparent"" } },   ""zones"": { ""left"": [], ""center"": [""A""], ""right"": [], ""outside"": [] },   ""questions"": [     {       ""type"": ""COUNT"",       ""targetRegion"": ""intersection"",       ""prompt"": ""<b>Step 1:</b> Find n(S)."",       ""hint"": ""There is only 1 item.""     },     {       ""type"": ""SUBSET_COUNT"",       ""targetRegion"": ""intersection"",       ""prompt"": ""<b>Step 2:</b> Total Subsets."",       ""hint"": ""2¹ = 2.""     },     {       ""type"": ""PROPER_SUBSET_COUNT"",       ""targetRegion"": ""intersection"",       ""prompt"": ""<b>Step 3:</b> Proper Subsets."",       ""hint"": ""2 - 1 = 1.""     }   ] }",04-005.json,quest_04_calculating_proper_subsets
04-006_Q1,T1,Proper Subsets,Quest 4-006: The Giant Pizza,E,Simulation,,1,Master Chef Level: Create a menu with exactly 31 Proper Subsets.,,,,,,,,,[],PIZZA_GAME,quiz,content/math/set_theory/quest_04_calculating_proper_subsets/04-006.json,,No,,5,"{   ""engineType"": ""PIZZA_GAME"",   ""mode"": ""quiz"",   ""subject"": ""MATH"",   ""topic"": ""Proper Subsets"",   ""variantTitle"": ""Quest 4-006: The Giant Pizza"",   ""questions"": [     {       ""targetVal"": 31,       ""prompt"": ""<b>Master Chef Level:</b> Create a menu with exactly <b>31 Proper Subsets</b>.""     }   ] }",04-006.json,quest_04_calculating_proper_subsets
04-007_Q1,T1,Proper Subsets,Quest 4-007: Prime Proper,E,Simulation,,1,Step 1: Find n(P) for Primes less than 10.,,,,,,"2, 3, 5, 7. Count is 4.",,,[],SET_THEORY,quiz,content/math/set_theory/quest_04_calculating_proper_subsets/04-007.json,,No,,5,"{   ""engineType"": ""SET_THEORY"",   ""mode"": ""quiz"",   ""subject"": ""MATH"",   ""topic"": ""Proper Subsets"",   ""variantTitle"": ""Quest 4-007: Prime Proper"",   ""sets"": { ""A"": { ""label"": ""P"", ""color"": ""#16a34a"" }, ""B"": { ""label"": """", ""color"": ""transparent"" } },   ""zones"": { ""left"": [], ""center"": [2, 3, 5, 7], ""right"": [], ""outside"": [] },   ""questions"": [     {       ""type"": ""COUNT"",       ""targetRegion"": ""intersection"",       ""prompt"": ""<b>Step 1:</b> Find n(P) for Primes less than 10."",       ""hint"": ""2, 3, 5, 7. Count is 4.""     },     {       ""retain_visuals"": true,       ""type"": ""PROPER_SUBSET_COUNT"",       ""targetRegion"": ""intersection"",       ""prompt"": ""<b>Step 2:</b> Calculate <b>Proper Subsets</b>."",       ""hint"": ""Formula: 2ⁿ - 1. So 16 - 1 = 15.""     }   ] }",04-007.json,quest_04_calculating_proper_subsets
04-007_Q2,T1,Proper Subsets,Quest 4-007: Prime Proper,E,Simulation,,2,Step 2: Calculate Proper Subsets.,,,,,,Formula: 2ⁿ - 1. So 16 - 1 = 15.,,,[],SET_THEORY,quiz,content/math/set_theory/quest_04_calculating_proper_subsets/04-007.json,,No,,5,"{   ""engineType"": ""SET_THEORY"",   ""mode"": ""quiz"",   ""subject"": ""MATH"",   ""topic"": ""Proper Subsets"",   ""variantTitle"": ""Quest 4-007: Prime Proper"",   ""sets"": { ""A"": { ""label"": ""P"", ""color"": ""#16a34a"" }, ""B"": { ""label"": """", ""color"": ""transparent"" } },   ""zones"": { ""left"": [], ""center"": [2, 3, 5, 7], ""right"": [], ""outside"": [] },   ""questions"": [     {       ""type"": ""COUNT"",       ""targetRegion"": ""intersection"",       ""prompt"": ""<b>Step 1:</b> Find n(P) for Primes less than 10."",       ""hint"": ""2, 3, 5, 7. Count is 4.""     },     {       ""retain_visuals"": true,       ""type"": ""PROPER_SUBSET_COUNT"",       ""targetRegion"": ""intersection"",       ""prompt"": ""<b>Step 2:</b> Calculate <b>Proper Subsets</b>."",       ""hint"": ""Formula: 2ⁿ - 1. So 16 - 1 = 15.""     }   ] }",04-007.json,quest_04_calculating_proper_subsets
04-008_Q1,T1,Word Problems,Quest 4-008: Word Proper,E,Simulation,,1,Step 1: Find n(W) for the word 'EAT'.,,,,,,There are 3 letters.,,,[],SET_THEORY,quiz,content/math/set_theory/quest_04_calculating_proper_subsets/04-008.json,,No,,5,"{   ""engineType"": ""SET_THEORY"",   ""mode"": ""quiz"",   ""subject"": ""MATH"",   ""topic"": ""Word Problems"",   ""variantTitle"": ""Quest 4-008: Word Proper"",   ""sets"": { ""A"": { ""label"": ""W"", ""color"": ""#db2777"" }, ""B"": { ""label"": """", ""color"": ""transparent"" } },   ""zones"": { ""left"": [], ""center"": [""E"", ""A"", ""T""], ""right"": [], ""outside"": [] },   ""questions"": [     {       ""type"": ""COUNT"",       ""targetRegion"": ""intersection"",       ""prompt"": ""<b>Step 1:</b> Find n(W) for the word 'EAT'."",       ""hint"": ""There are 3 letters.""     },     {       ""retain_visuals"": true,       ""type"": ""PROPER_SUBSET_COUNT"",       ""targetRegion"": ""intersection"",       ""prompt"": ""<b>Step 2:</b> Calculate <b>Proper Subsets</b>."",       ""hint"": ""2³ - 1 = 8 - 1 = 7.""     }   ] }",04-008.json,quest_04_calculating_proper_subsets
04-008_Q2,T1,Word Problems,Quest 4-008: Word Proper,E,Simulation,,2,Step 2: Calculate Proper Subsets.,,,,,,2³ - 1 = 8 - 1 = 7.,,,[],SET_THEORY,quiz,content/math/set_theory/quest_04_calculating_proper_subsets/04-008.json,,No,,5,"{   ""engineType"": ""SET_THEORY"",   ""mode"": ""quiz"",   ""subject"": ""MATH"",   ""topic"": ""Word Problems"",   ""variantTitle"": ""Quest 4-008: Word Proper"",   ""sets"": { ""A"": { ""label"": ""W"", ""color"": ""#db2777"" }, ""B"": { ""label"": """", ""color"": ""transparent"" } },   ""zones"": { ""left"": [], ""center"": [""E"", ""A"", ""T""], ""right"": [], ""outside"": [] },   ""questions"": [     {       ""type"": ""COUNT"",       ""targetRegion"": ""intersection"",       ""prompt"": ""<b>Step 1:</b> Find n(W) for the word 'EAT'."",       ""hint"": ""There are 3 letters.""     },     {       ""retain_visuals"": true,       ""type"": ""PROPER_SUBSET_COUNT"",       ""targetRegion"": ""intersection"",       ""prompt"": ""<b>Step 2:</b> Calculate <b>Proper Subsets</b>."",       ""hint"": ""2³ - 1 = 8 - 1 = 7.""     }   ] }",04-008.json,quest_04_calculating_proper_subsets
04-009_Q1,T1,Concepts,Quest 4-010: Concept Check,E,Simulation,,1,"Total Subsets of {1, 2}?",,,,,,2² = 4.,,,[],SET_THEORY,quiz,content/math/set_theory/quest_04_calculating_proper_subsets/04-009.json,,No,,5,"{   ""engineType"": ""SET_THEORY"",   ""mode"": ""quiz"",   ""subject"": ""MATH"",   ""topic"": ""Concepts"",   ""variantTitle"": ""Quest 4-010: Concept Check"",   ""sets"": { ""A"": { ""label"": ""A"", ""color"": ""#9333ea"" }, ""B"": { ""label"": """", ""color"": ""transparent"" } },   ""zones"": { ""left"": [], ""center"": [""1"", ""2""], ""right"": [], ""outside"": [] },   ""questions"": [     {       ""type"": ""SUBSET_COUNT"",       ""targetRegion"": ""intersection"",       ""prompt"": ""Total Subsets of {1, 2}?"",       ""hint"": ""2² = 4.""     },     {       ""retain_visuals"": true,       ""type"": ""PROPER_SUBSET_COUNT"",       ""targetRegion"": ""intersection"",       ""prompt"": ""Total <b>Proper</b> Subsets?"",       ""hint"": ""4 - 1 = 3.""     },     {       ""interaction"": ""CHOICE"",       ""prompt"": ""Which subset is removed to make them 'Proper'?"",       ""options"": [         ""The Empty Set"",         ""The Set Itself"",         ""Single Elements"",         ""None""       ],       ""expected"": ""The Set Itself"",       ""hint"": ""Proper subsets cannot be equal to the original set.""     }   ] }",04-009.json,quest_04_calculating_proper_subsets
04-009_Q2,T1,Concepts,Quest 4-010: Concept Check,E,Simulation,,2,Total Proper Subsets?,,,,,,4 - 1 = 3.,,,[],SET_THEORY,quiz,content/math/set_theory/quest_04_calculating_proper_subsets/04-009.json,,No,,5,"{   ""engineType"": ""SET_THEORY"",   ""mode"": ""quiz"",   ""subject"": ""MATH"",   ""topic"": ""Concepts"",   ""variantTitle"": ""Quest 4-010: Concept Check"",   ""sets"": { ""A"": { ""label"": ""A"", ""color"": ""#9333ea"" }, ""B"": { ""label"": """", ""color"": ""transparent"" } },   ""zones"": { ""left"": [], ""center"": [""1"", ""2""], ""right"": [], ""outside"": [] },   ""questions"": [     {       ""type"": ""SUBSET_COUNT"",       ""targetRegion"": ""intersection"",       ""prompt"": ""Total Subsets of {1, 2}?"",       ""hint"": ""2² = 4.""     },     {       ""retain_visuals"": true,       ""type"": ""PROPER_SUBSET_COUNT"",       ""targetRegion"": ""intersection"",       ""prompt"": ""Total <b>Proper</b> Subsets?"",       ""hint"": ""4 - 1 = 3.""     },     {       ""interaction"": ""CHOICE"",       ""prompt"": ""Which subset is removed to make them 'Proper'?"",       ""options"": [         ""The Empty Set"",         ""The Set Itself"",         ""Single Elements"",         ""None""       ],       ""expected"": ""The Set Itself"",       ""hint"": ""Proper subsets cannot be equal to the original set.""     }   ] }",04-009.json,quest_04_calculating_proper_subsets
04-009_Q3,T1,Concepts,Quest 4-010: Concept Check,E,Simulation,,3,Which subset is removed to make them 'Proper'?,The Empty Set,The Set Itself,Single Elements,None,The Set Itself,Proper subsets cannot be equal to the original set.,,,[],SET_THEORY,quiz,content/math/set_theory/quest_04_calculating_proper_subsets/04-009.json,,No,,5,"{   ""engineType"": ""SET_THEORY"",   ""mode"": ""quiz"",   ""subject"": ""MATH"",   ""topic"": ""Concepts"",   ""variantTitle"": ""Quest 4-010: Concept Check"",   ""sets"": { ""A"": { ""label"": ""A"", ""color"": ""#9333ea"" }, ""B"": { ""label"": """", ""color"": ""transparent"" } },   ""zones"": { ""left"": [], ""center"": [""1"", ""2""], ""right"": [], ""outside"": [] },   ""questions"": [     {       ""type"": ""SUBSET_COUNT"",       ""targetRegion"": ""intersection"",       ""prompt"": ""Total Subsets of {1, 2}?"",       ""hint"": ""2² = 4.""     },     {       ""retain_visuals"": true,       ""type"": ""PROPER_SUBSET_COUNT"",       ""targetRegion"": ""intersection"",       ""prompt"": ""Total <b>Proper</b> Subsets?"",       ""hint"": ""4 - 1 = 3.""     },     {       ""interaction"": ""CHOICE"",       ""prompt"": ""Which subset is removed to make them 'Proper'?"",       ""options"": [         ""The Empty Set"",         ""The Set Itself"",         ""Single Elements"",         ""None""       ],       ""expected"": ""The Set Itself"",       ""hint"": ""Proper subsets cannot be equal to the original set.""     }   ] }",04-009.json,quest_04_calculating_proper_subsets
study_proper_subsets_S1,T1,Proper Subsets,Proper vs Improper Subsets,E,Read,,1,What is a Proper Subset?: We learned that a subset is a part of a larger set.A Proper Subset is a subset that is strictly smaller than the original set. It cannot be equal to the original set.,,,,,,,,,[],MATH_STUDY,study,content/math/set_theory/quest_04_calculating_proper_subsets/study_proper_subsets.json,,No,,0,"{   ""engineType"": ""MATH_STUDY"",   ""mode"": ""study"",   ""topic"": ""Proper Subsets"",   ""variantTitle"": ""Proper vs Improper Subsets"",   ""slides"": [     {       ""title"": ""What is a Proper Subset?"",       ""text"": ""We learned that a subset is a part of a larger set.<br><br>A <b>Proper Subset</b> is a subset that is strictly <b>smaller</b> than the original set. It cannot be equal to the original set."",       ""visualType"": ""SUBSETS_DIAGRAM"",       ""labels"": [""A"", ""B""],       ""elements"": { ""subset"": ""1, 2"", ""difference"": ""3, 4"" },       ""highlight"": [""subset""]     },     {       ""title"": ""The 'Improper' Subset"",       ""text"": ""Did you know? Every set is a subset of itself!<br><br>If Set A = {1, 2}, then {1, 2} is a subset of A. <br>But it is <b>NOT</b> a Proper Subset. We call it an <b>Improper Subset</b>."",       ""visualType"": ""EQUAL_SETS"",       ""labels"": [""A"", ""Subset""],       ""items"": ""1, 2""     },     {       ""title"": ""The Logic"",       ""text"": ""For a subset to be <b>Proper</b>, there must be at least one member left over in the main set.<br><br>Look at the diagram: Set B has members '3' and '4' that are NOT in A."",       ""visualType"": ""SUBSETS_DIAGRAM"",       ""labels"": [""A"", ""B""],       ""elements"": { ""subset"": ""1, 2"", ""difference"": ""3, 4"" },       ""highlight"": [""difference""]     },     {       ""title"": ""The Formula"",       ""text"": ""To calculate the number of Proper Subsets, we take the total subsets and <b>subtract 1</b> (the improper one).<br><br><center><span class='sym'>Proper Subsets = 2ⁿ - 1</span></center>"",       ""visualType"": ""POWER_SET_TREE"",       ""items"": [""a"", ""b""],       ""showProper"": true     },     {       ""title"": ""Example Calculation"",       ""text"": ""Let's try Set P = { a, b }.<br><b>n = 2</b>.<br><br>Total Subsets = 2² = 4.<br>Proper Subsets = 4 - 1 = <b>3</b>."",       ""visualType"": ""POWER_SET_TREE"",       ""items"": [""a"", ""b""],       ""showProper"": true     },     {       ""title"": ""Listing Them"",       ""text"": ""For Set {a, b}:<br><br><b>Proper:</b> {a}, {b}, { }<br><b>Improper:</b> {a, b} (We throw this one away!)"",       ""visualType"": ""FINITE_BASKET"",       ""visualData"": [""{a}"", ""{b}"", ""{ }""],       ""showCount"": false     }   ] }",study_proper_subsets.json,quest_04_calculating_proper_subsets
study_proper_subsets_S2,T1,Proper Subsets,Proper vs Improper Subsets,E,Read,,2,"The 'Improper' Subset: Did you know? Every set is a subset of itself!If Set A = {1, 2}, then {1, 2} is a subset of A. But it is NOT a Proper Subset. We call it an Improper Subset.",,,,,,,,,[],MATH_STUDY,study,content/math/set_theory/quest_04_calculating_proper_subsets/study_proper_subsets.json,,No,,0,"{   ""engineType"": ""MATH_STUDY"",   ""mode"": ""study"",   ""topic"": ""Proper Subsets"",   ""variantTitle"": ""Proper vs Improper Subsets"",   ""slides"": [     {       ""title"": ""What is a Proper Subset?"",       ""text"": ""We learned that a subset is a part of a larger set.<br><br>A <b>Proper Subset</b> is a subset that is strictly <b>smaller</b> than the original set. It cannot be equal to the original set."",       ""visualType"": ""SUBSETS_DIAGRAM"",       ""labels"": [""A"", ""B""],       ""elements"": { ""subset"": ""1, 2"", ""difference"": ""3, 4"" },       ""highlight"": [""subset""]     },     {       ""title"": ""The 'Improper' Subset"",       ""text"": ""Did you know? Every set is a subset of itself!<br><br>If Set A = {1, 2}, then {1, 2} is a subset of A. <br>But it is <b>NOT</b> a Proper Subset. We call it an <b>Improper Subset</b>."",       ""visualType"": ""EQUAL_SETS"",       ""labels"": [""A"", ""Subset""],       ""items"": ""1, 2""     },     {       ""title"": ""The Logic"",       ""text"": ""For a subset to be <b>Proper</b>, there must be at least one member left over in the main set.<br><br>Look at the diagram: Set B has members '3' and '4' that are NOT in A."",       ""visualType"": ""SUBSETS_DIAGRAM"",       ""labels"": [""A"", ""B""],       ""elements"": { ""subset"": ""1, 2"", ""difference"": ""3, 4"" },       ""highlight"": [""difference""]     },     {       ""title"": ""The Formula"",       ""text"": ""To calculate the number of Proper Subsets, we take the total subsets and <b>subtract 1</b> (the improper one).<br><br><center><span class='sym'>Proper Subsets = 2ⁿ - 1</span></center>"",       ""visualType"": ""POWER_SET_TREE"",       ""items"": [""a"", ""b""],       ""showProper"": true     },     {       ""title"": ""Example Calculation"",       ""text"": ""Let's try Set P = { a, b }.<br><b>n = 2</b>.<br><br>Total Subsets = 2² = 4.<br>Proper Subsets = 4 - 1 = <b>3</b>."",       ""visualType"": ""POWER_SET_TREE"",       ""items"": [""a"", ""b""],       ""showProper"": true     },     {       ""title"": ""Listing Them"",       ""text"": ""For Set {a, b}:<br><br><b>Proper:</b> {a}, {b}, { }<br><b>Improper:</b> {a, b} (We throw this one away!)"",       ""visualType"": ""FINITE_BASKET"",       ""visualData"": [""{a}"", ""{b}"", ""{ }""],       ""showCount"": false     }   ] }",study_proper_subsets.json,quest_04_calculating_proper_subsets
study_proper_subsets_S3,T1,Proper Subsets,Proper vs Improper Subsets,E,Read,,3,"The Logic: For a subset to be Proper, there must be at least one member left over in the main set.Look at the diagram: Set B has members '3' and '4' that are NOT in A.",,,,,,,,,[],MATH_STUDY,study,content/math/set_theory/quest_04_calculating_proper_subsets/study_proper_subsets.json,,No,,0,"{   ""engineType"": ""MATH_STUDY"",   ""mode"": ""study"",   ""topic"": ""Proper Subsets"",   ""variantTitle"": ""Proper vs Improper Subsets"",   ""slides"": [     {       ""title"": ""What is a Proper Subset?"",       ""text"": ""We learned that a subset is a part of a larger set.<br><br>A <b>Proper Subset</b> is a subset that is strictly <b>smaller</b> than the original set. It cannot be equal to the original set."",       ""visualType"": ""SUBSETS_DIAGRAM"",       ""labels"": [""A"", ""B""],       ""elements"": { ""subset"": ""1, 2"", ""difference"": ""3, 4"" },       ""highlight"": [""subset""]     },     {       ""title"": ""The 'Improper' Subset"",       ""text"": ""Did you know? Every set is a subset of itself!<br><br>If Set A = {1, 2}, then {1, 2} is a subset of A. <br>But it is <b>NOT</b> a Proper Subset. We call it an <b>Improper Subset</b>."",       ""visualType"": ""EQUAL_SETS"",       ""labels"": [""A"", ""Subset""],       ""items"": ""1, 2""     },     {       ""title"": ""The Logic"",       ""text"": ""For a subset to be <b>Proper</b>, there must be at least one member left over in the main set.<br><br>Look at the diagram: Set B has members '3' and '4' that are NOT in A."",       ""visualType"": ""SUBSETS_DIAGRAM"",       ""labels"": [""A"", ""B""],       ""elements"": { ""subset"": ""1, 2"", ""difference"": ""3, 4"" },       ""highlight"": [""difference""]     },     {       ""title"": ""The Formula"",       ""text"": ""To calculate the number of Proper Subsets, we take the total subsets and <b>subtract 1</b> (the improper one).<br><br><center><span class='sym'>Proper Subsets = 2ⁿ - 1</span></center>"",       ""visualType"": ""POWER_SET_TREE"",       ""items"": [""a"", ""b""],       ""showProper"": true     },     {       ""title"": ""Example Calculation"",       ""text"": ""Let's try Set P = { a, b }.<br><b>n = 2</b>.<br><br>Total Subsets = 2² = 4.<br>Proper Subsets = 4 - 1 = <b>3</b>."",       ""visualType"": ""POWER_SET_TREE"",       ""items"": [""a"", ""b""],       ""showProper"": true     },     {       ""title"": ""Listing Them"",       ""text"": ""For Set {a, b}:<br><br><b>Proper:</b> {a}, {b}, { }<br><b>Improper:</b> {a, b} (We throw this one away!)"",       ""visualType"": ""FINITE_BASKET"",       ""visualData"": [""{a}"", ""{b}"", ""{ }""],       ""showCount"": false     }   ] }",study_proper_subsets.json,quest_04_calculating_proper_subsets
study_proper_subsets_S4,T1,Proper Subsets,Proper vs Improper Subsets,E,Read,,4,"The Formula: To calculate the number of Proper Subsets, we take the total subsets and subtract 1 (the improper one).Proper Subsets = 2ⁿ - 1",,,,,,,,,[],MATH_STUDY,study,content/math/set_theory/quest_04_calculating_proper_subsets/study_proper_subsets.json,,No,,0,"{   ""engineType"": ""MATH_STUDY"",   ""mode"": ""study"",   ""topic"": ""Proper Subsets"",   ""variantTitle"": ""Proper vs Improper Subsets"",   ""slides"": [     {       ""title"": ""What is a Proper Subset?"",       ""text"": ""We learned that a subset is a part of a larger set.<br><br>A <b>Proper Subset</b> is a subset that is strictly <b>smaller</b> than the original set. It cannot be equal to the original set."",       ""visualType"": ""SUBSETS_DIAGRAM"",       ""labels"": [""A"", ""B""],       ""elements"": { ""subset"": ""1, 2"", ""difference"": ""3, 4"" },       ""highlight"": [""subset""]     },     {       ""title"": ""The 'Improper' Subset"",       ""text"": ""Did you know? Every set is a subset of itself!<br><br>If Set A = {1, 2}, then {1, 2} is a subset of A. <br>But it is <b>NOT</b> a Proper Subset. We call it an <b>Improper Subset</b>."",       ""visualType"": ""EQUAL_SETS"",       ""labels"": [""A"", ""Subset""],       ""items"": ""1, 2""     },     {       ""title"": ""The Logic"",       ""text"": ""For a subset to be <b>Proper</b>, there must be at least one member left over in the main set.<br><br>Look at the diagram: Set B has members '3' and '4' that are NOT in A."",       ""visualType"": ""SUBSETS_DIAGRAM"",       ""labels"": [""A"", ""B""],       ""elements"": { ""subset"": ""1, 2"", ""difference"": ""3, 4"" },       ""highlight"": [""difference""]     },     {       ""title"": ""The Formula"",       ""text"": ""To calculate the number of Proper Subsets, we take the total subsets and <b>subtract 1</b> (the improper one).<br><br><center><span class='sym'>Proper Subsets = 2ⁿ - 1</span></center>"",       ""visualType"": ""POWER_SET_TREE"",       ""items"": [""a"", ""b""],       ""showProper"": true     },     {       ""title"": ""Example Calculation"",       ""text"": ""Let's try Set P = { a, b }.<br><b>n = 2</b>.<br><br>Total Subsets = 2² = 4.<br>Proper Subsets = 4 - 1 = <b>3</b>."",       ""visualType"": ""POWER_SET_TREE"",       ""items"": [""a"", ""b""],       ""showProper"": true     },     {       ""title"": ""Listing Them"",       ""text"": ""For Set {a, b}:<br><br><b>Proper:</b> {a}, {b}, { }<br><b>Improper:</b> {a, b} (We throw this one away!)"",       ""visualType"": ""FINITE_BASKET"",       ""visualData"": [""{a}"", ""{b}"", ""{ }""],       ""showCount"": false     }   ] }",study_proper_subsets.json,quest_04_calculating_proper_subsets
study_proper_subsets_S5,T1,Proper Subsets,Proper vs Improper Subsets,E,Read,,5,"Example Calculation: Let's try Set P = { a, b }.n = 2.Total Subsets = 2² = 4.Proper Subsets = 4 - 1 = 3.",,,,,,,,,[],MATH_STUDY,study,content/math/set_theory/quest_04_calculating_proper_subsets/study_proper_subsets.json,,No,,0,"{   ""engineType"": ""MATH_STUDY"",   ""mode"": ""study"",   ""topic"": ""Proper Subsets"",   ""variantTitle"": ""Proper vs Improper Subsets"",   ""slides"": [     {       ""title"": ""What is a Proper Subset?"",       ""text"": ""We learned that a subset is a part of a larger set.<br><br>A <b>Proper Subset</b> is a subset that is strictly <b>smaller</b> than the original set. It cannot be equal to the original set."",       ""visualType"": ""SUBSETS_DIAGRAM"",       ""labels"": [""A"", ""B""],       ""elements"": { ""subset"": ""1, 2"", ""difference"": ""3, 4"" },       ""highlight"": [""subset""]     },     {       ""title"": ""The 'Improper' Subset"",       ""text"": ""Did you know? Every set is a subset of itself!<br><br>If Set A = {1, 2}, then {1, 2} is a subset of A. <br>But it is <b>NOT</b> a Proper Subset. We call it an <b>Improper Subset</b>."",       ""visualType"": ""EQUAL_SETS"",       ""labels"": [""A"", ""Subset""],       ""items"": ""1, 2""     },     {       ""title"": ""The Logic"",       ""text"": ""For a subset to be <b>Proper</b>, there must be at least one member left over in the main set.<br><br>Look at the diagram: Set B has members '3' and '4' that are NOT in A."",       ""visualType"": ""SUBSETS_DIAGRAM"",       ""labels"": [""A"", ""B""],       ""elements"": { ""subset"": ""1, 2"", ""difference"": ""3, 4"" },       ""highlight"": [""difference""]     },     {       ""title"": ""The Formula"",       ""text"": ""To calculate the number of Proper Subsets, we take the total subsets and <b>subtract 1</b> (the improper one).<br><br><center><span class='sym'>Proper Subsets = 2ⁿ - 1</span></center>"",       ""visualType"": ""POWER_SET_TREE"",       ""items"": [""a"", ""b""],       ""showProper"": true     },     {       ""title"": ""Example Calculation"",       ""text"": ""Let's try Set P = { a, b }.<br><b>n = 2</b>.<br><br>Total Subsets = 2² = 4.<br>Proper Subsets = 4 - 1 = <b>3</b>."",       ""visualType"": ""POWER_SET_TREE"",       ""items"": [""a"", ""b""],       ""showProper"": true     },     {       ""title"": ""Listing Them"",       ""text"": ""For Set {a, b}:<br><br><b>Proper:</b> {a}, {b}, { }<br><b>Improper:</b> {a, b} (We throw this one away!)"",       ""visualType"": ""FINITE_BASKET"",       ""visualData"": [""{a}"", ""{b}"", ""{ }""],       ""showCount"": false     }   ] }",study_proper_subsets.json,quest_04_calculating_proper_subsets
study_proper_subsets_S6,T1,Proper Subsets,Proper vs Improper Subsets,E,Read,,6,"Listing Them: For Set {a, b}:Proper: {a}, {b}, { }Improper: {a, b} (We throw this one away!)",,,,,,,,,[],MATH_STUDY,study,content/math/set_theory/quest_04_calculating_proper_subsets/study_proper_subsets.json,,No,,0,"{   ""engineType"": ""MATH_STUDY"",   ""mode"": ""study"",   ""topic"": ""Proper Subsets"",   ""variantTitle"": ""Proper vs Improper Subsets"",   ""slides"": [     {       ""title"": ""What is a Proper Subset?"",       ""text"": ""We learned that a subset is a part of a larger set.<br><br>A <b>Proper Subset</b> is a subset that is strictly <b>smaller</b> than the original set. It cannot be equal to the original set."",       ""visualType"": ""SUBSETS_DIAGRAM"",       ""labels"": [""A"", ""B""],       ""elements"": { ""subset"": ""1, 2"", ""difference"": ""3, 4"" },       ""highlight"": [""subset""]     },     {       ""title"": ""The 'Improper' Subset"",       ""text"": ""Did you know? Every set is a subset of itself!<br><br>If Set A = {1, 2}, then {1, 2} is a subset of A. <br>But it is <b>NOT</b> a Proper Subset. We call it an <b>Improper Subset</b>."",       ""visualType"": ""EQUAL_SETS"",       ""labels"": [""A"", ""Subset""],       ""items"": ""1, 2""     },     {       ""title"": ""The Logic"",       ""text"": ""For a subset to be <b>Proper</b>, there must be at least one member left over in the main set.<br><br>Look at the diagram: Set B has members '3' and '4' that are NOT in A."",       ""visualType"": ""SUBSETS_DIAGRAM"",       ""labels"": [""A"", ""B""],       ""elements"": { ""subset"": ""1, 2"", ""difference"": ""3, 4"" },       ""highlight"": [""difference""]     },     {       ""title"": ""The Formula"",       ""text"": ""To calculate the number of Proper Subsets, we take the total subsets and <b>subtract 1</b> (the improper one).<br><br><center><span class='sym'>Proper Subsets = 2ⁿ - 1</span></center>"",       ""visualType"": ""POWER_SET_TREE"",       ""items"": [""a"", ""b""],       ""showProper"": true     },     {       ""title"": ""Example Calculation"",       ""text"": ""Let's try Set P = { a, b }.<br><b>n = 2</b>.<br><br>Total Subsets = 2² = 4.<br>Proper Subsets = 4 - 1 = <b>3</b>."",       ""visualType"": ""POWER_SET_TREE"",       ""items"": [""a"", ""b""],       ""showProper"": true     },     {       ""title"": ""Listing Them"",       ""text"": ""For Set {a, b}:<br><br><b>Proper:</b> {a}, {b}, { }<br><b>Improper:</b> {a, b} (We throw this one away!)"",       ""visualType"": ""FINITE_BASKET"",       ""visualData"": [""{a}"", ""{b}"", ""{ }""],       ""showCount"": false     }   ] }",study_proper_subsets.json,quest_04_calculating_proper_subsets
05-001_Q1,T1,Working Backwards,Quest 5: Power Plant,E,Simulation,,1,Target Output: 16 Subsets. How many cells (n) are needed?,,,,,,,,,[],BINARY_GENERATOR,quiz,content/math/set_theory/quest_05_working_backwards/05-001.json,,No,,5,"{   ""engineType"": ""BINARY_GENERATOR"",   ""mode"": ""quiz"",   ""subject"": ""MATH"",   ""topic"": ""Working Backwards"",   ""variantTitle"": ""Quest 5: Power Plant"",   ""questions"": [     {       ""targetVal"": 16,       ""prompt"": ""Target Output: <b>16 Subsets</b>. How many cells (n) are needed?""     }   ] }",05-001.json,quest_05_working_backwards
05-002_Q1,T1,Proper Subsets,Quest 5: The Pizza Chef,E,Simulation,,1,Intern Level: Make a menu with 3 Proper Subsets.,,,,,,,,,[],PIZZA_GAME,quiz,content/math/set_theory/quest_05_working_backwards/05-002.json,,No,,5,"{   ""engineType"": ""PIZZA_GAME"",   ""mode"": ""quiz"",   ""subject"": ""MATH"",   ""topic"": ""Proper Subsets"",   ""variantTitle"": ""Quest 5: The Pizza Chef"",   ""questions"": [     {       ""targetVal"": 3,       ""prompt"": ""<b>Intern Level:</b> Make a menu with <b>3 Proper Subsets</b>.""     },     {       ""targetVal"": 7,       ""prompt"": ""<b>Sous Chef:</b> Make a menu with <b>7 Proper Subsets</b>.""     },     {       ""targetVal"": 15,       ""prompt"": ""<b>Head Chef:</b> Make a menu with <b>15 Proper Subsets</b>.""     },     {       ""targetVal"": 31,       ""prompt"": ""<b>Master Chef:</b> The ultimate order! <b>31 Proper Subsets</b>.""     }   ] }",05-002.json,quest_05_working_backwards
05-002_Q2,T1,Proper Subsets,Quest 5: The Pizza Chef,E,Simulation,,2,Sous Chef: Make a menu with 7 Proper Subsets.,,,,,,,,,[],PIZZA_GAME,quiz,content/math/set_theory/quest_05_working_backwards/05-002.json,,No,,5,"{   ""engineType"": ""PIZZA_GAME"",   ""mode"": ""quiz"",   ""subject"": ""MATH"",   ""topic"": ""Proper Subsets"",   ""variantTitle"": ""Quest 5: The Pizza Chef"",   ""questions"": [     {       ""targetVal"": 3,       ""prompt"": ""<b>Intern Level:</b> Make a menu with <b>3 Proper Subsets</b>.""     },     {       ""targetVal"": 7,       ""prompt"": ""<b>Sous Chef:</b> Make a menu with <b>7 Proper Subsets</b>.""     },     {       ""targetVal"": 15,       ""prompt"": ""<b>Head Chef:</b> Make a menu with <b>15 Proper Subsets</b>.""     },     {       ""targetVal"": 31,       ""prompt"": ""<b>Master Chef:</b> The ultimate order! <b>31 Proper Subsets</b>.""     }   ] }",05-002.json,quest_05_working_backwards
05-002_Q3,T1,Proper Subsets,Quest 5: The Pizza Chef,E,Simulation,,3,Head Chef: Make a menu with 15 Proper Subsets.,,,,,,,,,[],PIZZA_GAME,quiz,content/math/set_theory/quest_05_working_backwards/05-002.json,,No,,5,"{   ""engineType"": ""PIZZA_GAME"",   ""mode"": ""quiz"",   ""subject"": ""MATH"",   ""topic"": ""Proper Subsets"",   ""variantTitle"": ""Quest 5: The Pizza Chef"",   ""questions"": [     {       ""targetVal"": 3,       ""prompt"": ""<b>Intern Level:</b> Make a menu with <b>3 Proper Subsets</b>.""     },     {       ""targetVal"": 7,       ""prompt"": ""<b>Sous Chef:</b> Make a menu with <b>7 Proper Subsets</b>.""     },     {       ""targetVal"": 15,       ""prompt"": ""<b>Head Chef:</b> Make a menu with <b>15 Proper Subsets</b>.""     },     {       ""targetVal"": 31,       ""prompt"": ""<b>Master Chef:</b> The ultimate order! <b>31 Proper Subsets</b>.""     }   ] }",05-002.json,quest_05_working_backwards
05-002_Q4,T1,Proper Subsets,Quest 5: The Pizza Chef,E,Simulation,,4,Master Chef: The ultimate order! 31 Proper Subsets.,,,,,,,,,[],PIZZA_GAME,quiz,content/math/set_theory/quest_05_working_backwards/05-002.json,,No,,5,"{   ""engineType"": ""PIZZA_GAME"",   ""mode"": ""quiz"",   ""subject"": ""MATH"",   ""topic"": ""Proper Subsets"",   ""variantTitle"": ""Quest 5: The Pizza Chef"",   ""questions"": [     {       ""targetVal"": 3,       ""prompt"": ""<b>Intern Level:</b> Make a menu with <b>3 Proper Subsets</b>.""     },     {       ""targetVal"": 7,       ""prompt"": ""<b>Sous Chef:</b> Make a menu with <b>7 Proper Subsets</b>.""     },     {       ""targetVal"": 15,       ""prompt"": ""<b>Head Chef:</b> Make a menu with <b>15 Proper Subsets</b>.""     },     {       ""targetVal"": 31,       ""prompt"": ""<b>Master Chef:</b> The ultimate order! <b>31 Proper Subsets</b>.""     }   ] }",05-002.json,quest_05_working_backwards
05-003_Q1,T1,Working Backwards,Quest 5-009: Reverse 63,E,Simulation,,1,Set K has 63 Proper Subsets. Find n(K).,,,,,,2ⁿ - 1 = 63. So 2ⁿ = 64. Count powers of 2.,,,[],SET_THEORY,quiz,content/math/set_theory/quest_05_working_backwards/05-003.json,,No,,5,"{   ""engineType"": ""SET_THEORY"",   ""mode"": ""quiz"",   ""subject"": ""MATH"",   ""topic"": ""Working Backwards"",   ""variantTitle"": ""Quest 5-009: Reverse 63"",   ""sets"": { ""A"": { ""label"": ""K"", ""color"": ""#2563eb"" }, ""B"": { ""label"": """", ""color"": ""transparent"" } },   ""zones"": { ""left"": [], ""center"": [], ""right"": [], ""outside"": [] },   ""questions"": [     {       ""type"": ""REVERSE_PROPER_SUBSET"",       ""targetRegion"": ""union"",       ""expected_val"": 6,       ""prompt"": ""Set K has <b>63 Proper Subsets</b>. Find n(K)."",       ""hint"": ""2ⁿ - 1 = 63. So 2ⁿ = 64. Count powers of 2.""     }   ] }",05-003.json,quest_05_working_backwards
05-004_Q1,T1,Indices,Quest 5-007: Indices Quiz,E,Simulation,,1,Solve for n: 2ⁿ = 32,4,5,6,16,5,2 x 2 x 2 x 2 x 2 = 32.,,,[],SET_THEORY,quiz,content/math/set_theory/quest_05_working_backwards/05-004.json,,No,,5,"{   ""engineType"": ""SET_THEORY"",   ""mode"": ""quiz"",   ""subject"": ""MATH"",   ""topic"": ""Indices"",   ""variantTitle"": ""Quest 5-007: Indices Quiz"",   ""sets"": { ""A"": { ""label"": """", ""color"": ""transparent"" }, ""B"": { ""label"": """", ""color"": ""transparent"" } },   ""zones"": { ""left"": [], ""center"": [], ""right"": [], ""outside"": [] },   ""questions"": [     {       ""interaction"": ""CHOICE"",       ""prompt"": ""Solve for n: <b>2ⁿ = 32</b>"",       ""options"": [""4"", ""5"", ""6"", ""16""],       ""expected"": ""5"",       ""hint"": ""2 x 2 x 2 x 2 x 2 = 32.""     },     {       ""interaction"": ""CHOICE"",       ""prompt"": ""Solve for x: <b>2ˣ - 1 = 15</b>"",       ""options"": [""3"", ""4"", ""5"", ""15""],       ""expected"": ""4"",       ""hint"": ""2ˣ = 16. So x=4.""     }   ] }",05-004.json,quest_05_working_backwards
05-004_Q2,T1,Indices,Quest 5-007: Indices Quiz,E,Simulation,,2,Solve for x: 2ˣ - 1 = 15,3,4,5,15,4,2ˣ = 16. So x=4.,,,[],SET_THEORY,quiz,content/math/set_theory/quest_05_working_backwards/05-004.json,,No,,5,"{   ""engineType"": ""SET_THEORY"",   ""mode"": ""quiz"",   ""subject"": ""MATH"",   ""topic"": ""Indices"",   ""variantTitle"": ""Quest 5-007: Indices Quiz"",   ""sets"": { ""A"": { ""label"": """", ""color"": ""transparent"" }, ""B"": { ""label"": """", ""color"": ""transparent"" } },   ""zones"": { ""left"": [], ""center"": [], ""right"": [], ""outside"": [] },   ""questions"": [     {       ""interaction"": ""CHOICE"",       ""prompt"": ""Solve for n: <b>2ⁿ = 32</b>"",       ""options"": [""4"", ""5"", ""6"", ""16""],       ""expected"": ""5"",       ""hint"": ""2 x 2 x 2 x 2 x 2 = 32.""     },     {       ""interaction"": ""CHOICE"",       ""prompt"": ""Solve for x: <b>2ˣ - 1 = 15</b>"",       ""options"": [""3"", ""4"", ""5"", ""15""],       ""expected"": ""4"",       ""hint"": ""2ˣ = 16. So x=4.""     }   ] }",05-004.json,quest_05_working_backwards
05-005_Q1,T1,Reverse Construction,Quest 5-006: Build to Target,E,Simulation,,1,Pack enough items to create exactly 8 Subsets.,,,,,,2ⁿ = 8. You need to pack 3 items.,,,[],SUBSET_GAME,quiz,content/math/set_theory/quest_05_working_backwards/05-005.json,,No,,5,"{   ""engineType"": ""SUBSET_GAME"",   ""mode"": ""quiz"",   ""subject"": ""MATH"",   ""topic"": ""Reverse Construction"",   ""variantTitle"": ""Quest 5-006: Build to Target"",   ""questions"": [     {       ""items"": [""Apple"", ""Banana"", ""Orange"", ""Mango""],       ""prompt"": ""Pack enough items to create exactly <b>8 Subsets</b>."",       ""hint"": ""2ⁿ = 8. You need to pack 3 items.""     }   ] }",05-005.json,quest_05_working_backwards
05-006_Q1,T1,Comparison,Quest 5-005: Compare Sets,E,Simulation,,1,Set A has 16 Subsets. Find n(A).,,,,,,2⁴ = 16.,,,[],SET_THEORY,quiz,content/math/set_theory/quest_05_working_backwards/05-006.json,,No,,5,"{   ""engineType"": ""SET_THEORY"",   ""mode"": ""quiz"",   ""subject"": ""MATH"",   ""topic"": ""Comparison"",   ""variantTitle"": ""Quest 5-005: Compare Sets"",   ""sets"": { ""A"": { ""label"": ""A"", ""color"": ""#9333ea"" }, ""B"": { ""label"": ""B"", ""color"": ""#db2777"" } },   ""zones"": { ""left"": [], ""center"": [], ""right"": [], ""outside"": [] },   ""questions"": [     {       ""type"": ""REVERSE_SUBSET"",       ""targetRegion"": ""left_total"",       ""expected_val"": 4,       ""prompt"": ""Set A has 16 Subsets. Find <b>n(A)</b>."",       ""hint"": ""2⁴ = 16.""     },     {       ""type"": ""REVERSE_PROPER_SUBSET"",       ""targetRegion"": ""right_total"",       ""expected_val"": 2,       ""prompt"": ""Set B has 3 Proper Subsets. Find <b>n(B)</b>."",       ""hint"": ""2² - 1 = 3.""     },     {       ""type"": ""COUNT_SUM"",       ""targetRegion"": ""union"",        ""prompt"": ""Calculate <b>n(A) + n(B)</b>."",       ""hint"": ""4 + 2 = 6.""     }   ] }",05-006.json,quest_05_working_backwards
05-006_Q2,T1,Comparison,Quest 5-005: Compare Sets,E,Simulation,,2,Set B has 3 Proper Subsets. Find n(B).,,,,,,2² - 1 = 3.,,,[],SET_THEORY,quiz,content/math/set_theory/quest_05_working_backwards/05-006.json,,No,,5,"{   ""engineType"": ""SET_THEORY"",   ""mode"": ""quiz"",   ""subject"": ""MATH"",   ""topic"": ""Comparison"",   ""variantTitle"": ""Quest 5-005: Compare Sets"",   ""sets"": { ""A"": { ""label"": ""A"", ""color"": ""#9333ea"" }, ""B"": { ""label"": ""B"", ""color"": ""#db2777"" } },   ""zones"": { ""left"": [], ""center"": [], ""right"": [], ""outside"": [] },   ""questions"": [     {       ""type"": ""REVERSE_SUBSET"",       ""targetRegion"": ""left_total"",       ""expected_val"": 4,       ""prompt"": ""Set A has 16 Subsets. Find <b>n(A)</b>."",       ""hint"": ""2⁴ = 16.""     },     {       ""type"": ""REVERSE_PROPER_SUBSET"",       ""targetRegion"": ""right_total"",       ""expected_val"": 2,       ""prompt"": ""Set B has 3 Proper Subsets. Find <b>n(B)</b>."",       ""hint"": ""2² - 1 = 3.""     },     {       ""type"": ""COUNT_SUM"",       ""targetRegion"": ""union"",        ""prompt"": ""Calculate <b>n(A) + n(B)</b>."",       ""hint"": ""4 + 2 = 6.""     }   ] }",05-006.json,quest_05_working_backwards
05-006_Q3,T1,Comparison,Quest 5-005: Compare Sets,E,Simulation,,3,Calculate n(A) + n(B).,,,,,,4 + 2 = 6.,,,[],SET_THEORY,quiz,content/math/set_theory/quest_05_working_backwards/05-006.json,,No,,5,"{   ""engineType"": ""SET_THEORY"",   ""mode"": ""quiz"",   ""subject"": ""MATH"",   ""topic"": ""Comparison"",   ""variantTitle"": ""Quest 5-005: Compare Sets"",   ""sets"": { ""A"": { ""label"": ""A"", ""color"": ""#9333ea"" }, ""B"": { ""label"": ""B"", ""color"": ""#db2777"" } },   ""zones"": { ""left"": [], ""center"": [], ""right"": [], ""outside"": [] },   ""questions"": [     {       ""type"": ""REVERSE_SUBSET"",       ""targetRegion"": ""left_total"",       ""expected_val"": 4,       ""prompt"": ""Set A has 16 Subsets. Find <b>n(A)</b>."",       ""hint"": ""2⁴ = 16.""     },     {       ""type"": ""REVERSE_PROPER_SUBSET"",       ""targetRegion"": ""right_total"",       ""expected_val"": 2,       ""prompt"": ""Set B has 3 Proper Subsets. Find <b>n(B)</b>."",       ""hint"": ""2² - 1 = 3.""     },     {       ""type"": ""COUNT_SUM"",       ""targetRegion"": ""union"",        ""prompt"": ""Calculate <b>n(A) + n(B)</b>."",       ""hint"": ""4 + 2 = 6.""     }   ] }",05-006.json,quest_05_working_backwards
05-007_Q1,T1,Concept Logic,Quest 5-004: Fact Check,E,Simulation,,1,Can a set have exactly 100 Subsets?,,,,,no,"Is 100 a power of 2? (2, 4, 8, 16, 32, 64, 128...)",,,[],SET_THEORY,quiz,content/math/set_theory/quest_05_working_backwards/05-007.json,,No,,5,"{   ""engineType"": ""SET_THEORY"",   ""mode"": ""quiz"",   ""subject"": ""MATH"",   ""topic"": ""Concept Logic"",   ""variantTitle"": ""Quest 5-004: Fact Check"",   ""sets"": { ""A"": { ""label"": ""Set A"", ""color"": ""#16a34a"" }, ""B"": { ""label"": """", ""color"": ""transparent"" } },   ""zones"": { ""left"": [], ""center"": [], ""right"": [], ""outside"": [] },   ""questions"": [     {       ""interaction"": ""BINARY"",       ""expected"": ""no"",       ""prompt"": ""Can a set have exactly <b>100 Subsets</b>?"",       ""hint"": ""Is 100 a power of 2? (2, 4, 8, 16, 32, 64, 128...)""     },     {       ""interaction"": ""BINARY"",       ""expected"": ""yes"",       ""prompt"": ""Can a set have <b>7 Proper Subsets</b>?"",       ""hint"": ""2³ - 1 = 8 - 1 = 7. Yes, if n=3.""     }   ] }",05-007.json,quest_05_working_backwards
05-007_Q2,T1,Concept Logic,Quest 5-004: Fact Check,E,Simulation,,2,Can a set have 7 Proper Subsets?,,,,,yes,"2³ - 1 = 8 - 1 = 7. Yes, if n=3.",,,[],SET_THEORY,quiz,content/math/set_theory/quest_05_working_backwards/05-007.json,,No,,5,"{   ""engineType"": ""SET_THEORY"",   ""mode"": ""quiz"",   ""subject"": ""MATH"",   ""topic"": ""Concept Logic"",   ""variantTitle"": ""Quest 5-004: Fact Check"",   ""sets"": { ""A"": { ""label"": ""Set A"", ""color"": ""#16a34a"" }, ""B"": { ""label"": """", ""color"": ""transparent"" } },   ""zones"": { ""left"": [], ""center"": [], ""right"": [], ""outside"": [] },   ""questions"": [     {       ""interaction"": ""BINARY"",       ""expected"": ""no"",       ""prompt"": ""Can a set have exactly <b>100 Subsets</b>?"",       ""hint"": ""Is 100 a power of 2? (2, 4, 8, 16, 32, 64, 128...)""     },     {       ""interaction"": ""BINARY"",       ""expected"": ""yes"",       ""prompt"": ""Can a set have <b>7 Proper Subsets</b>?"",       ""hint"": ""2³ - 1 = 8 - 1 = 7. Yes, if n=3.""     }   ] }",05-007.json,quest_05_working_backwards
05-008_Q1,T1,Large Numbers,Quest 5-003: Library Logic,E,Simulation,,1,A shelf has 128 arrangements (Subsets). How many books (n)?,,,,,,"2, 4, 8, 16, 32, 64, 128. That is 7 steps.",,,[],SET_THEORY,quiz,content/math/set_theory/quest_05_working_backwards/05-008.json,,No,,5,"{   ""engineType"": ""SET_THEORY"",   ""mode"": ""quiz"",   ""subject"": ""MATH"",   ""topic"": ""Large Numbers"",   ""variantTitle"": ""Quest 5-003: Library Logic"",   ""sets"": { ""A"": { ""label"": ""Books"", ""color"": ""#2563eb"" }, ""B"": { ""label"": """", ""color"": ""transparent"" } },   ""zones"": { ""left"": [], ""center"": [], ""right"": [], ""outside"": [] },   ""questions"": [     {       ""type"": ""REVERSE_SUBSET"",       ""targetRegion"": ""intersection"",       ""expected_val"": 7,       ""prompt"": ""A shelf has <b>128 arrangements</b> (Subsets). How many books (n)?"",       ""hint"": ""2, 4, 8, 16, 32, 64, 128. That is 7 steps.""     },     {       ""retain_visuals"": true,       ""type"": ""REVERSE_PROPER_SUBSET"",       ""targetRegion"": ""intersection"",       ""expected_val"": 6,       ""prompt"": ""Another shelf has <b>63 Proper Subsets</b>. Find n."",       ""hint"": ""2ⁿ - 1 = 63 -> 2ⁿ = 64. n=6.""     }   ] }",05-008.json,quest_05_working_backwards
05-008_Q2,T1,Large Numbers,Quest 5-003: Library Logic,E,Simulation,,2,Another shelf has 63 Proper Subsets. Find n.,,,,,,2ⁿ - 1 = 63 -> 2ⁿ = 64. n=6.,,,[],SET_THEORY,quiz,content/math/set_theory/quest_05_working_backwards/05-008.json,,No,,5,"{   ""engineType"": ""SET_THEORY"",   ""mode"": ""quiz"",   ""subject"": ""MATH"",   ""topic"": ""Large Numbers"",   ""variantTitle"": ""Quest 5-003: Library Logic"",   ""sets"": { ""A"": { ""label"": ""Books"", ""color"": ""#2563eb"" }, ""B"": { ""label"": """", ""color"": ""transparent"" } },   ""zones"": { ""left"": [], ""center"": [], ""right"": [], ""outside"": [] },   ""questions"": [     {       ""type"": ""REVERSE_SUBSET"",       ""targetRegion"": ""intersection"",       ""expected_val"": 7,       ""prompt"": ""A shelf has <b>128 arrangements</b> (Subsets). How many books (n)?"",       ""hint"": ""2, 4, 8, 16, 32, 64, 128. That is 7 steps.""     },     {       ""retain_visuals"": true,       ""type"": ""REVERSE_PROPER_SUBSET"",       ""targetRegion"": ""intersection"",       ""expected_val"": 6,       ""prompt"": ""Another shelf has <b>63 Proper Subsets</b>. Find n."",       ""hint"": ""2ⁿ - 1 = 63 -> 2ⁿ = 64. n=6.""     }   ] }",05-008.json,quest_05_working_backwards
05-009_Q1,T1,Proper Subsets,Quest 5-002: Power Plant II,E,Simulation,,1,Target: 31 Proper Subsets.Hint: Generator calculates Total (2ⁿ). Set it to 32 to get 31 Proper.,,,,,,,,,[],BINARY_GENERATOR,quiz,content/math/set_theory/quest_05_working_backwards/05-009.json,,No,,5,"{   ""engineType"": ""BINARY_GENERATOR"",   ""mode"": ""quiz"",   ""subject"": ""MATH"",   ""topic"": ""Proper Subsets"",   ""variantTitle"": ""Quest 5-002: Power Plant II"",   ""questions"": [     {       ""targetVal"": 32,        ""prompt"": ""Target: <b>31 Proper Subsets</b>.<br>Hint: Generator calculates Total (2ⁿ). Set it to 32 to get 31 Proper.""     }   ] }",05-009.json,quest_05_working_backwards
study_reverse_subsets_S1,T1,Finding Number of Elements,Working Backwards,E,Read,,1,"The Mystery: Usually, we count elements to find the number of subsets.But what if we know the Number of Subsets (e.g., 8 subsets) and need to find how many members are in the set?",,,,,,,,,[],MATH_STUDY,study,content/math/set_theory/quest_05_working_backwards/study_reverse_subsets.json,,No,,0,"{   ""engineType"": ""MATH_STUDY"",   ""mode"": ""study"",   ""topic"": ""Finding Number of Elements"",   ""variantTitle"": ""Working Backwards"",   ""slides"": [     {       ""title"": ""The Mystery"",       ""text"": ""Usually, we count elements to find the number of subsets.<br><br>But what if we know the <b>Number of Subsets</b> (e.g., 8 subsets) and need to find how many members are in the set?"",       ""visualType"": ""FINITE_BASKET"",       ""visualData"": [""?"", ""?"", ""?""],       ""showCount"": false     },     {       ""title"": ""The Pattern (Powers of 2)"",       ""text"": ""Remember the powers of 2. This is our key:<br><br><b>2¹</b> = 2 subsets (1 member)<br><b>2²</b> = 4 subsets (2 members)<br><b>2³</b> = 8 subsets (3 members)<br><b>2⁴</b> = 16 subsets (4 members)<br><b>2⁵</b> = 32 subsets (5 members)"",       ""visualType"": ""POWER_SET_TREE"",       ""items"": [""a"", ""b"", ""c""]     },     {       ""title"": ""Case 1: From Total Subsets"",       ""text"": ""<b>Question:</b> A set has 8 subsets. Find n(A).<br><br><b>Step 1:</b> Write the formula.<br>2ⁿ = 8<br><br><b>Step 2:</b> Factorize 8 by 2.<br>8 = 2 × 2 × 2 (That is 2³)<br><br><b>Step 3:</b> Compare powers.<br>2ⁿ = 2³<br><b>n(A) = 3</b>."",       ""visualType"": ""FINITE_BASKET"",       ""visualData"": [""x"", ""y"", ""z""],       ""showCount"": true     },     {       ""title"": ""Case 2: From Proper Subsets"",       ""text"": ""<b>Question:</b> Set M has 15 Proper Subsets. Find n(M).<br><br><b>Step 1:</b> Proper subsets are missing 1 (the improper one). So we must <b>ADD 1</b> back.<br><br>Total Subsets = 15 + 1 = <b>16</b>."",       ""visualType"": ""SUBSETS_DIAGRAM"",       ""labels"": [""Proper"", ""Improper""],       ""elements"": { ""subset"": ""15 items"", ""difference"": ""1 item"" },       ""highlight"": [""subset"", ""difference""]     },     {       ""title"": ""Solving Case 2"",       ""text"": ""Now we solve for 16 Subsets.<br><br>2ⁿ = 16<br>2 × 2 × 2 × 2 = 16<br>Count the twos: There are 4.<br><br>So, 2ⁿ = 2⁴.<br><b>n(M) = 4</b>."",       ""visualType"": ""FINITE_BASKET"",       ""visualData"": [""p"", ""q"", ""r"", ""s""],       ""showCount"": true     },     {       ""title"": ""A Harder Example"",       ""text"": ""<b>Question:</b> Set K has 63 Proper Subsets.<br><br>1. <b>Add 1:</b> 63 + 1 = 64 Total Subsets.<br>2. <b>Factorize 64:</b><br>2 × 2 × 2 × 2 × 2 × 2 = 64<br>(Count them... there are 6!)<br><br><b>Answer:</b> n(K) = 6."",       ""visualType"": ""FINITE_BASKET"",       ""visualData"": [""a"", ""b"", ""c"", ""d"", ""e"", ""f""],       ""showCount"": true     }   ] }",study_reverse_subsets.json,quest_05_working_backwards
study_reverse_subsets_S2,T1,Finding Number of Elements,Working Backwards,E,Read,,2,The Pattern (Powers of 2): Remember the powers of 2. This is our key:2¹ = 2 subsets (1 member)2² = 4 subsets (2 members)2³ = 8 subsets (3 members)2⁴ = 16 subsets (4 members)2⁵ = 32 subsets (5 members),,,,,,,,,[],MATH_STUDY,study,content/math/set_theory/quest_05_working_backwards/study_reverse_subsets.json,,No,,0,"{   ""engineType"": ""MATH_STUDY"",   ""mode"": ""study"",   ""topic"": ""Finding Number of Elements"",   ""variantTitle"": ""Working Backwards"",   ""slides"": [     {       ""title"": ""The Mystery"",       ""text"": ""Usually, we count elements to find the number of subsets.<br><br>But what if we know the <b>Number of Subsets</b> (e.g., 8 subsets) and need to find how many members are in the set?"",       ""visualType"": ""FINITE_BASKET"",       ""visualData"": [""?"", ""?"", ""?""],       ""showCount"": false     },     {       ""title"": ""The Pattern (Powers of 2)"",       ""text"": ""Remember the powers of 2. This is our key:<br><br><b>2¹</b> = 2 subsets (1 member)<br><b>2²</b> = 4 subsets (2 members)<br><b>2³</b> = 8 subsets (3 members)<br><b>2⁴</b> = 16 subsets (4 members)<br><b>2⁵</b> = 32 subsets (5 members)"",       ""visualType"": ""POWER_SET_TREE"",       ""items"": [""a"", ""b"", ""c""]     },     {       ""title"": ""Case 1: From Total Subsets"",       ""text"": ""<b>Question:</b> A set has 8 subsets. Find n(A).<br><br><b>Step 1:</b> Write the formula.<br>2ⁿ = 8<br><br><b>Step 2:</b> Factorize 8 by 2.<br>8 = 2 × 2 × 2 (That is 2³)<br><br><b>Step 3:</b> Compare powers.<br>2ⁿ = 2³<br><b>n(A) = 3</b>."",       ""visualType"": ""FINITE_BASKET"",       ""visualData"": [""x"", ""y"", ""z""],       ""showCount"": true     },     {       ""title"": ""Case 2: From Proper Subsets"",       ""text"": ""<b>Question:</b> Set M has 15 Proper Subsets. Find n(M).<br><br><b>Step 1:</b> Proper subsets are missing 1 (the improper one). So we must <b>ADD 1</b> back.<br><br>Total Subsets = 15 + 1 = <b>16</b>."",       ""visualType"": ""SUBSETS_DIAGRAM"",       ""labels"": [""Proper"", ""Improper""],       ""elements"": { ""subset"": ""15 items"", ""difference"": ""1 item"" },       ""highlight"": [""subset"", ""difference""]     },     {       ""title"": ""Solving Case 2"",       ""text"": ""Now we solve for 16 Subsets.<br><br>2ⁿ = 16<br>2 × 2 × 2 × 2 = 16<br>Count the twos: There are 4.<br><br>So, 2ⁿ = 2⁴.<br><b>n(M) = 4</b>."",       ""visualType"": ""FINITE_BASKET"",       ""visualData"": [""p"", ""q"", ""r"", ""s""],       ""showCount"": true     },     {       ""title"": ""A Harder Example"",       ""text"": ""<b>Question:</b> Set K has 63 Proper Subsets.<br><br>1. <b>Add 1:</b> 63 + 1 = 64 Total Subsets.<br>2. <b>Factorize 64:</b><br>2 × 2 × 2 × 2 × 2 × 2 = 64<br>(Count them... there are 6!)<br><br><b>Answer:</b> n(K) = 6."",       ""visualType"": ""FINITE_BASKET"",       ""visualData"": [""a"", ""b"", ""c"", ""d"", ""e"", ""f""],       ""showCount"": true     }   ] }",study_reverse_subsets.json,quest_05_working_backwards
study_reverse_subsets_S3,T1,Finding Number of Elements,Working Backwards,E,Read,,3,Case 1: From Total Subsets: Question: A set has 8 subsets. Find n(A).Step 1: Write the formula.2ⁿ = 8Step 2: Factorize 8 by 2.8 = 2 × 2 × 2 (That is 2³)Step 3: Compare powers.2ⁿ = 2³n(A) = 3.,,,,,,,,,[],MATH_STUDY,study,content/math/set_theory/quest_05_working_backwards/study_reverse_subsets.json,,No,,0,"{   ""engineType"": ""MATH_STUDY"",   ""mode"": ""study"",   ""topic"": ""Finding Number of Elements"",   ""variantTitle"": ""Working Backwards"",   ""slides"": [     {       ""title"": ""The Mystery"",       ""text"": ""Usually, we count elements to find the number of subsets.<br><br>But what if we know the <b>Number of Subsets</b> (e.g., 8 subsets) and need to find how many members are in the set?"",       ""visualType"": ""FINITE_BASKET"",       ""visualData"": [""?"", ""?"", ""?""],       ""showCount"": false     },     {       ""title"": ""The Pattern (Powers of 2)"",       ""text"": ""Remember the powers of 2. This is our key:<br><br><b>2¹</b> = 2 subsets (1 member)<br><b>2²</b> = 4 subsets (2 members)<br><b>2³</b> = 8 subsets (3 members)<br><b>2⁴</b> = 16 subsets (4 members)<br><b>2⁵</b> = 32 subsets (5 members)"",       ""visualType"": ""POWER_SET_TREE"",       ""items"": [""a"", ""b"", ""c""]     },     {       ""title"": ""Case 1: From Total Subsets"",       ""text"": ""<b>Question:</b> A set has 8 subsets. Find n(A).<br><br><b>Step 1:</b> Write the formula.<br>2ⁿ = 8<br><br><b>Step 2:</b> Factorize 8 by 2.<br>8 = 2 × 2 × 2 (That is 2³)<br><br><b>Step 3:</b> Compare powers.<br>2ⁿ = 2³<br><b>n(A) = 3</b>."",       ""visualType"": ""FINITE_BASKET"",       ""visualData"": [""x"", ""y"", ""z""],       ""showCount"": true     },     {       ""title"": ""Case 2: From Proper Subsets"",       ""text"": ""<b>Question:</b> Set M has 15 Proper Subsets. Find n(M).<br><br><b>Step 1:</b> Proper subsets are missing 1 (the improper one). So we must <b>ADD 1</b> back.<br><br>Total Subsets = 15 + 1 = <b>16</b>."",       ""visualType"": ""SUBSETS_DIAGRAM"",       ""labels"": [""Proper"", ""Improper""],       ""elements"": { ""subset"": ""15 items"", ""difference"": ""1 item"" },       ""highlight"": [""subset"", ""difference""]     },     {       ""title"": ""Solving Case 2"",       ""text"": ""Now we solve for 16 Subsets.<br><br>2ⁿ = 16<br>2 × 2 × 2 × 2 = 16<br>Count the twos: There are 4.<br><br>So, 2ⁿ = 2⁴.<br><b>n(M) = 4</b>."",       ""visualType"": ""FINITE_BASKET"",       ""visualData"": [""p"", ""q"", ""r"", ""s""],       ""showCount"": true     },     {       ""title"": ""A Harder Example"",       ""text"": ""<b>Question:</b> Set K has 63 Proper Subsets.<br><br>1. <b>Add 1:</b> 63 + 1 = 64 Total Subsets.<br>2. <b>Factorize 64:</b><br>2 × 2 × 2 × 2 × 2 × 2 = 64<br>(Count them... there are 6!)<br><br><b>Answer:</b> n(K) = 6."",       ""visualType"": ""FINITE_BASKET"",       ""visualData"": [""a"", ""b"", ""c"", ""d"", ""e"", ""f""],       ""showCount"": true     }   ] }",study_reverse_subsets.json,quest_05_working_backwards
study_reverse_subsets_S4,T1,Finding Number of Elements,Working Backwards,E,Read,,4,Case 2: From Proper Subsets: Question: Set M has 15 Proper Subsets. Find n(M).Step 1: Proper subsets are missing 1 (the improper one). So we must ADD 1 back.Total Subsets = 15 + 1 = 16.,,,,,,,,,[],MATH_STUDY,study,content/math/set_theory/quest_05_working_backwards/study_reverse_subsets.json,,No,,0,"{   ""engineType"": ""MATH_STUDY"",   ""mode"": ""study"",   ""topic"": ""Finding Number of Elements"",   ""variantTitle"": ""Working Backwards"",   ""slides"": [     {       ""title"": ""The Mystery"",       ""text"": ""Usually, we count elements to find the number of subsets.<br><br>But what if we know the <b>Number of Subsets</b> (e.g., 8 subsets) and need to find how many members are in the set?"",       ""visualType"": ""FINITE_BASKET"",       ""visualData"": [""?"", ""?"", ""?""],       ""showCount"": false     },     {       ""title"": ""The Pattern (Powers of 2)"",       ""text"": ""Remember the powers of 2. This is our key:<br><br><b>2¹</b> = 2 subsets (1 member)<br><b>2²</b> = 4 subsets (2 members)<br><b>2³</b> = 8 subsets (3 members)<br><b>2⁴</b> = 16 subsets (4 members)<br><b>2⁵</b> = 32 subsets (5 members)"",       ""visualType"": ""POWER_SET_TREE"",       ""items"": [""a"", ""b"", ""c""]     },     {       ""title"": ""Case 1: From Total Subsets"",       ""text"": ""<b>Question:</b> A set has 8 subsets. Find n(A).<br><br><b>Step 1:</b> Write the formula.<br>2ⁿ = 8<br><br><b>Step 2:</b> Factorize 8 by 2.<br>8 = 2 × 2 × 2 (That is 2³)<br><br><b>Step 3:</b> Compare powers.<br>2ⁿ = 2³<br><b>n(A) = 3</b>."",       ""visualType"": ""FINITE_BASKET"",       ""visualData"": [""x"", ""y"", ""z""],       ""showCount"": true     },     {       ""title"": ""Case 2: From Proper Subsets"",       ""text"": ""<b>Question:</b> Set M has 15 Proper Subsets. Find n(M).<br><br><b>Step 1:</b> Proper subsets are missing 1 (the improper one). So we must <b>ADD 1</b> back.<br><br>Total Subsets = 15 + 1 = <b>16</b>."",       ""visualType"": ""SUBSETS_DIAGRAM"",       ""labels"": [""Proper"", ""Improper""],       ""elements"": { ""subset"": ""15 items"", ""difference"": ""1 item"" },       ""highlight"": [""subset"", ""difference""]     },     {       ""title"": ""Solving Case 2"",       ""text"": ""Now we solve for 16 Subsets.<br><br>2ⁿ = 16<br>2 × 2 × 2 × 2 = 16<br>Count the twos: There are 4.<br><br>So, 2ⁿ = 2⁴.<br><b>n(M) = 4</b>."",       ""visualType"": ""FINITE_BASKET"",       ""visualData"": [""p"", ""q"", ""r"", ""s""],       ""showCount"": true     },     {       ""title"": ""A Harder Example"",       ""text"": ""<b>Question:</b> Set K has 63 Proper Subsets.<br><br>1. <b>Add 1:</b> 63 + 1 = 64 Total Subsets.<br>2. <b>Factorize 64:</b><br>2 × 2 × 2 × 2 × 2 × 2 = 64<br>(Count them... there are 6!)<br><br><b>Answer:</b> n(K) = 6."",       ""visualType"": ""FINITE_BASKET"",       ""visualData"": [""a"", ""b"", ""c"", ""d"", ""e"", ""f""],       ""showCount"": true     }   ] }",study_reverse_subsets.json,quest_05_working_backwards
study_reverse_subsets_S5,T1,Finding Number of Elements,Working Backwards,E,Read,,5,"Solving Case 2: Now we solve for 16 Subsets.2ⁿ = 162 × 2 × 2 × 2 = 16Count the twos: There are 4.So, 2ⁿ = 2⁴.n(M) = 4.",,,,,,,,,[],MATH_STUDY,study,content/math/set_theory/quest_05_working_backwards/study_reverse_subsets.json,,No,,0,"{   ""engineType"": ""MATH_STUDY"",   ""mode"": ""study"",   ""topic"": ""Finding Number of Elements"",   ""variantTitle"": ""Working Backwards"",   ""slides"": [     {       ""title"": ""The Mystery"",       ""text"": ""Usually, we count elements to find the number of subsets.<br><br>But what if we know the <b>Number of Subsets</b> (e.g., 8 subsets) and need to find how many members are in the set?"",       ""visualType"": ""FINITE_BASKET"",       ""visualData"": [""?"", ""?"", ""?""],       ""showCount"": false     },     {       ""title"": ""The Pattern (Powers of 2)"",       ""text"": ""Remember the powers of 2. This is our key:<br><br><b>2¹</b> = 2 subsets (1 member)<br><b>2²</b> = 4 subsets (2 members)<br><b>2³</b> = 8 subsets (3 members)<br><b>2⁴</b> = 16 subsets (4 members)<br><b>2⁵</b> = 32 subsets (5 members)"",       ""visualType"": ""POWER_SET_TREE"",       ""items"": [""a"", ""b"", ""c""]     },     {       ""title"": ""Case 1: From Total Subsets"",       ""text"": ""<b>Question:</b> A set has 8 subsets. Find n(A).<br><br><b>Step 1:</b> Write the formula.<br>2ⁿ = 8<br><br><b>Step 2:</b> Factorize 8 by 2.<br>8 = 2 × 2 × 2 (That is 2³)<br><br><b>Step 3:</b> Compare powers.<br>2ⁿ = 2³<br><b>n(A) = 3</b>."",       ""visualType"": ""FINITE_BASKET"",       ""visualData"": [""x"", ""y"", ""z""],       ""showCount"": true     },     {       ""title"": ""Case 2: From Proper Subsets"",       ""text"": ""<b>Question:</b> Set M has 15 Proper Subsets. Find n(M).<br><br><b>Step 1:</b> Proper subsets are missing 1 (the improper one). So we must <b>ADD 1</b> back.<br><br>Total Subsets = 15 + 1 = <b>16</b>."",       ""visualType"": ""SUBSETS_DIAGRAM"",       ""labels"": [""Proper"", ""Improper""],       ""elements"": { ""subset"": ""15 items"", ""difference"": ""1 item"" },       ""highlight"": [""subset"", ""difference""]     },     {       ""title"": ""Solving Case 2"",       ""text"": ""Now we solve for 16 Subsets.<br><br>2ⁿ = 16<br>2 × 2 × 2 × 2 = 16<br>Count the twos: There are 4.<br><br>So, 2ⁿ = 2⁴.<br><b>n(M) = 4</b>."",       ""visualType"": ""FINITE_BASKET"",       ""visualData"": [""p"", ""q"", ""r"", ""s""],       ""showCount"": true     },     {       ""title"": ""A Harder Example"",       ""text"": ""<b>Question:</b> Set K has 63 Proper Subsets.<br><br>1. <b>Add 1:</b> 63 + 1 = 64 Total Subsets.<br>2. <b>Factorize 64:</b><br>2 × 2 × 2 × 2 × 2 × 2 = 64<br>(Count them... there are 6!)<br><br><b>Answer:</b> n(K) = 6."",       ""visualType"": ""FINITE_BASKET"",       ""visualData"": [""a"", ""b"", ""c"", ""d"", ""e"", ""f""],       ""showCount"": true     }   ] }",study_reverse_subsets.json,quest_05_working_backwards
study_reverse_subsets_S6,T1,Finding Number of Elements,Working Backwards,E,Read,,6,A Harder Example: Question: Set K has 63 Proper Subsets.1. Add 1: 63 + 1 = 64 Total Subsets.2. Factorize 64:2 × 2 × 2 × 2 × 2 × 2 = 64(Count them... there are 6!)Answer: n(K) = 6.,,,,,,,,,[],MATH_STUDY,study,content/math/set_theory/quest_05_working_backwards/study_reverse_subsets.json,,No,,0,"{   ""engineType"": ""MATH_STUDY"",   ""mode"": ""study"",   ""topic"": ""Finding Number of Elements"",   ""variantTitle"": ""Working Backwards"",   ""slides"": [     {       ""title"": ""The Mystery"",       ""text"": ""Usually, we count elements to find the number of subsets.<br><br>But what if we know the <b>Number of Subsets</b> (e.g., 8 subsets) and need to find how many members are in the set?"",       ""visualType"": ""FINITE_BASKET"",       ""visualData"": [""?"", ""?"", ""?""],       ""showCount"": false     },     {       ""title"": ""The Pattern (Powers of 2)"",       ""text"": ""Remember the powers of 2. This is our key:<br><br><b>2¹</b> = 2 subsets (1 member)<br><b>2²</b> = 4 subsets (2 members)<br><b>2³</b> = 8 subsets (3 members)<br><b>2⁴</b> = 16 subsets (4 members)<br><b>2⁵</b> = 32 subsets (5 members)"",       ""visualType"": ""POWER_SET_TREE"",       ""items"": [""a"", ""b"", ""c""]     },     {       ""title"": ""Case 1: From Total Subsets"",       ""text"": ""<b>Question:</b> A set has 8 subsets. Find n(A).<br><br><b>Step 1:</b> Write the formula.<br>2ⁿ = 8<br><br><b>Step 2:</b> Factorize 8 by 2.<br>8 = 2 × 2 × 2 (That is 2³)<br><br><b>Step 3:</b> Compare powers.<br>2ⁿ = 2³<br><b>n(A) = 3</b>."",       ""visualType"": ""FINITE_BASKET"",       ""visualData"": [""x"", ""y"", ""z""],       ""showCount"": true     },     {       ""title"": ""Case 2: From Proper Subsets"",       ""text"": ""<b>Question:</b> Set M has 15 Proper Subsets. Find n(M).<br><br><b>Step 1:</b> Proper subsets are missing 1 (the improper one). So we must <b>ADD 1</b> back.<br><br>Total Subsets = 15 + 1 = <b>16</b>."",       ""visualType"": ""SUBSETS_DIAGRAM"",       ""labels"": [""Proper"", ""Improper""],       ""elements"": { ""subset"": ""15 items"", ""difference"": ""1 item"" },       ""highlight"": [""subset"", ""difference""]     },     {       ""title"": ""Solving Case 2"",       ""text"": ""Now we solve for 16 Subsets.<br><br>2ⁿ = 16<br>2 × 2 × 2 × 2 = 16<br>Count the twos: There are 4.<br><br>So, 2ⁿ = 2⁴.<br><b>n(M) = 4</b>."",       ""visualType"": ""FINITE_BASKET"",       ""visualData"": [""p"", ""q"", ""r"", ""s""],       ""showCount"": true     },     {       ""title"": ""A Harder Example"",       ""text"": ""<b>Question:</b> Set K has 63 Proper Subsets.<br><br>1. <b>Add 1:</b> 63 + 1 = 64 Total Subsets.<br>2. <b>Factorize 64:</b><br>2 × 2 × 2 × 2 × 2 × 2 = 64<br>(Count them... there are 6!)<br><br><b>Answer:</b> n(K) = 6."",       ""visualType"": ""FINITE_BASKET"",       ""visualData"": [""a"", ""b"", ""c"", ""d"", ""e"", ""f""],       ""showCount"": true     }   ] }",study_reverse_subsets.json,quest_05_working_backwards
06-001_Q1,T1,Placing Information,Quest 6-001: Map the Venn,E,Simulation,,1,Drag numbers to the correct region.M (Multiples of 3) & O (Odds),,,,,,"Intersection = Odd multiples of 3 (e.g., 3, 9). Left = Even multiples (6, 12).",,,[],SET_THEORY,quiz,content/math/set_theory/quest_06_placing_info_on_venn_diagrams/06-001.json,,No,,5,"{   ""engineType"": ""SET_THEORY"",   ""mode"": ""quiz"",   ""subject"": ""MATH"",   ""topic"": ""Placing Information"",   ""variantTitle"": ""Quest 6-001: Map the Venn"",   ""sets"": {     ""A"": { ""label"": ""M"", ""color"": ""#9333ea"" },     ""B"": { ""label"": ""O"", ""color"": ""#db2777"" }   },   ""zones"": {     ""left"": [6, 12],     ""center"": [3, 9],     ""right"": [5, 7],     ""outside"": []   },   ""questions"": [     {       ""interaction"": ""DRAG_SORT"",       ""prompt"": ""Drag numbers to the correct region.<br><b>M (Multiples of 3)</b> & <b>O (Odds)</b>"",       ""hint"": ""Intersection = Odd multiples of 3 (e.g., 3, 9). Left = Even multiples (6, 12)."",       ""items"": [         { ""val"": ""3"", ""target"": ""center"" },         { ""val"": ""6"", ""target"": ""left"" },         { ""val"": ""5"", ""target"": ""right"" },         { ""val"": ""9"", ""target"": ""center"" },         { ""val"": ""12"", ""target"": ""left"" },         { ""val"": ""7"", ""target"": ""right"" }       ]     },     {       ""retain_visuals"": true,       ""type"": ""LIST"",       ""targetRegion"": ""intersection"",       ""prompt"": ""List elements of <span style='color:#64748b'>M ∩ O</span>."",       ""hint"": ""List the numbers you placed in the middle.""     },     {       ""retain_visuals"": true,       ""type"": ""LIST"",       ""targetRegion"": ""left_only"",       ""prompt"": ""List elements of <span style='color:#9333ea'>M only</span>."",       ""hint"": ""List the numbers in the purple crescent.""     }   ] }",06-001.json,quest_06_placing_info_on_venn_diagrams
06-001_Q2,T1,Placing Information,Quest 6-001: Map the Venn,E,Simulation,,2,List elements of M ∩ O.,,,,,,List the numbers you placed in the middle.,,,[],SET_THEORY,quiz,content/math/set_theory/quest_06_placing_info_on_venn_diagrams/06-001.json,,No,,5,"{   ""engineType"": ""SET_THEORY"",   ""mode"": ""quiz"",   ""subject"": ""MATH"",   ""topic"": ""Placing Information"",   ""variantTitle"": ""Quest 6-001: Map the Venn"",   ""sets"": {     ""A"": { ""label"": ""M"", ""color"": ""#9333ea"" },     ""B"": { ""label"": ""O"", ""color"": ""#db2777"" }   },   ""zones"": {     ""left"": [6, 12],     ""center"": [3, 9],     ""right"": [5, 7],     ""outside"": []   },   ""questions"": [     {       ""interaction"": ""DRAG_SORT"",       ""prompt"": ""Drag numbers to the correct region.<br><b>M (Multiples of 3)</b> & <b>O (Odds)</b>"",       ""hint"": ""Intersection = Odd multiples of 3 (e.g., 3, 9). Left = Even multiples (6, 12)."",       ""items"": [         { ""val"": ""3"", ""target"": ""center"" },         { ""val"": ""6"", ""target"": ""left"" },         { ""val"": ""5"", ""target"": ""right"" },         { ""val"": ""9"", ""target"": ""center"" },         { ""val"": ""12"", ""target"": ""left"" },         { ""val"": ""7"", ""target"": ""right"" }       ]     },     {       ""retain_visuals"": true,       ""type"": ""LIST"",       ""targetRegion"": ""intersection"",       ""prompt"": ""List elements of <span style='color:#64748b'>M ∩ O</span>."",       ""hint"": ""List the numbers you placed in the middle.""     },     {       ""retain_visuals"": true,       ""type"": ""LIST"",       ""targetRegion"": ""left_only"",       ""prompt"": ""List elements of <span style='color:#9333ea'>M only</span>."",       ""hint"": ""List the numbers in the purple crescent.""     }   ] }",06-001.json,quest_06_placing_info_on_venn_diagrams
06-001_Q3,T1,Placing Information,Quest 6-001: Map the Venn,E,Simulation,,3,List elements of M only.,,,,,,List the numbers in the purple crescent.,,,[],SET_THEORY,quiz,content/math/set_theory/quest_06_placing_info_on_venn_diagrams/06-001.json,,No,,5,"{   ""engineType"": ""SET_THEORY"",   ""mode"": ""quiz"",   ""subject"": ""MATH"",   ""topic"": ""Placing Information"",   ""variantTitle"": ""Quest 6-001: Map the Venn"",   ""sets"": {     ""A"": { ""label"": ""M"", ""color"": ""#9333ea"" },     ""B"": { ""label"": ""O"", ""color"": ""#db2777"" }   },   ""zones"": {     ""left"": [6, 12],     ""center"": [3, 9],     ""right"": [5, 7],     ""outside"": []   },   ""questions"": [     {       ""interaction"": ""DRAG_SORT"",       ""prompt"": ""Drag numbers to the correct region.<br><b>M (Multiples of 3)</b> & <b>O (Odds)</b>"",       ""hint"": ""Intersection = Odd multiples of 3 (e.g., 3, 9). Left = Even multiples (6, 12)."",       ""items"": [         { ""val"": ""3"", ""target"": ""center"" },         { ""val"": ""6"", ""target"": ""left"" },         { ""val"": ""5"", ""target"": ""right"" },         { ""val"": ""9"", ""target"": ""center"" },         { ""val"": ""12"", ""target"": ""left"" },         { ""val"": ""7"", ""target"": ""right"" }       ]     },     {       ""retain_visuals"": true,       ""type"": ""LIST"",       ""targetRegion"": ""intersection"",       ""prompt"": ""List elements of <span style='color:#64748b'>M ∩ O</span>."",       ""hint"": ""List the numbers you placed in the middle.""     },     {       ""retain_visuals"": true,       ""type"": ""LIST"",       ""targetRegion"": ""left_only"",       ""prompt"": ""List elements of <span style='color:#9333ea'>M only</span>."",       ""hint"": ""List the numbers in the purple crescent.""     }   ] }",06-001.json,quest_06_placing_info_on_venn_diagrams
06-002_Q1,T1,Logic,Quest 6-010: Shape Logic,E,Simulation,,1,Sort the shapes.,,,,,,,,,[],SET_THEORY,quiz,content/math/set_theory/quest_06_placing_info_on_venn_diagrams/06-002.json,,No,,5,"{   ""engineType"": ""SET_THEORY"",   ""mode"": ""quiz"",   ""subject"": ""MATH"",   ""topic"": ""Logic"",   ""variantTitle"": ""Quest 6-010: Shape Logic"",   ""sets"": { ""A"": { ""label"": ""Triangles"", ""color"": ""#16a34a"" }, ""B"": { ""label"": ""Blue"", ""color"": ""#3b82f6"" } },   ""zones"": { ""left"": [], ""center"": [], ""right"": [], ""outside"": [] },   ""questions"": [     {       ""interaction"": ""DRAG_SORT"",       ""prompt"": ""Sort the shapes."",       ""items"": [         { ""val"": ""🔺"", ""target"": ""left"" },          { ""val"": ""🔵"", ""target"": ""right"" },          { ""val"": ""🔹"", ""target"": ""center"" },          { ""val"": ""🟦"", ""target"": ""right"" }       ]     }   ] }",06-002.json,quest_06_placing_info_on_venn_diagrams
06-003_Q1,T1,Integers,Quest 6-009: Integers,E,Simulation,,1,"Sort integers: -3, -1, 0, 1, 3",,,,,,,,,[],SET_THEORY,quiz,content/math/set_theory/quest_06_placing_info_on_venn_diagrams/06-003.json,,No,,5,"{   ""engineType"": ""SET_THEORY"",   ""mode"": ""quiz"",   ""subject"": ""MATH"",   ""topic"": ""Integers"",   ""variantTitle"": ""Quest 6-009: Integers"",   ""sets"": { ""A"": { ""label"": ""x > -2"", ""color"": ""#9333ea"" }, ""B"": { ""label"": ""x < 2"", ""color"": ""#db2777"" } },   ""zones"": { ""left"": [], ""center"": [], ""right"": [], ""outside"": [] },   ""questions"": [     {       ""interaction"": ""DRAG_SORT"",       ""prompt"": ""Sort integers: -3, -1, 0, 1, 3"",       ""items"": [         { ""val"": ""-3"", ""target"": ""right"" },          { ""val"": ""-1"", ""target"": ""center"" },         { ""val"": ""0"", ""target"": ""center"" },         { ""val"": ""1"", ""target"": ""center"" },         { ""val"": ""3"", ""target"": ""left"" }          ]     }   ] }",06-003.json,quest_06_placing_info_on_venn_diagrams
06-004_Q1,T1,Classification,Quest 6-008: Food Sort,E,Simulation,,1,"Sort: Apple (Red Fruit), Banana (Yellow Fruit), Tomato (Red Veg).",,,,,,,,,[],SET_THEORY,quiz,content/math/set_theory/quest_06_placing_info_on_venn_diagrams/06-004.json,,No,,5,"{   ""engineType"": ""SET_THEORY"",   ""mode"": ""quiz"",   ""subject"": ""MATH"",   ""topic"": ""Classification"",   ""variantTitle"": ""Quest 6-008: Food Sort"",   ""sets"": { ""A"": { ""label"": ""Fruits"", ""color"": ""#f59e0b"" }, ""B"": { ""label"": ""Red"", ""color"": ""#ef4444"" } },   ""zones"": { ""left"": [], ""center"": [], ""right"": [], ""outside"": [] },   ""questions"": [     {       ""interaction"": ""DRAG_SORT"",       ""prompt"": ""Sort: Apple (Red Fruit), Banana (Yellow Fruit), Tomato (Red Veg)."",       ""items"": [         { ""val"": ""🍎"", ""target"": ""center"" },          { ""val"": ""🍌"", ""target"": ""left"" },            { ""val"": ""🍅"", ""target"": ""right"" }          ]     }   ] }",06-004.json,quest_06_placing_info_on_venn_diagrams
06-005_Q1,T1,Disjoint Sets,Quest 6-007: Even vs Odd,E,Simulation,,1,Sort the numbers.,,,,,,,,,[],SET_THEORY,quiz,content/math/set_theory/quest_06_placing_info_on_venn_diagrams/06-005.json,,No,,5,"{   ""engineType"": ""SET_THEORY"",   ""mode"": ""quiz"",   ""subject"": ""MATH"",   ""topic"": ""Disjoint Sets"",   ""variantTitle"": ""Quest 6-007: Even vs Odd"",   ""sets"": { ""A"": { ""label"": ""Even"", ""color"": ""#0284c7"" }, ""B"": { ""label"": ""Odd"", ""color"": ""#e11d48"" } },   ""zones"": { ""left"": [], ""center"": [], ""right"": [], ""outside"": [] },   ""questions"": [     {       ""interaction"": ""DRAG_SORT"",       ""prompt"": ""Sort the numbers."",       ""items"": [         { ""val"": ""2"", ""target"": ""left"" },         { ""val"": ""3"", ""target"": ""right"" },         { ""val"": ""4"", ""target"": ""left"" },         { ""val"": ""5"", ""target"": ""right"" },         { ""val"": ""6"", ""target"": ""left"" }       ]     },     {       ""retain_visuals"": true,       ""type"": ""COUNT"",       ""targetRegion"": ""intersection"",       ""prompt"": ""Find <b>n(Even ∩ Odd)</b>."",       ""hint"": ""Intersection is empty. Answer is 0.""     }   ] }",06-005.json,quest_06_placing_info_on_venn_diagrams
06-005_Q2,T1,Disjoint Sets,Quest 6-007: Even vs Odd,E,Simulation,,2,Find n(Even ∩ Odd).,,,,,,Intersection is empty. Answer is 0.,,,[],SET_THEORY,quiz,content/math/set_theory/quest_06_placing_info_on_venn_diagrams/06-005.json,,No,,5,"{   ""engineType"": ""SET_THEORY"",   ""mode"": ""quiz"",   ""subject"": ""MATH"",   ""topic"": ""Disjoint Sets"",   ""variantTitle"": ""Quest 6-007: Even vs Odd"",   ""sets"": { ""A"": { ""label"": ""Even"", ""color"": ""#0284c7"" }, ""B"": { ""label"": ""Odd"", ""color"": ""#e11d48"" } },   ""zones"": { ""left"": [], ""center"": [], ""right"": [], ""outside"": [] },   ""questions"": [     {       ""interaction"": ""DRAG_SORT"",       ""prompt"": ""Sort the numbers."",       ""items"": [         { ""val"": ""2"", ""target"": ""left"" },         { ""val"": ""3"", ""target"": ""right"" },         { ""val"": ""4"", ""target"": ""left"" },         { ""val"": ""5"", ""target"": ""right"" },         { ""val"": ""6"", ""target"": ""left"" }       ]     },     {       ""retain_visuals"": true,       ""type"": ""COUNT"",       ""targetRegion"": ""intersection"",       ""prompt"": ""Find <b>n(Even ∩ Odd)</b>."",       ""hint"": ""Intersection is empty. Answer is 0.""     }   ] }",06-005.json,quest_06_placing_info_on_venn_diagrams
06-006_Q1,T1,Subsets,Quest 6-006: Factors Subset,E,Simulation,,1,"A={1,2,4}, B={1,2,4,8}. Sort them.",,,,,,,,,[],SET_THEORY,quiz,content/math/set_theory/quest_06_placing_info_on_venn_diagrams/06-006.json,,No,,5,"{   ""engineType"": ""SET_THEORY"",   ""mode"": ""quiz"",   ""subject"": ""MATH"",   ""topic"": ""Subsets"",   ""variantTitle"": ""Quest 6-006: Factors Subset"",   ""sets"": { ""A"": { ""label"": ""A"", ""color"": ""#16a34a"" }, ""B"": { ""label"": ""B"", ""color"": ""#ea580c"" } },   ""zones"": { ""left"": [], ""center"": [], ""right"": [], ""outside"": [] },   ""questions"": [     {       ""interaction"": ""DRAG_SORT"",       ""prompt"": ""A={1,2,4}, B={1,2,4,8}. Sort them."",       ""items"": [         { ""val"": ""1"", ""target"": ""center"" },         { ""val"": ""2"", ""target"": ""center"" },         { ""val"": ""4"", ""target"": ""center"" },         { ""val"": ""8"", ""target"": ""right"" }       ]     },     {       ""retain_visuals"": true,       ""type"": ""BINARY"",       ""expected"": ""yes"",       ""prompt"": ""Is Set A a <b>Proper Subset</b> of Set B?"",       ""hint"": ""Yes, all of A is inside B, but B has extra elements.""     }   ] }",06-006.json,quest_06_placing_info_on_venn_diagrams
06-006_Q2,T1,Subsets,Quest 6-006: Factors Subset,E,Simulation,,2,Is Set A a Proper Subset of Set B?,,,,,yes,"Yes, all of A is inside B, but B has extra elements.",,,[],SET_THEORY,quiz,content/math/set_theory/quest_06_placing_info_on_venn_diagrams/06-006.json,,No,,5,"{   ""engineType"": ""SET_THEORY"",   ""mode"": ""quiz"",   ""subject"": ""MATH"",   ""topic"": ""Subsets"",   ""variantTitle"": ""Quest 6-006: Factors Subset"",   ""sets"": { ""A"": { ""label"": ""A"", ""color"": ""#16a34a"" }, ""B"": { ""label"": ""B"", ""color"": ""#ea580c"" } },   ""zones"": { ""left"": [], ""center"": [], ""right"": [], ""outside"": [] },   ""questions"": [     {       ""interaction"": ""DRAG_SORT"",       ""prompt"": ""A={1,2,4}, B={1,2,4,8}. Sort them."",       ""items"": [         { ""val"": ""1"", ""target"": ""center"" },         { ""val"": ""2"", ""target"": ""center"" },         { ""val"": ""4"", ""target"": ""center"" },         { ""val"": ""8"", ""target"": ""right"" }       ]     },     {       ""retain_visuals"": true,       ""type"": ""BINARY"",       ""expected"": ""yes"",       ""prompt"": ""Is Set A a <b>Proper Subset</b> of Set B?"",       ""hint"": ""Yes, all of A is inside B, but B has extra elements.""     }   ] }",06-006.json,quest_06_placing_info_on_venn_diagrams
06-007_Q1,T1,Universal Set,Quest 6-005: Universal Box,E,Simulation,,1,"Universal Set = {1, 2, 3, 4, 5}. Sort them.",,,,,,,,,[],SET_THEORY,quiz,content/math/set_theory/quest_06_placing_info_on_venn_diagrams/06-007.json,,No,,5,"{   ""engineType"": ""SET_THEORY"",   ""mode"": ""quiz"",   ""subject"": ""MATH"",   ""topic"": ""Universal Set"",   ""variantTitle"": ""Quest 6-005: Universal Box"",   ""sets"": { ""A"": { ""label"": ""A {1,2}"", ""color"": ""#9333ea"" }, ""B"": { ""label"": ""B {3,4}"", ""color"": ""#db2777"" } },   ""zones"": { ""left"": [], ""center"": [], ""right"": [], ""outside"": [] },   ""questions"": [     {       ""interaction"": ""DRAG_SORT"",       ""prompt"": ""Universal Set = {1, 2, 3, 4, 5}. Sort them."",       ""items"": [         { ""val"": ""1"", ""target"": ""left"" },         { ""val"": ""2"", ""target"": ""left"" },         { ""val"": ""3"", ""target"": ""right"" },         { ""val"": ""4"", ""target"": ""right"" },         { ""val"": ""5"", ""target"": ""outside"" }       ]     },     {       ""retain_visuals"": true,       ""type"": ""COUNT"",       ""targetRegion"": ""universal_only"",       ""prompt"": ""Find <b>n(A ∪ B)'</b> (Complement)."",       ""hint"": ""Count items outside the circles.""     }   ] }",06-007.json,quest_06_placing_info_on_venn_diagrams
06-007_Q2,T1,Universal Set,Quest 6-005: Universal Box,E,Simulation,,2,Find n(A ∪ B)' (Complement).,,,,,,Count items outside the circles.,,,[],SET_THEORY,quiz,content/math/set_theory/quest_06_placing_info_on_venn_diagrams/06-007.json,,No,,5,"{   ""engineType"": ""SET_THEORY"",   ""mode"": ""quiz"",   ""subject"": ""MATH"",   ""topic"": ""Universal Set"",   ""variantTitle"": ""Quest 6-005: Universal Box"",   ""sets"": { ""A"": { ""label"": ""A {1,2}"", ""color"": ""#9333ea"" }, ""B"": { ""label"": ""B {3,4}"", ""color"": ""#db2777"" } },   ""zones"": { ""left"": [], ""center"": [], ""right"": [], ""outside"": [] },   ""questions"": [     {       ""interaction"": ""DRAG_SORT"",       ""prompt"": ""Universal Set = {1, 2, 3, 4, 5}. Sort them."",       ""items"": [         { ""val"": ""1"", ""target"": ""left"" },         { ""val"": ""2"", ""target"": ""left"" },         { ""val"": ""3"", ""target"": ""right"" },         { ""val"": ""4"", ""target"": ""right"" },         { ""val"": ""5"", ""target"": ""outside"" }       ]     },     {       ""retain_visuals"": true,       ""type"": ""COUNT"",       ""targetRegion"": ""universal_only"",       ""prompt"": ""Find <b>n(A ∪ B)'</b> (Complement)."",       ""hint"": ""Count items outside the circles.""     }   ] }",06-007.json,quest_06_placing_info_on_venn_diagrams
06-008_Q1,T1,Multiples,Quest 6-004: LCM Finder,E,Simulation,,1,Sort Multiples of 3 and 4 (less than 15).,,,,,,,,,[],SET_THEORY,quiz,content/math/set_theory/quest_06_placing_info_on_venn_diagrams/06-008.json,,No,,5,"{   ""engineType"": ""SET_THEORY"",   ""mode"": ""quiz"",   ""subject"": ""MATH"",   ""topic"": ""Multiples"",   ""variantTitle"": ""Quest 6-004: LCM Finder"",   ""sets"": { ""A"": { ""label"": ""M3"", ""color"": ""#db2777"" }, ""B"": { ""label"": ""M4"", ""color"": ""#2563eb"" } },   ""zones"": { ""left"": [], ""center"": [], ""right"": [], ""outside"": [] },   ""questions"": [     {       ""interaction"": ""DRAG_SORT"",       ""prompt"": ""Sort Multiples of 3 and 4 (less than 15)."",       ""items"": [         { ""val"": ""3"", ""target"": ""left"" },         { ""val"": ""4"", ""target"": ""right"" },         { ""val"": ""6"", ""target"": ""left"" },         { ""val"": ""8"", ""target"": ""right"" },         { ""val"": ""9"", ""target"": ""left"" },         { ""val"": ""12"", ""target"": ""center"" }       ]     },     {       ""retain_visuals"": true,       ""type"": ""LIST"",       ""targetRegion"": ""intersection"",       ""prompt"": ""Identify the <b>LCM</b> (Lowest Common Multiple)."",       ""hint"": ""The smallest number in the intersection (12).""     }   ] }",06-008.json,quest_06_placing_info_on_venn_diagrams
06-008_Q2,T1,Multiples,Quest 6-004: LCM Finder,E,Simulation,,2,Identify the LCM (Lowest Common Multiple).,,,,,,The smallest number in the intersection (12).,,,[],SET_THEORY,quiz,content/math/set_theory/quest_06_placing_info_on_venn_diagrams/06-008.json,,No,,5,"{   ""engineType"": ""SET_THEORY"",   ""mode"": ""quiz"",   ""subject"": ""MATH"",   ""topic"": ""Multiples"",   ""variantTitle"": ""Quest 6-004: LCM Finder"",   ""sets"": { ""A"": { ""label"": ""M3"", ""color"": ""#db2777"" }, ""B"": { ""label"": ""M4"", ""color"": ""#2563eb"" } },   ""zones"": { ""left"": [], ""center"": [], ""right"": [], ""outside"": [] },   ""questions"": [     {       ""interaction"": ""DRAG_SORT"",       ""prompt"": ""Sort Multiples of 3 and 4 (less than 15)."",       ""items"": [         { ""val"": ""3"", ""target"": ""left"" },         { ""val"": ""4"", ""target"": ""right"" },         { ""val"": ""6"", ""target"": ""left"" },         { ""val"": ""8"", ""target"": ""right"" },         { ""val"": ""9"", ""target"": ""left"" },         { ""val"": ""12"", ""target"": ""center"" }       ]     },     {       ""retain_visuals"": true,       ""type"": ""LIST"",       ""targetRegion"": ""intersection"",       ""prompt"": ""Identify the <b>LCM</b> (Lowest Common Multiple)."",       ""hint"": ""The smallest number in the intersection (12).""     }   ] }",06-008.json,quest_06_placing_info_on_venn_diagrams
06-009_Q1,T1,Intersections,Quest 6-003: Word Sets,E,Simulation,,1,Set A = {Letters in PEAR}. Set B = {Letters in REAP}.Sort the letters.,,,,,,,,,[],SET_THEORY,quiz,content/math/set_theory/quest_06_placing_info_on_venn_diagrams/06-009.json,,No,,5,"{   ""engineType"": ""SET_THEORY"",   ""mode"": ""quiz"",   ""subject"": ""MATH"",   ""topic"": ""Intersections"",   ""variantTitle"": ""Quest 6-003: Word Sets"",   ""sets"": { ""A"": { ""label"": ""PEAR"", ""color"": ""#0891b2"" }, ""B"": { ""label"": ""REAP"", ""color"": ""#7c3aed"" } },   ""zones"": { ""left"": [], ""center"": [], ""right"": [], ""outside"": [] },   ""questions"": [     {       ""interaction"": ""DRAG_SORT"",       ""prompt"": ""Set A = {Letters in PEAR}. Set B = {Letters in REAP}.<br>Sort the letters."",       ""items"": [         { ""val"": ""P"", ""target"": ""center"" },         { ""val"": ""E"", ""target"": ""center"" },         { ""val"": ""A"", ""target"": ""center"" },         { ""val"": ""R"", ""target"": ""center"" }       ]     },     {       ""retain_visuals"": true,       ""type"": ""BINARY"",       ""expected"": ""yes"",       ""prompt"": ""Are the sets <b>Equivalent</b>?"",       ""hint"": ""Yes, they have the exact same members.""     }   ] }",06-009.json,quest_06_placing_info_on_venn_diagrams
06-009_Q2,T1,Intersections,Quest 6-003: Word Sets,E,Simulation,,2,Are the sets Equivalent?,,,,,yes,"Yes, they have the exact same members.",,,[],SET_THEORY,quiz,content/math/set_theory/quest_06_placing_info_on_venn_diagrams/06-009.json,,No,,5,"{   ""engineType"": ""SET_THEORY"",   ""mode"": ""quiz"",   ""subject"": ""MATH"",   ""topic"": ""Intersections"",   ""variantTitle"": ""Quest 6-003: Word Sets"",   ""sets"": { ""A"": { ""label"": ""PEAR"", ""color"": ""#0891b2"" }, ""B"": { ""label"": ""REAP"", ""color"": ""#7c3aed"" } },   ""zones"": { ""left"": [], ""center"": [], ""right"": [], ""outside"": [] },   ""questions"": [     {       ""interaction"": ""DRAG_SORT"",       ""prompt"": ""Set A = {Letters in PEAR}. Set B = {Letters in REAP}.<br>Sort the letters."",       ""items"": [         { ""val"": ""P"", ""target"": ""center"" },         { ""val"": ""E"", ""target"": ""center"" },         { ""val"": ""A"", ""target"": ""center"" },         { ""val"": ""R"", ""target"": ""center"" }       ]     },     {       ""retain_visuals"": true,       ""type"": ""BINARY"",       ""expected"": ""yes"",       ""prompt"": ""Are the sets <b>Equivalent</b>?"",       ""hint"": ""Yes, they have the exact same members.""     }   ] }",06-009.json,quest_06_placing_info_on_venn_diagrams
06-010_Q1,T1,Number Properties,Quest 6-002: Primes & Odds,E,Simulation,,1,Sort numbers P (Primes) & O (Odds),,,,,,,,,[],SET_THEORY,quiz,content/math/set_theory/quest_06_placing_info_on_venn_diagrams/06-010.json,,No,,5,"{   ""engineType"": ""SET_THEORY"",   ""mode"": ""quiz"",   ""subject"": ""MATH"",   ""topic"": ""Number Properties"",   ""variantTitle"": ""Quest 6-002: Primes & Odds"",   ""sets"": { ""A"": { ""label"": ""P (Prime)"", ""color"": ""#16a34a"" }, ""B"": { ""label"": ""O (Odd)"", ""color"": ""#f59e0b"" } },   ""zones"": { ""left"": [], ""center"": [], ""right"": [], ""outside"": [] },   ""questions"": [     {       ""interaction"": ""DRAG_SORT"",       ""prompt"": ""Sort numbers < 10.<br><b>P (Primes)</b> & <b>O (Odds)</b>"",       ""items"": [         { ""val"": ""2"", ""target"": ""left"" },           { ""val"": ""3"", ""target"": ""center"" },          { ""val"": ""5"", ""target"": ""center"" },         { ""val"": ""9"", ""target"": ""right"" },           { ""val"": ""7"", ""target"": ""center"" },         { ""val"": ""1"", ""target"": ""right"" }          ]     },     {       ""retain_visuals"": true,       ""type"": ""COUNT"",       ""targetRegion"": ""left_only"",       ""prompt"": ""How many numbers are <b>Even Primes</b>?"",       ""hint"": ""Only 2 is an even prime.""     }   ] }",06-010.json,quest_06_placing_info_on_venn_diagrams
06-010_Q2,T1,Number Properties,Quest 6-002: Primes & Odds,E,Simulation,,2,How many numbers are Even Primes?,,,,,,Only 2 is an even prime.,,,[],SET_THEORY,quiz,content/math/set_theory/quest_06_placing_info_on_venn_diagrams/06-010.json,,No,,5,"{   ""engineType"": ""SET_THEORY"",   ""mode"": ""quiz"",   ""subject"": ""MATH"",   ""topic"": ""Number Properties"",   ""variantTitle"": ""Quest 6-002: Primes & Odds"",   ""sets"": { ""A"": { ""label"": ""P (Prime)"", ""color"": ""#16a34a"" }, ""B"": { ""label"": ""O (Odd)"", ""color"": ""#f59e0b"" } },   ""zones"": { ""left"": [], ""center"": [], ""right"": [], ""outside"": [] },   ""questions"": [     {       ""interaction"": ""DRAG_SORT"",       ""prompt"": ""Sort numbers < 10.<br><b>P (Primes)</b> & <b>O (Odds)</b>"",       ""items"": [         { ""val"": ""2"", ""target"": ""left"" },           { ""val"": ""3"", ""target"": ""center"" },          { ""val"": ""5"", ""target"": ""center"" },         { ""val"": ""9"", ""target"": ""right"" },           { ""val"": ""7"", ""target"": ""center"" },         { ""val"": ""1"", ""target"": ""right"" }          ]     },     {       ""retain_visuals"": true,       ""type"": ""COUNT"",       ""targetRegion"": ""left_only"",       ""prompt"": ""How many numbers are <b>Even Primes</b>?"",       ""hint"": ""Only 2 is an even prime.""     }   ] }",06-010.json,quest_06_placing_info_on_venn_diagrams
06-011_Q1,T1,Factors,Quest 6-001: Factors of 12 & 18,E,Simulation,,1,Drag factors to the correct region.F12 & F18,,,,,,,,,[],SET_THEORY,quiz,content/math/set_theory/quest_06_placing_info_on_venn_diagrams/06-011.json,,No,,5,"{   ""engineType"": ""SET_THEORY"",   ""mode"": ""quiz"",   ""subject"": ""MATH"",   ""topic"": ""Factors"",   ""variantTitle"": ""Quest 6-001: Factors of 12 & 18"",   ""sets"": { ""A"": { ""label"": ""F12"", ""color"": ""#9333ea"" }, ""B"": { ""label"": ""F18"", ""color"": ""#db2777"" } },   ""zones"": { ""left"": [4, 12], ""center"": [1, 2, 3, 6], ""right"": [9, 18], ""outside"": [] },   ""questions"": [     {       ""interaction"": ""DRAG_SORT"",       ""prompt"": ""Drag factors to the correct region.<br><b>F12</b> & <b>F18</b>"",       ""items"": [         { ""val"": ""1"", ""target"": ""center"" }, { ""val"": ""2"", ""target"": ""center"" },         { ""val"": ""3"", ""target"": ""center"" }, { ""val"": ""4"", ""target"": ""left"" },         { ""val"": ""6"", ""target"": ""center"" }, { ""val"": ""9"", ""target"": ""right"" },         { ""val"": ""12"", ""target"": ""left"" }, { ""val"": ""18"", ""target"": ""right"" }       ]     },     {       ""retain_visuals"": true,       ""type"": ""LIST"",       ""targetRegion"": ""intersection"",       ""prompt"": ""List the <b>GCF</b> (Highest Common Factor)."",       ""hint"": ""The largest number in the intersection is 6.""     }   ] }",06-011.json,quest_06_placing_info_on_venn_diagrams
06-011_Q2,T1,Factors,Quest 6-001: Factors of 12 & 18,E,Simulation,,2,List the GCF (Highest Common Factor).,,,,,,The largest number in the intersection is 6.,,,[],SET_THEORY,quiz,content/math/set_theory/quest_06_placing_info_on_venn_diagrams/06-011.json,,No,,5,"{   ""engineType"": ""SET_THEORY"",   ""mode"": ""quiz"",   ""subject"": ""MATH"",   ""topic"": ""Factors"",   ""variantTitle"": ""Quest 6-001: Factors of 12 & 18"",   ""sets"": { ""A"": { ""label"": ""F12"", ""color"": ""#9333ea"" }, ""B"": { ""label"": ""F18"", ""color"": ""#db2777"" } },   ""zones"": { ""left"": [4, 12], ""center"": [1, 2, 3, 6], ""right"": [9, 18], ""outside"": [] },   ""questions"": [     {       ""interaction"": ""DRAG_SORT"",       ""prompt"": ""Drag factors to the correct region.<br><b>F12</b> & <b>F18</b>"",       ""items"": [         { ""val"": ""1"", ""target"": ""center"" }, { ""val"": ""2"", ""target"": ""center"" },         { ""val"": ""3"", ""target"": ""center"" }, { ""val"": ""4"", ""target"": ""left"" },         { ""val"": ""6"", ""target"": ""center"" }, { ""val"": ""9"", ""target"": ""right"" },         { ""val"": ""12"", ""target"": ""left"" }, { ""val"": ""18"", ""target"": ""right"" }       ]     },     {       ""retain_visuals"": true,       ""type"": ""LIST"",       ""targetRegion"": ""intersection"",       ""prompt"": ""List the <b>GCF</b> (Highest Common Factor)."",       ""hint"": ""The largest number in the intersection is 6.""     }   ] }",06-011.json,quest_06_placing_info_on_venn_diagrams
06-012_Q1,T1,Word Problems,Quest 6-012: Word Sets,E,Simulation,,1,Sort the unique letters of MANGO and APPLE.,,,,,,,,,[],SET_THEORY,quiz,content/math/set_theory/quest_06_placing_info_on_venn_diagrams/06-012.json,,No,,5,"{   ""engineType"": ""SET_THEORY"",   ""mode"": ""quiz"",   ""subject"": ""MATH"",   ""topic"": ""Word Problems"",   ""variantTitle"": ""Quest 6-012: Word Sets"",   ""sets"": { ""A"": { ""label"": ""MANGO"", ""color"": ""#f59e0b"" }, ""B"": { ""label"": ""APPLE"", ""color"": ""#ef4444"" } },   ""zones"": { ""left"": [""M"",""N"",""G"",""O""], ""center"": [""A""], ""right"": [""P"",""L"",""E""], ""outside"": [] },   ""questions"": [     {       ""interaction"": ""DRAG_SORT"",       ""prompt"": ""Sort the unique letters of MANGO and APPLE."",       ""items"": [         { ""val"": ""M"", ""target"": ""left"" }, { ""val"": ""A"", ""target"": ""center"" },         { ""val"": ""N"", ""target"": ""left"" }, { ""val"": ""P"", ""target"": ""right"" },         { ""val"": ""L"", ""target"": ""right"" }       ]     },     {       ""retain_visuals"": true,       ""type"": ""PROBABILITY"",       ""targetRegion"": ""intersection"",       ""x_val"": 1, ""total"": 8, ""expression"": ""1"",        ""prompt"": ""Probability of picking a letter shared by BOTH words?"",       ""hint"": ""Only 'A' is shared. Total unique letters = 8. (1/8)""     }   ] }",06-012.json,quest_06_placing_info_on_venn_diagrams
06-012_Q2,T1,Word Problems,Quest 6-012: Word Sets,E,Simulation,,2,Probability of picking a letter shared by BOTH words?,,,,,,Only 'A' is shared. Total unique letters = 8. (1/8),,,[],SET_THEORY,quiz,content/math/set_theory/quest_06_placing_info_on_venn_diagrams/06-012.json,,No,,5,"{   ""engineType"": ""SET_THEORY"",   ""mode"": ""quiz"",   ""subject"": ""MATH"",   ""topic"": ""Word Problems"",   ""variantTitle"": ""Quest 6-012: Word Sets"",   ""sets"": { ""A"": { ""label"": ""MANGO"", ""color"": ""#f59e0b"" }, ""B"": { ""label"": ""APPLE"", ""color"": ""#ef4444"" } },   ""zones"": { ""left"": [""M"",""N"",""G"",""O""], ""center"": [""A""], ""right"": [""P"",""L"",""E""], ""outside"": [] },   ""questions"": [     {       ""interaction"": ""DRAG_SORT"",       ""prompt"": ""Sort the unique letters of MANGO and APPLE."",       ""items"": [         { ""val"": ""M"", ""target"": ""left"" }, { ""val"": ""A"", ""target"": ""center"" },         { ""val"": ""N"", ""target"": ""left"" }, { ""val"": ""P"", ""target"": ""right"" },         { ""val"": ""L"", ""target"": ""right"" }       ]     },     {       ""retain_visuals"": true,       ""type"": ""PROBABILITY"",       ""targetRegion"": ""intersection"",       ""x_val"": 1, ""total"": 8, ""expression"": ""1"",        ""prompt"": ""Probability of picking a letter shared by BOTH words?"",       ""hint"": ""Only 'A' is shared. Total unique letters = 8. (1/8)""     }   ] }",06-012.json,quest_06_placing_info_on_venn_diagrams
06-013_Q1,T1,Inequalities,Quest 6-011: Logic Ranges,E,Simulation,,1,A={x : 2 A ∩ B.,,,,,,"A={3,4,5}. B={4,5,6}. Intersection is {4, 5}.",,,[],SET_THEORY,quiz,content/math/set_theory/quest_06_placing_info_on_venn_diagrams/06-013.json,,No,,5,"{   ""engineType"": ""SET_THEORY"",   ""mode"": ""quiz"",   ""subject"": ""MATH"",   ""topic"": ""Inequalities"",   ""variantTitle"": ""Quest 6-011: Logic Ranges"",   ""sets"": { ""A"": { ""label"": ""A"", ""color"": ""#2563eb"" }, ""B"": { ""label"": ""B"", ""color"": ""#db2777"" } },   ""zones"": { ""left"": [3], ""center"": [4, 5], ""right"": [6], ""outside"": [] },   ""questions"": [     {       ""type"": ""LIST"",       ""targetRegion"": ""intersection"",       ""prompt"": ""A={x : 2 < x < 6}, B={x : 3 < x ≤ 6}. List <b>A ∩ B</b>."",       ""hint"": ""A={3,4,5}. B={4,5,6}. Intersection is {4, 5}.""     }   ] }",06-013.json,quest_06_placing_info_on_venn_diagrams
06-014_Q1,T1,Visual Intersection,Quest 6-015: Visual Intersect,E,Simulation,,1,Place 'Both' in the intersection.,,,,,,,,,[],SET_THEORY,quiz,content/math/set_theory/quest_06_placing_info_on_venn_diagrams/06-014.json,,No,,5,"{   ""engineType"": ""SET_THEORY"",   ""mode"": ""quiz"",   ""subject"": ""MATH"",   ""topic"": ""Visual Intersection"",   ""variantTitle"": ""Quest 6-015: Visual Intersect"",   ""sets"": { ""A"": { ""label"": ""X"", ""color"": ""#9333ea"" }, ""B"": { ""label"": ""Y"", ""color"": ""#db2777"" } },   ""zones"": { ""left"": [], ""center"": [], ""right"": [], ""outside"": [] },   ""questions"": [     {       ""interaction"": ""DRAG_SORT"",       ""prompt"": ""Place 'Both' in the intersection."",       ""items"": [         { ""val"": ""Both"", ""target"": ""center"" },         { ""val"": ""Only X"", ""target"": ""left"" },         { ""val"": ""Only Y"", ""target"": ""right"" }       ]     }   ] }",06-014.json,quest_06_placing_info_on_venn_diagrams
06-015_Q1,T1,Region Notation,Quest 6-016: Region Decoder,E,Simulation,,1,Which notation describes the shaded region?,(X ∪ Y)',X ∪ Y,X' ∩ Y,X ∩ Y,(X ∪ Y)',The shaded part is OUTSIDE both circles.,,,[],SET_THEORY,quiz,content/math/set_theory/quest_06_placing_info_on_venn_diagrams/06-015.json,,No,,5,"{   ""engineType"": ""SET_THEORY"",   ""mode"": ""quiz"",   ""subject"": ""MATH"",   ""topic"": ""Region Notation"",   ""variantTitle"": ""Quest 6-016: Region Decoder"",   ""sets"": { ""A"": { ""label"": ""X"", ""color"": ""#9333ea"" }, ""B"": { ""label"": ""Y"", ""color"": ""#db2777"" } },   ""zones"": { ""left"": [], ""center"": [], ""right"": [], ""outside"": [] },   ""questions"": [     {       ""type"": ""REGION_ID_QUIZ"",        ""targetRegion"": ""universal_only"",        ""interaction"": ""CHOICE"",       ""prompt"": ""Which notation describes the shaded region?"",       ""options"": [         ""(X ∪ Y)'"",         ""X ∪ Y"",         ""X' ∩ Y"",         ""X ∩ Y""       ],       ""expected"": ""(X ∪ Y)'"",       ""hint"": ""The shaded part is OUTSIDE both circles.""     }   ] }",06-015.json,quest_06_placing_info_on_venn_diagrams
06-016_Q1,T1,Region Shading,Quest 6-017: Identify Overlap,E,Simulation,,1,Which notation represents the shaded region?,A ∩ B,A ∪ B,A - B,(A ∩ B)',A ∩ B,The shaded part is where A and B overlap.,,,[],SET_THEORY,quiz,content/math/set_theory/quest_06_placing_info_on_venn_diagrams/06-016.json,,No,,5,"{   ""engineType"": ""SET_THEORY"",   ""mode"": ""quiz"",   ""subject"": ""MATH"",   ""topic"": ""Region Shading"",   ""variantTitle"": ""Quest 6-017: Identify Overlap"",   ""sets"": { ""A"": { ""label"": ""A"", ""color"": ""#9333ea"" }, ""B"": { ""label"": ""B"", ""color"": ""#db2777"" } },   ""zones"": { ""left"": [], ""center"": [], ""right"": [], ""outside"": [] },   ""questions"": [     {       ""type"": ""REGION_ID_QUIZ"",       ""targetRegion"": ""intersection"",       ""interaction"": ""CHOICE"",       ""prompt"": ""Which notation represents the <b>shaded region</b>?"",       ""options"": [         ""A ∩ B"",         ""A ∪ B"",         ""A - B"",         ""(A ∩ B)'""       ],       ""expected"": ""A ∩ B"",       ""hint"": ""The shaded part is where A and B overlap.""     }   ] }",06-016.json,quest_06_placing_info_on_venn_diagrams
06-017_Q1,T1,Set Difference,Quest 6-018: Identify Difference,E,Simulation,,1,Identify the shaded region.,P - Q,Q - P,P ∩ Q,P ∪ Q,P - Q,It shows elements in P but NOT in Q.,,,[],SET_THEORY,quiz,content/math/set_theory/quest_06_placing_info_on_venn_diagrams/06-017.json,,No,,5,"{   ""engineType"": ""SET_THEORY"",   ""mode"": ""quiz"",   ""subject"": ""MATH"",   ""topic"": ""Set Difference"",   ""variantTitle"": ""Quest 6-018: Identify Difference"",   ""sets"": { ""A"": { ""label"": ""P"", ""color"": ""#2563eb"" }, ""B"": { ""label"": ""Q"", ""color"": ""#ea580c"" } },   ""zones"": { ""left"": [], ""center"": [], ""right"": [], ""outside"": [] },   ""questions"": [     {       ""type"": ""REGION_ID_QUIZ"",       ""targetRegion"": ""left_only"",       ""interaction"": ""CHOICE"",       ""prompt"": ""Identify the shaded region."",       ""options"": [         ""P - Q"",         ""Q - P"",         ""P ∩ Q"",         ""P ∪ Q""       ],       ""expected"": ""P - Q"",       ""hint"": ""It shows elements in P but NOT in Q.""     }   ] }",06-017.json,quest_06_placing_info_on_venn_diagrams
06-018_Q1,T1,Symmetric Difference,Quest 6-019: Only One,E,Simulation,,1,What does the shaded region represent?,Only X or Only Y,X ∩ Y,X ∪ Y,(X ∪ Y)',Only X or Only Y,It includes everything inside the circles EXCEPT the intersection.,,,[],SET_THEORY,quiz,content/math/set_theory/quest_06_placing_info_on_venn_diagrams/06-018.json,,No,,5,"{   ""engineType"": ""SET_THEORY"",   ""mode"": ""quiz"",   ""subject"": ""MATH"",   ""topic"": ""Symmetric Difference"",   ""variantTitle"": ""Quest 6-019: Only One"",   ""sets"": { ""A"": { ""label"": ""X"", ""color"": ""#059669"" }, ""B"": { ""label"": ""Y"", ""color"": ""#7c3aed"" } },   ""zones"": { ""left"": [], ""center"": [], ""right"": [], ""outside"": [] },   ""questions"": [     {       ""type"": ""REGION_ID_QUIZ"",       ""targetRegion"": ""symmetric_difference"",       ""interaction"": ""CHOICE"",       ""prompt"": ""What does the shaded region represent?"",       ""options"": [         ""Only X or Only Y"",         ""X ∩ Y"",         ""X ∪ Y"",         ""(X ∪ Y)'""       ],       ""expected"": ""Only X or Only Y"",       ""hint"": ""It includes everything inside the circles EXCEPT the intersection.""     }   ] }",06-018.json,quest_06_placing_info_on_venn_diagrams
06-019_Q1,T1,Factors,Quest 6-020: Factors 12 & 18,E,Simulation,,1,"Sort the factors.F12 = {1,2,3,4,6,12}F18 = {1,2,3,6,9,18}",,,,,,,,,[],SET_THEORY,quiz,content/math/set_theory/quest_06_placing_info_on_venn_diagrams/06-019.json,,No,,5,"{   ""engineType"": ""SET_THEORY"",   ""mode"": ""quiz"",   ""subject"": ""MATH"",   ""topic"": ""Factors"",   ""variantTitle"": ""Quest 6-020: Factors 12 & 18"",   ""sets"": { ""A"": { ""label"": ""F12"", ""color"": ""#9333ea"" }, ""B"": { ""label"": ""F18"", ""color"": ""#db2777"" } },   ""zones"": { ""left"": [4, 12], ""center"": [1, 2, 3, 6], ""right"": [9, 18], ""outside"": [] },   ""questions"": [     {       ""interaction"": ""DRAG_SORT"",       ""prompt"": ""Sort the factors.<br><b>F12</b> = {1,2,3,4,6,12}<br><b>F18</b> = {1,2,3,6,9,18}"",       ""items"": [         { ""val"": ""2"", ""target"": ""center"" },         { ""val"": ""4"", ""target"": ""left"" },         { ""val"": ""6"", ""target"": ""center"" },         { ""val"": ""9"", ""target"": ""right"" },         { ""val"": ""12"", ""target"": ""left"" },         { ""val"": ""18"", ""target"": ""right"" }       ]     },     {       ""retain_visuals"": true,       ""type"": ""LIST"",       ""targetRegion"": ""intersection"",       ""prompt"": ""List the <b>Common Factors</b>."",       ""hint"": ""List the numbers in the middle: 1, 2, 3, 6.""     }   ] }",06-019.json,quest_06_placing_info_on_venn_diagrams
06-019_Q2,T1,Factors,Quest 6-020: Factors 12 & 18,E,Simulation,,2,List the Common Factors.,,,,,,"List the numbers in the middle: 1, 2, 3, 6.",,,[],SET_THEORY,quiz,content/math/set_theory/quest_06_placing_info_on_venn_diagrams/06-019.json,,No,,5,"{   ""engineType"": ""SET_THEORY"",   ""mode"": ""quiz"",   ""subject"": ""MATH"",   ""topic"": ""Factors"",   ""variantTitle"": ""Quest 6-020: Factors 12 & 18"",   ""sets"": { ""A"": { ""label"": ""F12"", ""color"": ""#9333ea"" }, ""B"": { ""label"": ""F18"", ""color"": ""#db2777"" } },   ""zones"": { ""left"": [4, 12], ""center"": [1, 2, 3, 6], ""right"": [9, 18], ""outside"": [] },   ""questions"": [     {       ""interaction"": ""DRAG_SORT"",       ""prompt"": ""Sort the factors.<br><b>F12</b> = {1,2,3,4,6,12}<br><b>F18</b> = {1,2,3,6,9,18}"",       ""items"": [         { ""val"": ""2"", ""target"": ""center"" },         { ""val"": ""4"", ""target"": ""left"" },         { ""val"": ""6"", ""target"": ""center"" },         { ""val"": ""9"", ""target"": ""right"" },         { ""val"": ""12"", ""target"": ""left"" },         { ""val"": ""18"", ""target"": ""right"" }       ]     },     {       ""retain_visuals"": true,       ""type"": ""LIST"",       ""targetRegion"": ""intersection"",       ""prompt"": ""List the <b>Common Factors</b>."",       ""hint"": ""List the numbers in the middle: 1, 2, 3, 6.""     }   ] }",06-019.json,quest_06_placing_info_on_venn_diagrams
06-020_Q1,T1,Attribute Sorting,Quest 6-022: Shape Sorter,E,Simulation,,1,"Sort the shapes.A = Red Objects, B = Circles",,,,,,,,,[],SET_THEORY,quiz,content/math/set_theory/quest_06_placing_info_on_venn_diagrams/06-020.json,,No,,5,"{   ""engineType"": ""SET_THEORY"",   ""mode"": ""quiz"",   ""subject"": ""MATH"",   ""topic"": ""Attribute Sorting"",   ""variantTitle"": ""Quest 6-022: Shape Sorter"",   ""sets"": { ""A"": { ""label"": ""Red"", ""color"": ""#ef4444"" }, ""B"": { ""label"": ""Circle"", ""color"": ""#3b82f6"" } },   ""zones"": { ""left"": [], ""center"": [], ""right"": [], ""outside"": [] },   ""questions"": [     {       ""interaction"": ""DRAG_SORT"",       ""prompt"": ""Sort the shapes.<br><b>A = Red Objects</b>, <b>B = Circles</b>"",       ""items"": [         { ""val"": ""🟥"", ""target"": ""left"" },            { ""val"": ""🔴"", ""target"": ""center"" },         { ""val"": ""🔵"", ""target"": ""right"" },           { ""val"": ""🟦"", ""target"": ""outside"" }        ]     },     {       ""retain_visuals"": true,       ""type"": ""COUNT"",       ""targetRegion"": ""intersection"",       ""prompt"": ""How many items are <b>Red Circles</b>?"",       ""hint"": ""Count the items in the middle.""     }   ] }",06-020.json,quest_06_placing_info_on_venn_diagrams
06-020_Q2,T1,Attribute Sorting,Quest 6-022: Shape Sorter,E,Simulation,,2,How many items are Red Circles?,,,,,,Count the items in the middle.,,,[],SET_THEORY,quiz,content/math/set_theory/quest_06_placing_info_on_venn_diagrams/06-020.json,,No,,5,"{   ""engineType"": ""SET_THEORY"",   ""mode"": ""quiz"",   ""subject"": ""MATH"",   ""topic"": ""Attribute Sorting"",   ""variantTitle"": ""Quest 6-022: Shape Sorter"",   ""sets"": { ""A"": { ""label"": ""Red"", ""color"": ""#ef4444"" }, ""B"": { ""label"": ""Circle"", ""color"": ""#3b82f6"" } },   ""zones"": { ""left"": [], ""center"": [], ""right"": [], ""outside"": [] },   ""questions"": [     {       ""interaction"": ""DRAG_SORT"",       ""prompt"": ""Sort the shapes.<br><b>A = Red Objects</b>, <b>B = Circles</b>"",       ""items"": [         { ""val"": ""🟥"", ""target"": ""left"" },            { ""val"": ""🔴"", ""target"": ""center"" },         { ""val"": ""🔵"", ""target"": ""right"" },           { ""val"": ""🟦"", ""target"": ""outside"" }        ]     },     {       ""retain_visuals"": true,       ""type"": ""COUNT"",       ""targetRegion"": ""intersection"",       ""prompt"": ""How many items are <b>Red Circles</b>?"",       ""hint"": ""Count the items in the middle.""     }   ] }",06-020.json,quest_06_placing_info_on_venn_diagrams
06-021_Q1,T1,Shading Regions,Quest 6-023: Region Painter,E,Simulation,,1,Tap regions to shade X ' (Complement of X).,,,,,,Everything NOT in circle X. (Y Only + Outside).,,,[],SET_THEORY,quiz,content/math/set_theory/quest_06_placing_info_on_venn_diagrams/06-021.json,,No,,5,"{   ""engineType"": ""SET_THEORY"",   ""mode"": ""quiz"",   ""subject"": ""MATH"",   ""topic"": ""Shading Regions"",   ""variantTitle"": ""Quest 6-023: Region Painter"",   ""sets"": { ""A"": { ""label"": ""X"", ""color"": ""#9333ea"" }, ""B"": { ""label"": ""Y"", ""color"": ""#db2777"" } },   ""zones"": { ""left"": [], ""center"": [], ""right"": [], ""outside"": [] },    ""questions"": [     {       ""interaction"": ""CLICK_SUM"",       ""targetRegion"": ""complement_left"",       ""prompt"": ""Tap regions to shade <span style='color:#9333ea'>X '</span> (Complement of X)."",       ""hint"": ""Everything NOT in circle X. (Y Only + Outside).""     },     {       ""interaction"": ""CLICK_SUM"",       ""targetRegion"": ""intersection"",       ""prompt"": ""Tap to shade <span style='color:#64748b'>X ∩ Y</span>."",       ""hint"": ""The overlapping middle part.""     },     {       ""interaction"": ""CLICK_SUM"",       ""targetRegion"": ""symmetric_difference"",       ""prompt"": ""Tap to shade <span style='color:#0f172a'>(X ∪ Y) - (X ∩ Y)</span>."",       ""hint"": ""Everything in the circles EXCEPT the middle.""     }   ] }",06-021.json,quest_06_placing_info_on_venn_diagrams
06-021_Q2,T1,Shading Regions,Quest 6-023: Region Painter,E,Simulation,,2,Tap to shade X ∩ Y.,,,,,,The overlapping middle part.,,,[],SET_THEORY,quiz,content/math/set_theory/quest_06_placing_info_on_venn_diagrams/06-021.json,,No,,5,"{   ""engineType"": ""SET_THEORY"",   ""mode"": ""quiz"",   ""subject"": ""MATH"",   ""topic"": ""Shading Regions"",   ""variantTitle"": ""Quest 6-023: Region Painter"",   ""sets"": { ""A"": { ""label"": ""X"", ""color"": ""#9333ea"" }, ""B"": { ""label"": ""Y"", ""color"": ""#db2777"" } },   ""zones"": { ""left"": [], ""center"": [], ""right"": [], ""outside"": [] },    ""questions"": [     {       ""interaction"": ""CLICK_SUM"",       ""targetRegion"": ""complement_left"",       ""prompt"": ""Tap regions to shade <span style='color:#9333ea'>X '</span> (Complement of X)."",       ""hint"": ""Everything NOT in circle X. (Y Only + Outside).""     },     {       ""interaction"": ""CLICK_SUM"",       ""targetRegion"": ""intersection"",       ""prompt"": ""Tap to shade <span style='color:#64748b'>X ∩ Y</span>."",       ""hint"": ""The overlapping middle part.""     },     {       ""interaction"": ""CLICK_SUM"",       ""targetRegion"": ""symmetric_difference"",       ""prompt"": ""Tap to shade <span style='color:#0f172a'>(X ∪ Y) - (X ∩ Y)</span>."",       ""hint"": ""Everything in the circles EXCEPT the middle.""     }   ] }",06-021.json,quest_06_placing_info_on_venn_diagrams
06-021_Q3,T1,Shading Regions,Quest 6-023: Region Painter,E,Simulation,,3,Tap to shade (X ∪ Y) - (X ∩ Y).,,,,,,Everything in the circles EXCEPT the middle.,,,[],SET_THEORY,quiz,content/math/set_theory/quest_06_placing_info_on_venn_diagrams/06-021.json,,No,,5,"{   ""engineType"": ""SET_THEORY"",   ""mode"": ""quiz"",   ""subject"": ""MATH"",   ""topic"": ""Shading Regions"",   ""variantTitle"": ""Quest 6-023: Region Painter"",   ""sets"": { ""A"": { ""label"": ""X"", ""color"": ""#9333ea"" }, ""B"": { ""label"": ""Y"", ""color"": ""#db2777"" } },   ""zones"": { ""left"": [], ""center"": [], ""right"": [], ""outside"": [] },    ""questions"": [     {       ""interaction"": ""CLICK_SUM"",       ""targetRegion"": ""complement_left"",       ""prompt"": ""Tap regions to shade <span style='color:#9333ea'>X '</span> (Complement of X)."",       ""hint"": ""Everything NOT in circle X. (Y Only + Outside).""     },     {       ""interaction"": ""CLICK_SUM"",       ""targetRegion"": ""intersection"",       ""prompt"": ""Tap to shade <span style='color:#64748b'>X ∩ Y</span>."",       ""hint"": ""The overlapping middle part.""     },     {       ""interaction"": ""CLICK_SUM"",       ""targetRegion"": ""symmetric_difference"",       ""prompt"": ""Tap to shade <span style='color:#0f172a'>(X ∪ Y) - (X ∩ Y)</span>."",       ""hint"": ""Everything in the circles EXCEPT the middle.""     }   ] }",06-021.json,quest_06_placing_info_on_venn_diagrams
06-022_Q1,T1,Shading Sets,Quest 6-024: Shade Union,E,Simulation,,1,Tap to shade P ∪ Q (Union).,,,,,,Union means 'Unite'. Tap everything inside both circles.,,,[],SET_THEORY,quiz,content/math/set_theory/quest_06_placing_info_on_venn_diagrams/06-022.json,,No,,5,"{   ""engineType"": ""SET_THEORY"",   ""mode"": ""quiz"",   ""subject"": ""MATH"",   ""topic"": ""Shading Sets"",   ""variantTitle"": ""Quest 6-024: Shade Union"",   ""sets"": { ""A"": { ""label"": ""P"", ""color"": ""#9333ea"" }, ""B"": { ""label"": ""Q"", ""color"": ""#db2777"" } },   ""zones"": { ""left"": [], ""center"": [], ""right"": [], ""outside"": [] },    ""questions"": [     {       ""interaction"": ""CLICK_SUM"",       ""targetRegion"": ""union"",       ""prompt"": ""Tap to shade <span style='color:#0f172a'>P ∪ Q</span> (Union)."",       ""hint"": ""Union means 'Unite'. Tap everything inside both circles.""     }   ] }",06-022.json,quest_06_placing_info_on_venn_diagrams
06-023_Q1,T1,Shading Complements,Quest 6-026: Shade Neither,E,Simulation,,1,Tap to shade (M ∪ N)'.,,,,,,The complement of the Union. Tap the region OUTSIDE the circles.,,,[],SET_THEORY,quiz,content/math/set_theory/quest_06_placing_info_on_venn_diagrams/06-023.json,,No,,5,"{   ""engineType"": ""SET_THEORY"",   ""mode"": ""quiz"",   ""subject"": ""MATH"",   ""topic"": ""Shading Complements"",   ""variantTitle"": ""Quest 6-026: Shade Neither"",   ""sets"": { ""A"": { ""label"": ""M"", ""color"": ""#2563eb"" }, ""B"": { ""label"": ""N"", ""color"": ""#0891b2"" } },   ""zones"": { ""left"": [], ""center"": [], ""right"": [], ""outside"": [] },    ""questions"": [     {       ""interaction"": ""CLICK_SUM"",       ""targetRegion"": ""universal_only"",       ""prompt"": ""Tap to shade <span style='color:#64748b'>(M ∪ N)'</span>."",       ""hint"": ""The complement of the Union. Tap the region OUTSIDE the circles.""     }   ] }",06-023.json,quest_06_placing_info_on_venn_diagrams
06-024_Q1,T1,Shading Differences,Quest 6-027: Only One,E,Simulation,,1,Tap regions representing elements in Exactly One Set.,,,,,,Tap 'X Only' and 'Y Only'. Do NOT tap the middle.,,,[],SET_THEORY,quiz,content/math/set_theory/quest_06_placing_info_on_venn_diagrams/06-024.json,,No,,5,"{   ""engineType"": ""SET_THEORY"",   ""mode"": ""quiz"",   ""subject"": ""MATH"",   ""topic"": ""Shading Differences"",   ""variantTitle"": ""Quest 6-027: Only One"",   ""sets"": { ""A"": { ""label"": ""X"", ""color"": ""#ef4444"" }, ""B"": { ""label"": ""Y"", ""color"": ""#f59e0b"" } },   ""zones"": { ""left"": [], ""center"": [], ""right"": [], ""outside"": [] },    ""questions"": [     {       ""interaction"": ""CLICK_SUM"",       ""targetRegion"": ""symmetric_difference"",       ""prompt"": ""Tap regions representing elements in <span style='color:#1e293b'>Exactly One Set</span>."",       ""hint"": ""Tap 'X Only' and 'Y Only'. Do NOT tap the middle.""     }   ] }",06-024.json,quest_06_placing_info_on_venn_diagrams
06-sim_1_Q1,T1,Shading Regions,Quest 6b: The Spotlight,E,Simulation,,1,,,,,,,Turn on everything NOT in circle A.,,,[],VENN_SPOTLIGHT,quiz,content/math/set_theory/quest_06_placing_info_on_venn_diagrams/06-sim_1.json,,No,,5,"{   ""engineType"": ""VENN_SPOTLIGHT"",   ""mode"": ""quiz"",   ""subject"": ""MATH"",   ""topic"": ""Shading Regions"",   ""variantTitle"": ""Quest 6b: The Spotlight"",   ""questions"": [     {       ""notation"": ""A'"",       ""description"": ""Complement of A"",       ""targetRegions"": [""right"", ""outside""],       ""hint"": ""Turn on everything NOT in circle A.""     },     {       ""notation"": ""A - B"",       ""description"": ""Difference (A Only)"",       ""targetRegions"": [""left""],       ""hint"": ""Items in A but NOT in B.""     },     {       ""notation"": ""(A ∪ B)'"",       ""description"": ""Complement of Union"",       ""targetRegions"": [""outside""],       ""hint"": ""Everything OUTSIDE the circles.""     },     {       ""notation"": ""A' ∩ B"",       ""description"": ""Not A, intersecting B"",       ""targetRegions"": [""right""],       ""hint"": ""This is the same as B - A (B Only).""     }   ] }",06-sim_1.json,quest_06_placing_info_on_venn_diagrams
06-sim_1_Q2,T1,Shading Regions,Quest 6b: The Spotlight,E,Simulation,,2,,,,,,,Items in A but NOT in B.,,,[],VENN_SPOTLIGHT,quiz,content/math/set_theory/quest_06_placing_info_on_venn_diagrams/06-sim_1.json,,No,,5,"{   ""engineType"": ""VENN_SPOTLIGHT"",   ""mode"": ""quiz"",   ""subject"": ""MATH"",   ""topic"": ""Shading Regions"",   ""variantTitle"": ""Quest 6b: The Spotlight"",   ""questions"": [     {       ""notation"": ""A'"",       ""description"": ""Complement of A"",       ""targetRegions"": [""right"", ""outside""],       ""hint"": ""Turn on everything NOT in circle A.""     },     {       ""notation"": ""A - B"",       ""description"": ""Difference (A Only)"",       ""targetRegions"": [""left""],       ""hint"": ""Items in A but NOT in B.""     },     {       ""notation"": ""(A ∪ B)'"",       ""description"": ""Complement of Union"",       ""targetRegions"": [""outside""],       ""hint"": ""Everything OUTSIDE the circles.""     },     {       ""notation"": ""A' ∩ B"",       ""description"": ""Not A, intersecting B"",       ""targetRegions"": [""right""],       ""hint"": ""This is the same as B - A (B Only).""     }   ] }",06-sim_1.json,quest_06_placing_info_on_venn_diagrams
06-sim_1_Q3,T1,Shading Regions,Quest 6b: The Spotlight,E,Simulation,,3,,,,,,,Everything OUTSIDE the circles.,,,[],VENN_SPOTLIGHT,quiz,content/math/set_theory/quest_06_placing_info_on_venn_diagrams/06-sim_1.json,,No,,5,"{   ""engineType"": ""VENN_SPOTLIGHT"",   ""mode"": ""quiz"",   ""subject"": ""MATH"",   ""topic"": ""Shading Regions"",   ""variantTitle"": ""Quest 6b: The Spotlight"",   ""questions"": [     {       ""notation"": ""A'"",       ""description"": ""Complement of A"",       ""targetRegions"": [""right"", ""outside""],       ""hint"": ""Turn on everything NOT in circle A.""     },     {       ""notation"": ""A - B"",       ""description"": ""Difference (A Only)"",       ""targetRegions"": [""left""],       ""hint"": ""Items in A but NOT in B.""     },     {       ""notation"": ""(A ∪ B)'"",       ""description"": ""Complement of Union"",       ""targetRegions"": [""outside""],       ""hint"": ""Everything OUTSIDE the circles.""     },     {       ""notation"": ""A' ∩ B"",       ""description"": ""Not A, intersecting B"",       ""targetRegions"": [""right""],       ""hint"": ""This is the same as B - A (B Only).""     }   ] }",06-sim_1.json,quest_06_placing_info_on_venn_diagrams
06-sim_1_Q4,T1,Shading Regions,Quest 6b: The Spotlight,E,Simulation,,4,,,,,,,This is the same as B - A (B Only).,,,[],VENN_SPOTLIGHT,quiz,content/math/set_theory/quest_06_placing_info_on_venn_diagrams/06-sim_1.json,,No,,5,"{   ""engineType"": ""VENN_SPOTLIGHT"",   ""mode"": ""quiz"",   ""subject"": ""MATH"",   ""topic"": ""Shading Regions"",   ""variantTitle"": ""Quest 6b: The Spotlight"",   ""questions"": [     {       ""notation"": ""A'"",       ""description"": ""Complement of A"",       ""targetRegions"": [""right"", ""outside""],       ""hint"": ""Turn on everything NOT in circle A.""     },     {       ""notation"": ""A - B"",       ""description"": ""Difference (A Only)"",       ""targetRegions"": [""left""],       ""hint"": ""Items in A but NOT in B.""     },     {       ""notation"": ""(A ∪ B)'"",       ""description"": ""Complement of Union"",       ""targetRegions"": [""outside""],       ""hint"": ""Everything OUTSIDE the circles.""     },     {       ""notation"": ""A' ∩ B"",       ""description"": ""Not A, intersecting B"",       ""targetRegions"": [""right""],       ""hint"": ""This is the same as B - A (B Only).""     }   ] }",06-sim_1.json,quest_06_placing_info_on_venn_diagrams
study_placing_info_S1,T1,Venn Diagrams,Placing Info Correctly,E,Read,,1,The Sorting Game: Filling a Venn Diagram is just like sorting objects into baskets.Let's sort shapes based on two rules:Set A: Must be RED.Set B: Must be a CIRCLE.,,,,,,,,,[],MATH_STUDY,study,content/math/set_theory/quest_06_placing_info_on_venn_diagrams/study_placing_info.json,,No,,0,"{   ""engineType"": ""MATH_STUDY"",   ""mode"": ""study"",   ""topic"": ""Venn Diagrams"",   ""variantTitle"": ""Placing Info Correctly"",   ""slides"": [     {       ""title"": ""The Sorting Game"",       ""text"": ""Filling a Venn Diagram is just like sorting objects into baskets.<br><br>Let's sort shapes based on two rules:<br><b>Set A:</b> Must be <span style='color:#ef4444'>RED</span>.<br><b>Set B:</b> Must be a <span style='color:#2563eb'>CIRCLE</span>."",       ""visualType"": ""VENN_DIAGRAM"",       ""labels"": [""Red"", ""Circle""],       ""elements"": { ""left"": ""?"", ""center"": ""?"", ""right"": ""?"" },       ""highlight"": []     },     {       ""title"": ""Rule 1: The Middle First!"",       ""text"": ""<b>Pro Tip:</b> Always fill the Intersection first!<br><br>Ask: <i>\""Is there anything that is BOTH Red AND a Circle?\""</i><br><br>Yes! The <span style='color:#ef4444'>Red</span> <span style='color:#2563eb'>Circle</span> (🔴) goes in the center."",       ""visualType"": ""VENN_DIAGRAM"",       ""labels"": [""Red"", ""Circle""],       ""elements"": { ""left"": """", ""center"": ""🔴"", ""right"": """" },       ""highlight"": [""center""]     },     {       ""title"": ""Rule 2: Fill the Sides"",       ""text"": ""Now, place the rest:<br><br>1. <b>Red Square (🟥):</b> It is Red, but NOT a circle. It goes to the <b>Left</b> (Red Only).<br><br>2. <b>Blue Circle (🔵):</b> It is a Circle, but NOT red. It goes to the <b>Right</b> (Circle Only)."",       ""visualType"": ""VENN_DIAGRAM"",       ""labels"": [""Red"", ""Circle""],       ""elements"": { ""left"": ""🟥"", ""center"": ""🔴"", ""right"": ""🔵"" },       ""highlight"": [""left"", ""right""]     },     {       ""title"": ""Rule 3: The Outsiders"",       ""text"": ""What about a <b>Blue Square (🟦)</b>?<br><br>It is NOT red. It is NOT a circle.<br>It gets kicked <b>outside</b> the rings, but stays inside the box (Universal Set)."",       ""visualType"": ""VENN_DIAGRAM"",       ""labels"": [""Red"", ""Circle""],       ""elements"": { ""left"": ""🟥"", ""center"": ""🔴"", ""right"": ""🔵"", ""outside"": ""🟦"" },       ""highlight"": [""outside""]     },     {       ""title"": ""Applying to Numbers"",       ""text"": ""Now let's try Math!<br><b>Set A = Factors of 6:</b> {1, 2, 3, 6}<br><b>Set B = Factors of 9:</b> {1, 3, 9}<br><br><b>Step 1:</b> Find the Middle (Common members).<br>Both have <b>1</b> and <b>3</b>."",       ""visualType"": ""VENN_DIAGRAM"",       ""labels"": [""F6"", ""F9""],       ""elements"": { ""left"": """", ""center"": ""1, 3"", ""right"": """" },       ""highlight"": [""center""]     },     {       ""title"": ""Calculating 'Only'"",       ""text"": ""<b>Step 2:</b> Fill the rest.<br><br><b>Set A (Left):</b> We used {1,3}. Remaining: {2, 6}.<br><b>Set B (Right):</b> We used {1,3}. Remaining: {9}.<br><br>Notice: We don't write {1,3} again!"",       ""visualType"": ""VENN_DIAGRAM"",       ""labels"": [""F6"", ""F9""],       ""elements"": { ""left"": ""2, 6"", ""center"": ""1, 3"", ""right"": ""9"" },       ""highlight"": [""left"", ""right""]     }   ] }",study_placing_info.json,quest_06_placing_info_on_venn_diagrams
study_placing_info_S2,T1,Venn Diagrams,Placing Info Correctly,E,Read,,2,"Rule 1: The Middle First!: Pro Tip: Always fill the Intersection first!Ask: ""Is there anything that is BOTH Red AND a Circle?""Yes! The Red Circle (🔴) goes in the center.",,,,,,,,,[],MATH_STUDY,study,content/math/set_theory/quest_06_placing_info_on_venn_diagrams/study_placing_info.json,,No,,0,"{   ""engineType"": ""MATH_STUDY"",   ""mode"": ""study"",   ""topic"": ""Venn Diagrams"",   ""variantTitle"": ""Placing Info Correctly"",   ""slides"": [     {       ""title"": ""The Sorting Game"",       ""text"": ""Filling a Venn Diagram is just like sorting objects into baskets.<br><br>Let's sort shapes based on two rules:<br><b>Set A:</b> Must be <span style='color:#ef4444'>RED</span>.<br><b>Set B:</b> Must be a <span style='color:#2563eb'>CIRCLE</span>."",       ""visualType"": ""VENN_DIAGRAM"",       ""labels"": [""Red"", ""Circle""],       ""elements"": { ""left"": ""?"", ""center"": ""?"", ""right"": ""?"" },       ""highlight"": []     },     {       ""title"": ""Rule 1: The Middle First!"",       ""text"": ""<b>Pro Tip:</b> Always fill the Intersection first!<br><br>Ask: <i>\""Is there anything that is BOTH Red AND a Circle?\""</i><br><br>Yes! The <span style='color:#ef4444'>Red</span> <span style='color:#2563eb'>Circle</span> (🔴) goes in the center."",       ""visualType"": ""VENN_DIAGRAM"",       ""labels"": [""Red"", ""Circle""],       ""elements"": { ""left"": """", ""center"": ""🔴"", ""right"": """" },       ""highlight"": [""center""]     },     {       ""title"": ""Rule 2: Fill the Sides"",       ""text"": ""Now, place the rest:<br><br>1. <b>Red Square (🟥):</b> It is Red, but NOT a circle. It goes to the <b>Left</b> (Red Only).<br><br>2. <b>Blue Circle (🔵):</b> It is a Circle, but NOT red. It goes to the <b>Right</b> (Circle Only)."",       ""visualType"": ""VENN_DIAGRAM"",       ""labels"": [""Red"", ""Circle""],       ""elements"": { ""left"": ""🟥"", ""center"": ""🔴"", ""right"": ""🔵"" },       ""highlight"": [""left"", ""right""]     },     {       ""title"": ""Rule 3: The Outsiders"",       ""text"": ""What about a <b>Blue Square (🟦)</b>?<br><br>It is NOT red. It is NOT a circle.<br>It gets kicked <b>outside</b> the rings, but stays inside the box (Universal Set)."",       ""visualType"": ""VENN_DIAGRAM"",       ""labels"": [""Red"", ""Circle""],       ""elements"": { ""left"": ""🟥"", ""center"": ""🔴"", ""right"": ""🔵"", ""outside"": ""🟦"" },       ""highlight"": [""outside""]     },     {       ""title"": ""Applying to Numbers"",       ""text"": ""Now let's try Math!<br><b>Set A = Factors of 6:</b> {1, 2, 3, 6}<br><b>Set B = Factors of 9:</b> {1, 3, 9}<br><br><b>Step 1:</b> Find the Middle (Common members).<br>Both have <b>1</b> and <b>3</b>."",       ""visualType"": ""VENN_DIAGRAM"",       ""labels"": [""F6"", ""F9""],       ""elements"": { ""left"": """", ""center"": ""1, 3"", ""right"": """" },       ""highlight"": [""center""]     },     {       ""title"": ""Calculating 'Only'"",       ""text"": ""<b>Step 2:</b> Fill the rest.<br><br><b>Set A (Left):</b> We used {1,3}. Remaining: {2, 6}.<br><b>Set B (Right):</b> We used {1,3}. Remaining: {9}.<br><br>Notice: We don't write {1,3} again!"",       ""visualType"": ""VENN_DIAGRAM"",       ""labels"": [""F6"", ""F9""],       ""elements"": { ""left"": ""2, 6"", ""center"": ""1, 3"", ""right"": ""9"" },       ""highlight"": [""left"", ""right""]     }   ] }",study_placing_info.json,quest_06_placing_info_on_venn_diagrams
study_placing_info_S3,T1,Venn Diagrams,Placing Info Correctly,E,Read,,3,"Rule 2: Fill the Sides: Now, place the rest:1. Red Square (🟥): It is Red, but NOT a circle. It goes to the Left (Red Only).2. Blue Circle (🔵): It is a Circle, but NOT red. It goes to the Right (Circle Only).",,,,,,,,,[],MATH_STUDY,study,content/math/set_theory/quest_06_placing_info_on_venn_diagrams/study_placing_info.json,,No,,0,"{   ""engineType"": ""MATH_STUDY"",   ""mode"": ""study"",   ""topic"": ""Venn Diagrams"",   ""variantTitle"": ""Placing Info Correctly"",   ""slides"": [     {       ""title"": ""The Sorting Game"",       ""text"": ""Filling a Venn Diagram is just like sorting objects into baskets.<br><br>Let's sort shapes based on two rules:<br><b>Set A:</b> Must be <span style='color:#ef4444'>RED</span>.<br><b>Set B:</b> Must be a <span style='color:#2563eb'>CIRCLE</span>."",       ""visualType"": ""VENN_DIAGRAM"",       ""labels"": [""Red"", ""Circle""],       ""elements"": { ""left"": ""?"", ""center"": ""?"", ""right"": ""?"" },       ""highlight"": []     },     {       ""title"": ""Rule 1: The Middle First!"",       ""text"": ""<b>Pro Tip:</b> Always fill the Intersection first!<br><br>Ask: <i>\""Is there anything that is BOTH Red AND a Circle?\""</i><br><br>Yes! The <span style='color:#ef4444'>Red</span> <span style='color:#2563eb'>Circle</span> (🔴) goes in the center."",       ""visualType"": ""VENN_DIAGRAM"",       ""labels"": [""Red"", ""Circle""],       ""elements"": { ""left"": """", ""center"": ""🔴"", ""right"": """" },       ""highlight"": [""center""]     },     {       ""title"": ""Rule 2: Fill the Sides"",       ""text"": ""Now, place the rest:<br><br>1. <b>Red Square (🟥):</b> It is Red, but NOT a circle. It goes to the <b>Left</b> (Red Only).<br><br>2. <b>Blue Circle (🔵):</b> It is a Circle, but NOT red. It goes to the <b>Right</b> (Circle Only)."",       ""visualType"": ""VENN_DIAGRAM"",       ""labels"": [""Red"", ""Circle""],       ""elements"": { ""left"": ""🟥"", ""center"": ""🔴"", ""right"": ""🔵"" },       ""highlight"": [""left"", ""right""]     },     {       ""title"": ""Rule 3: The Outsiders"",       ""text"": ""What about a <b>Blue Square (🟦)</b>?<br><br>It is NOT red. It is NOT a circle.<br>It gets kicked <b>outside</b> the rings, but stays inside the box (Universal Set)."",       ""visualType"": ""VENN_DIAGRAM"",       ""labels"": [""Red"", ""Circle""],       ""elements"": { ""left"": ""🟥"", ""center"": ""🔴"", ""right"": ""🔵"", ""outside"": ""🟦"" },       ""highlight"": [""outside""]     },     {       ""title"": ""Applying to Numbers"",       ""text"": ""Now let's try Math!<br><b>Set A = Factors of 6:</b> {1, 2, 3, 6}<br><b>Set B = Factors of 9:</b> {1, 3, 9}<br><br><b>Step 1:</b> Find the Middle (Common members).<br>Both have <b>1</b> and <b>3</b>."",       ""visualType"": ""VENN_DIAGRAM"",       ""labels"": [""F6"", ""F9""],       ""elements"": { ""left"": """", ""center"": ""1, 3"", ""right"": """" },       ""highlight"": [""center""]     },     {       ""title"": ""Calculating 'Only'"",       ""text"": ""<b>Step 2:</b> Fill the rest.<br><br><b>Set A (Left):</b> We used {1,3}. Remaining: {2, 6}.<br><b>Set B (Right):</b> We used {1,3}. Remaining: {9}.<br><br>Notice: We don't write {1,3} again!"",       ""visualType"": ""VENN_DIAGRAM"",       ""labels"": [""F6"", ""F9""],       ""elements"": { ""left"": ""2, 6"", ""center"": ""1, 3"", ""right"": ""9"" },       ""highlight"": [""left"", ""right""]     }   ] }",study_placing_info.json,quest_06_placing_info_on_venn_diagrams
study_placing_info_S4,T1,Venn Diagrams,Placing Info Correctly,E,Read,,4,"Rule 3: The Outsiders: What about a Blue Square (🟦)?It is NOT red. It is NOT a circle.It gets kicked outside the rings, but stays inside the box (Universal Set).",,,,,,,,,[],MATH_STUDY,study,content/math/set_theory/quest_06_placing_info_on_venn_diagrams/study_placing_info.json,,No,,0,"{   ""engineType"": ""MATH_STUDY"",   ""mode"": ""study"",   ""topic"": ""Venn Diagrams"",   ""variantTitle"": ""Placing Info Correctly"",   ""slides"": [     {       ""title"": ""The Sorting Game"",       ""text"": ""Filling a Venn Diagram is just like sorting objects into baskets.<br><br>Let's sort shapes based on two rules:<br><b>Set A:</b> Must be <span style='color:#ef4444'>RED</span>.<br><b>Set B:</b> Must be a <span style='color:#2563eb'>CIRCLE</span>."",       ""visualType"": ""VENN_DIAGRAM"",       ""labels"": [""Red"", ""Circle""],       ""elements"": { ""left"": ""?"", ""center"": ""?"", ""right"": ""?"" },       ""highlight"": []     },     {       ""title"": ""Rule 1: The Middle First!"",       ""text"": ""<b>Pro Tip:</b> Always fill the Intersection first!<br><br>Ask: <i>\""Is there anything that is BOTH Red AND a Circle?\""</i><br><br>Yes! The <span style='color:#ef4444'>Red</span> <span style='color:#2563eb'>Circle</span> (🔴) goes in the center."",       ""visualType"": ""VENN_DIAGRAM"",       ""labels"": [""Red"", ""Circle""],       ""elements"": { ""left"": """", ""center"": ""🔴"", ""right"": """" },       ""highlight"": [""center""]     },     {       ""title"": ""Rule 2: Fill the Sides"",       ""text"": ""Now, place the rest:<br><br>1. <b>Red Square (🟥):</b> It is Red, but NOT a circle. It goes to the <b>Left</b> (Red Only).<br><br>2. <b>Blue Circle (🔵):</b> It is a Circle, but NOT red. It goes to the <b>Right</b> (Circle Only)."",       ""visualType"": ""VENN_DIAGRAM"",       ""labels"": [""Red"", ""Circle""],       ""elements"": { ""left"": ""🟥"", ""center"": ""🔴"", ""right"": ""🔵"" },       ""highlight"": [""left"", ""right""]     },     {       ""title"": ""Rule 3: The Outsiders"",       ""text"": ""What about a <b>Blue Square (🟦)</b>?<br><br>It is NOT red. It is NOT a circle.<br>It gets kicked <b>outside</b> the rings, but stays inside the box (Universal Set)."",       ""visualType"": ""VENN_DIAGRAM"",       ""labels"": [""Red"", ""Circle""],       ""elements"": { ""left"": ""🟥"", ""center"": ""🔴"", ""right"": ""🔵"", ""outside"": ""🟦"" },       ""highlight"": [""outside""]     },     {       ""title"": ""Applying to Numbers"",       ""text"": ""Now let's try Math!<br><b>Set A = Factors of 6:</b> {1, 2, 3, 6}<br><b>Set B = Factors of 9:</b> {1, 3, 9}<br><br><b>Step 1:</b> Find the Middle (Common members).<br>Both have <b>1</b> and <b>3</b>."",       ""visualType"": ""VENN_DIAGRAM"",       ""labels"": [""F6"", ""F9""],       ""elements"": { ""left"": """", ""center"": ""1, 3"", ""right"": """" },       ""highlight"": [""center""]     },     {       ""title"": ""Calculating 'Only'"",       ""text"": ""<b>Step 2:</b> Fill the rest.<br><br><b>Set A (Left):</b> We used {1,3}. Remaining: {2, 6}.<br><b>Set B (Right):</b> We used {1,3}. Remaining: {9}.<br><br>Notice: We don't write {1,3} again!"",       ""visualType"": ""VENN_DIAGRAM"",       ""labels"": [""F6"", ""F9""],       ""elements"": { ""left"": ""2, 6"", ""center"": ""1, 3"", ""right"": ""9"" },       ""highlight"": [""left"", ""right""]     }   ] }",study_placing_info.json,quest_06_placing_info_on_venn_diagrams
study_placing_info_S5,T1,Venn Diagrams,Placing Info Correctly,E,Read,,5,"Applying to Numbers: Now let's try Math!Set A = Factors of 6: {1, 2, 3, 6}Set B = Factors of 9: {1, 3, 9}Step 1: Find the Middle (Common members).Both have 1 and 3.",,,,,,,,,[],MATH_STUDY,study,content/math/set_theory/quest_06_placing_info_on_venn_diagrams/study_placing_info.json,,No,,0,"{   ""engineType"": ""MATH_STUDY"",   ""mode"": ""study"",   ""topic"": ""Venn Diagrams"",   ""variantTitle"": ""Placing Info Correctly"",   ""slides"": [     {       ""title"": ""The Sorting Game"",       ""text"": ""Filling a Venn Diagram is just like sorting objects into baskets.<br><br>Let's sort shapes based on two rules:<br><b>Set A:</b> Must be <span style='color:#ef4444'>RED</span>.<br><b>Set B:</b> Must be a <span style='color:#2563eb'>CIRCLE</span>."",       ""visualType"": ""VENN_DIAGRAM"",       ""labels"": [""Red"", ""Circle""],       ""elements"": { ""left"": ""?"", ""center"": ""?"", ""right"": ""?"" },       ""highlight"": []     },     {       ""title"": ""Rule 1: The Middle First!"",       ""text"": ""<b>Pro Tip:</b> Always fill the Intersection first!<br><br>Ask: <i>\""Is there anything that is BOTH Red AND a Circle?\""</i><br><br>Yes! The <span style='color:#ef4444'>Red</span> <span style='color:#2563eb'>Circle</span> (🔴) goes in the center."",       ""visualType"": ""VENN_DIAGRAM"",       ""labels"": [""Red"", ""Circle""],       ""elements"": { ""left"": """", ""center"": ""🔴"", ""right"": """" },       ""highlight"": [""center""]     },     {       ""title"": ""Rule 2: Fill the Sides"",       ""text"": ""Now, place the rest:<br><br>1. <b>Red Square (🟥):</b> It is Red, but NOT a circle. It goes to the <b>Left</b> (Red Only).<br><br>2. <b>Blue Circle (🔵):</b> It is a Circle, but NOT red. It goes to the <b>Right</b> (Circle Only)."",       ""visualType"": ""VENN_DIAGRAM"",       ""labels"": [""Red"", ""Circle""],       ""elements"": { ""left"": ""🟥"", ""center"": ""🔴"", ""right"": ""🔵"" },       ""highlight"": [""left"", ""right""]     },     {       ""title"": ""Rule 3: The Outsiders"",       ""text"": ""What about a <b>Blue Square (🟦)</b>?<br><br>It is NOT red. It is NOT a circle.<br>It gets kicked <b>outside</b> the rings, but stays inside the box (Universal Set)."",       ""visualType"": ""VENN_DIAGRAM"",       ""labels"": [""Red"", ""Circle""],       ""elements"": { ""left"": ""🟥"", ""center"": ""🔴"", ""right"": ""🔵"", ""outside"": ""🟦"" },       ""highlight"": [""outside""]     },     {       ""title"": ""Applying to Numbers"",       ""text"": ""Now let's try Math!<br><b>Set A = Factors of 6:</b> {1, 2, 3, 6}<br><b>Set B = Factors of 9:</b> {1, 3, 9}<br><br><b>Step 1:</b> Find the Middle (Common members).<br>Both have <b>1</b> and <b>3</b>."",       ""visualType"": ""VENN_DIAGRAM"",       ""labels"": [""F6"", ""F9""],       ""elements"": { ""left"": """", ""center"": ""1, 3"", ""right"": """" },       ""highlight"": [""center""]     },     {       ""title"": ""Calculating 'Only'"",       ""text"": ""<b>Step 2:</b> Fill the rest.<br><br><b>Set A (Left):</b> We used {1,3}. Remaining: {2, 6}.<br><b>Set B (Right):</b> We used {1,3}. Remaining: {9}.<br><br>Notice: We don't write {1,3} again!"",       ""visualType"": ""VENN_DIAGRAM"",       ""labels"": [""F6"", ""F9""],       ""elements"": { ""left"": ""2, 6"", ""center"": ""1, 3"", ""right"": ""9"" },       ""highlight"": [""left"", ""right""]     }   ] }",study_placing_info.json,quest_06_placing_info_on_venn_diagrams
study_placing_info_S6,T1,Venn Diagrams,Placing Info Correctly,E,Read,,6,"Calculating 'Only': Step 2: Fill the rest.Set A (Left): We used {1,3}. Remaining: {2, 6}.Set B (Right): We used {1,3}. Remaining: {9}.Notice: We don't write {1,3} again!",,,,,,,,,[],MATH_STUDY,study,content/math/set_theory/quest_06_placing_info_on_venn_diagrams/study_placing_info.json,,No,,0,"{   ""engineType"": ""MATH_STUDY"",   ""mode"": ""study"",   ""topic"": ""Venn Diagrams"",   ""variantTitle"": ""Placing Info Correctly"",   ""slides"": [     {       ""title"": ""The Sorting Game"",       ""text"": ""Filling a Venn Diagram is just like sorting objects into baskets.<br><br>Let's sort shapes based on two rules:<br><b>Set A:</b> Must be <span style='color:#ef4444'>RED</span>.<br><b>Set B:</b> Must be a <span style='color:#2563eb'>CIRCLE</span>."",       ""visualType"": ""VENN_DIAGRAM"",       ""labels"": [""Red"", ""Circle""],       ""elements"": { ""left"": ""?"", ""center"": ""?"", ""right"": ""?"" },       ""highlight"": []     },     {       ""title"": ""Rule 1: The Middle First!"",       ""text"": ""<b>Pro Tip:</b> Always fill the Intersection first!<br><br>Ask: <i>\""Is there anything that is BOTH Red AND a Circle?\""</i><br><br>Yes! The <span style='color:#ef4444'>Red</span> <span style='color:#2563eb'>Circle</span> (🔴) goes in the center."",       ""visualType"": ""VENN_DIAGRAM"",       ""labels"": [""Red"", ""Circle""],       ""elements"": { ""left"": """", ""center"": ""🔴"", ""right"": """" },       ""highlight"": [""center""]     },     {       ""title"": ""Rule 2: Fill the Sides"",       ""text"": ""Now, place the rest:<br><br>1. <b>Red Square (🟥):</b> It is Red, but NOT a circle. It goes to the <b>Left</b> (Red Only).<br><br>2. <b>Blue Circle (🔵):</b> It is a Circle, but NOT red. It goes to the <b>Right</b> (Circle Only)."",       ""visualType"": ""VENN_DIAGRAM"",       ""labels"": [""Red"", ""Circle""],       ""elements"": { ""left"": ""🟥"", ""center"": ""🔴"", ""right"": ""🔵"" },       ""highlight"": [""left"", ""right""]     },     {       ""title"": ""Rule 3: The Outsiders"",       ""text"": ""What about a <b>Blue Square (🟦)</b>?<br><br>It is NOT red. It is NOT a circle.<br>It gets kicked <b>outside</b> the rings, but stays inside the box (Universal Set)."",       ""visualType"": ""VENN_DIAGRAM"",       ""labels"": [""Red"", ""Circle""],       ""elements"": { ""left"": ""🟥"", ""center"": ""🔴"", ""right"": ""🔵"", ""outside"": ""🟦"" },       ""highlight"": [""outside""]     },     {       ""title"": ""Applying to Numbers"",       ""text"": ""Now let's try Math!<br><b>Set A = Factors of 6:</b> {1, 2, 3, 6}<br><b>Set B = Factors of 9:</b> {1, 3, 9}<br><br><b>Step 1:</b> Find the Middle (Common members).<br>Both have <b>1</b> and <b>3</b>."",       ""visualType"": ""VENN_DIAGRAM"",       ""labels"": [""F6"", ""F9""],       ""elements"": { ""left"": """", ""center"": ""1, 3"", ""right"": """" },       ""highlight"": [""center""]     },     {       ""title"": ""Calculating 'Only'"",       ""text"": ""<b>Step 2:</b> Fill the rest.<br><br><b>Set A (Left):</b> We used {1,3}. Remaining: {2, 6}.<br><b>Set B (Right):</b> We used {1,3}. Remaining: {9}.<br><br>Notice: We don't write {1,3} again!"",       ""visualType"": ""VENN_DIAGRAM"",       ""labels"": [""F6"", ""F9""],       ""elements"": { ""left"": ""2, 6"", ""center"": ""1, 3"", ""right"": ""9"" },       ""highlight"": [""left"", ""right""]     }   ] }",study_placing_info.json,quest_06_placing_info_on_venn_diagrams
study_venn_logic_S1,T1,Venn Strategy,Solving & Placing Info,E,Read,,1,"The 3-Step Strategy: To solve any Venn Diagram problem correctly, follow these three steps:1. List the members (if hidden).2. Fill the Intersection first.3. Subtract to find the 'Only' regions.",,,,,,,,,[],MATH_STUDY,study,content/math/set_theory/quest_06_placing_info_on_venn_diagrams/study_venn_logic.json,,No,,0,"{   ""engineType"": ""MATH_STUDY"",   ""mode"": ""study"",   ""topic"": ""Venn Strategy"",   ""variantTitle"": ""Solving & Placing Info"",   ""slides"": [     {       ""title"": ""The 3-Step Strategy"",       ""text"": ""To solve any Venn Diagram problem correctly, follow these three steps:<br><br>1. <b>List</b> the members (if hidden).<br>2. <b>Fill</b> the Intersection first.<br>3. <b>Subtract</b> to find the 'Only' regions."",       ""visualType"": ""VENN_DIAGRAM"",       ""labels"": [""Step 1"", ""Step 2""],       ""elements"": { ""center"": ""Start Here!"" },       ""highlight"": [""center""]     },     {       ""title"": ""Step 1: Decoding the List"",       ""text"": ""Sometimes sets are hidden in algebra!<br><br><b>Set A = { x : 2 < x < 6 }</b><br>This means 'integers between 2 and 6'.<br>List: <b>{ 3, 4, 5 }</b>"",       ""visualType"": ""FINITE_BASKET"",       ""visualData"": [""3"", ""4"", ""5""]     },     {       ""title"": ""Step 2: Finding the Intersection"",       ""text"": ""Let's compare two sets:<br>A = { 3, 4, 5 }<br>B = { 4, 5, 6 }<br><br>What is in <b>BOTH</b>? { 4, 5 }.<br>We place these in the middle immediately."",       ""visualType"": ""VENN_DIAGRAM"",       ""labels"": [""A"", ""B""],       ""elements"": { ""center"": ""4, 5"" },       ""highlight"": [""center""]     },     {       ""title"": ""Step 3: Calculating 'Only'"",       ""text"": ""Set A has {3, 4, 5}. But {4, 5} are already in the middle!<br><br>So, <b>A Only</b> gets the remaining member: <b>3</b>.<br>Similarly, <b>B Only</b> gets <b>6</b>."",       ""visualType"": ""VENN_DIAGRAM"",       ""labels"": [""A"", ""B""],       ""elements"": { ""left"": ""3"", ""center"": ""4, 5"", ""right"": ""6"" },       ""highlight"": [""left"", ""right""]     },     {       ""title"": ""Strategy: Working with Counts"",       ""text"": ""Sometimes exam questions give you <b>Totals</b> instead of lists.<br><br>\""n(P) = 20. Intersection = 5. Find n(P Only).\""<br><br><b>Rule:</b> Whole Circle - Middle = Only.<br>20 - 5 = <b>15</b>."",       ""visualType"": ""VENN_DIAGRAM"",       ""labels"": [""P"", ""Q""],       ""elements"": { ""left"": ""15"", ""center"": ""5"", ""right"": ""?"" },       ""highlight"": [""left""]     },     {       ""title"": ""Strategy: The Universal Set"",       ""text"": ""<b>Question:</b> \""Total pupils = 40. Union = 35. Find the Complement.\""'<br><br><b>Complement</b> means the Outside region.<br>Total - Union = Outside.<br>40 - 35 = <b>5</b>."",       ""visualType"": ""VENN_DIAGRAM"",       ""labels"": [""A"", ""B""],       ""elements"": { ""left"": ""15"", ""center"": ""5"", ""right"": ""15"", ""outside"": ""5"" },       ""highlight"": [""outside""]     }   ] }",study_venn_logic.json,quest_06_placing_info_on_venn_diagrams
study_venn_logic_S2,T1,Venn Strategy,Solving & Placing Info,E,Read,,2,"Step 1: Decoding the List: Sometimes sets are hidden in algebra!Set A = { x : 2 This means 'integers between 2 and 6'.List: { 3, 4, 5 }",,,,,,,,,[],MATH_STUDY,study,content/math/set_theory/quest_06_placing_info_on_venn_diagrams/study_venn_logic.json,,No,,0,"{   ""engineType"": ""MATH_STUDY"",   ""mode"": ""study"",   ""topic"": ""Venn Strategy"",   ""variantTitle"": ""Solving & Placing Info"",   ""slides"": [     {       ""title"": ""The 3-Step Strategy"",       ""text"": ""To solve any Venn Diagram problem correctly, follow these three steps:<br><br>1. <b>List</b> the members (if hidden).<br>2. <b>Fill</b> the Intersection first.<br>3. <b>Subtract</b> to find the 'Only' regions."",       ""visualType"": ""VENN_DIAGRAM"",       ""labels"": [""Step 1"", ""Step 2""],       ""elements"": { ""center"": ""Start Here!"" },       ""highlight"": [""center""]     },     {       ""title"": ""Step 1: Decoding the List"",       ""text"": ""Sometimes sets are hidden in algebra!<br><br><b>Set A = { x : 2 < x < 6 }</b><br>This means 'integers between 2 and 6'.<br>List: <b>{ 3, 4, 5 }</b>"",       ""visualType"": ""FINITE_BASKET"",       ""visualData"": [""3"", ""4"", ""5""]     },     {       ""title"": ""Step 2: Finding the Intersection"",       ""text"": ""Let's compare two sets:<br>A = { 3, 4, 5 }<br>B = { 4, 5, 6 }<br><br>What is in <b>BOTH</b>? { 4, 5 }.<br>We place these in the middle immediately."",       ""visualType"": ""VENN_DIAGRAM"",       ""labels"": [""A"", ""B""],       ""elements"": { ""center"": ""4, 5"" },       ""highlight"": [""center""]     },     {       ""title"": ""Step 3: Calculating 'Only'"",       ""text"": ""Set A has {3, 4, 5}. But {4, 5} are already in the middle!<br><br>So, <b>A Only</b> gets the remaining member: <b>3</b>.<br>Similarly, <b>B Only</b> gets <b>6</b>."",       ""visualType"": ""VENN_DIAGRAM"",       ""labels"": [""A"", ""B""],       ""elements"": { ""left"": ""3"", ""center"": ""4, 5"", ""right"": ""6"" },       ""highlight"": [""left"", ""right""]     },     {       ""title"": ""Strategy: Working with Counts"",       ""text"": ""Sometimes exam questions give you <b>Totals</b> instead of lists.<br><br>\""n(P) = 20. Intersection = 5. Find n(P Only).\""<br><br><b>Rule:</b> Whole Circle - Middle = Only.<br>20 - 5 = <b>15</b>."",       ""visualType"": ""VENN_DIAGRAM"",       ""labels"": [""P"", ""Q""],       ""elements"": { ""left"": ""15"", ""center"": ""5"", ""right"": ""?"" },       ""highlight"": [""left""]     },     {       ""title"": ""Strategy: The Universal Set"",       ""text"": ""<b>Question:</b> \""Total pupils = 40. Union = 35. Find the Complement.\""'<br><br><b>Complement</b> means the Outside region.<br>Total - Union = Outside.<br>40 - 35 = <b>5</b>."",       ""visualType"": ""VENN_DIAGRAM"",       ""labels"": [""A"", ""B""],       ""elements"": { ""left"": ""15"", ""center"": ""5"", ""right"": ""15"", ""outside"": ""5"" },       ""highlight"": [""outside""]     }   ] }",study_venn_logic.json,quest_06_placing_info_on_venn_diagrams
study_venn_logic_S3,T1,Venn Strategy,Solving & Placing Info,E,Read,,3,"Step 2: Finding the Intersection: Let's compare two sets:A = { 3, 4, 5 }B = { 4, 5, 6 }What is in BOTH? { 4, 5 }.We place these in the middle immediately.",,,,,,,,,[],MATH_STUDY,study,content/math/set_theory/quest_06_placing_info_on_venn_diagrams/study_venn_logic.json,,No,,0,"{   ""engineType"": ""MATH_STUDY"",   ""mode"": ""study"",   ""topic"": ""Venn Strategy"",   ""variantTitle"": ""Solving & Placing Info"",   ""slides"": [     {       ""title"": ""The 3-Step Strategy"",       ""text"": ""To solve any Venn Diagram problem correctly, follow these three steps:<br><br>1. <b>List</b> the members (if hidden).<br>2. <b>Fill</b> the Intersection first.<br>3. <b>Subtract</b> to find the 'Only' regions."",       ""visualType"": ""VENN_DIAGRAM"",       ""labels"": [""Step 1"", ""Step 2""],       ""elements"": { ""center"": ""Start Here!"" },       ""highlight"": [""center""]     },     {       ""title"": ""Step 1: Decoding the List"",       ""text"": ""Sometimes sets are hidden in algebra!<br><br><b>Set A = { x : 2 < x < 6 }</b><br>This means 'integers between 2 and 6'.<br>List: <b>{ 3, 4, 5 }</b>"",       ""visualType"": ""FINITE_BASKET"",       ""visualData"": [""3"", ""4"", ""5""]     },     {       ""title"": ""Step 2: Finding the Intersection"",       ""text"": ""Let's compare two sets:<br>A = { 3, 4, 5 }<br>B = { 4, 5, 6 }<br><br>What is in <b>BOTH</b>? { 4, 5 }.<br>We place these in the middle immediately."",       ""visualType"": ""VENN_DIAGRAM"",       ""labels"": [""A"", ""B""],       ""elements"": { ""center"": ""4, 5"" },       ""highlight"": [""center""]     },     {       ""title"": ""Step 3: Calculating 'Only'"",       ""text"": ""Set A has {3, 4, 5}. But {4, 5} are already in the middle!<br><br>So, <b>A Only</b> gets the remaining member: <b>3</b>.<br>Similarly, <b>B Only</b> gets <b>6</b>."",       ""visualType"": ""VENN_DIAGRAM"",       ""labels"": [""A"", ""B""],       ""elements"": { ""left"": ""3"", ""center"": ""4, 5"", ""right"": ""6"" },       ""highlight"": [""left"", ""right""]     },     {       ""title"": ""Strategy: Working with Counts"",       ""text"": ""Sometimes exam questions give you <b>Totals</b> instead of lists.<br><br>\""n(P) = 20. Intersection = 5. Find n(P Only).\""<br><br><b>Rule:</b> Whole Circle - Middle = Only.<br>20 - 5 = <b>15</b>."",       ""visualType"": ""VENN_DIAGRAM"",       ""labels"": [""P"", ""Q""],       ""elements"": { ""left"": ""15"", ""center"": ""5"", ""right"": ""?"" },       ""highlight"": [""left""]     },     {       ""title"": ""Strategy: The Universal Set"",       ""text"": ""<b>Question:</b> \""Total pupils = 40. Union = 35. Find the Complement.\""'<br><br><b>Complement</b> means the Outside region.<br>Total - Union = Outside.<br>40 - 35 = <b>5</b>."",       ""visualType"": ""VENN_DIAGRAM"",       ""labels"": [""A"", ""B""],       ""elements"": { ""left"": ""15"", ""center"": ""5"", ""right"": ""15"", ""outside"": ""5"" },       ""highlight"": [""outside""]     }   ] }",study_venn_logic.json,quest_06_placing_info_on_venn_diagrams
study_venn_logic_S4,T1,Venn Strategy,Solving & Placing Info,E,Read,,4,"Step 3: Calculating 'Only': Set A has {3, 4, 5}. But {4, 5} are already in the middle!So, A Only gets the remaining member: 3.Similarly, B Only gets 6.",,,,,,,,,[],MATH_STUDY,study,content/math/set_theory/quest_06_placing_info_on_venn_diagrams/study_venn_logic.json,,No,,0,"{   ""engineType"": ""MATH_STUDY"",   ""mode"": ""study"",   ""topic"": ""Venn Strategy"",   ""variantTitle"": ""Solving & Placing Info"",   ""slides"": [     {       ""title"": ""The 3-Step Strategy"",       ""text"": ""To solve any Venn Diagram problem correctly, follow these three steps:<br><br>1. <b>List</b> the members (if hidden).<br>2. <b>Fill</b> the Intersection first.<br>3. <b>Subtract</b> to find the 'Only' regions."",       ""visualType"": ""VENN_DIAGRAM"",       ""labels"": [""Step 1"", ""Step 2""],       ""elements"": { ""center"": ""Start Here!"" },       ""highlight"": [""center""]     },     {       ""title"": ""Step 1: Decoding the List"",       ""text"": ""Sometimes sets are hidden in algebra!<br><br><b>Set A = { x : 2 < x < 6 }</b><br>This means 'integers between 2 and 6'.<br>List: <b>{ 3, 4, 5 }</b>"",       ""visualType"": ""FINITE_BASKET"",       ""visualData"": [""3"", ""4"", ""5""]     },     {       ""title"": ""Step 2: Finding the Intersection"",       ""text"": ""Let's compare two sets:<br>A = { 3, 4, 5 }<br>B = { 4, 5, 6 }<br><br>What is in <b>BOTH</b>? { 4, 5 }.<br>We place these in the middle immediately."",       ""visualType"": ""VENN_DIAGRAM"",       ""labels"": [""A"", ""B""],       ""elements"": { ""center"": ""4, 5"" },       ""highlight"": [""center""]     },     {       ""title"": ""Step 3: Calculating 'Only'"",       ""text"": ""Set A has {3, 4, 5}. But {4, 5} are already in the middle!<br><br>So, <b>A Only</b> gets the remaining member: <b>3</b>.<br>Similarly, <b>B Only</b> gets <b>6</b>."",       ""visualType"": ""VENN_DIAGRAM"",       ""labels"": [""A"", ""B""],       ""elements"": { ""left"": ""3"", ""center"": ""4, 5"", ""right"": ""6"" },       ""highlight"": [""left"", ""right""]     },     {       ""title"": ""Strategy: Working with Counts"",       ""text"": ""Sometimes exam questions give you <b>Totals</b> instead of lists.<br><br>\""n(P) = 20. Intersection = 5. Find n(P Only).\""<br><br><b>Rule:</b> Whole Circle - Middle = Only.<br>20 - 5 = <b>15</b>."",       ""visualType"": ""VENN_DIAGRAM"",       ""labels"": [""P"", ""Q""],       ""elements"": { ""left"": ""15"", ""center"": ""5"", ""right"": ""?"" },       ""highlight"": [""left""]     },     {       ""title"": ""Strategy: The Universal Set"",       ""text"": ""<b>Question:</b> \""Total pupils = 40. Union = 35. Find the Complement.\""'<br><br><b>Complement</b> means the Outside region.<br>Total - Union = Outside.<br>40 - 35 = <b>5</b>."",       ""visualType"": ""VENN_DIAGRAM"",       ""labels"": [""A"", ""B""],       ""elements"": { ""left"": ""15"", ""center"": ""5"", ""right"": ""15"", ""outside"": ""5"" },       ""highlight"": [""outside""]     }   ] }",study_venn_logic.json,quest_06_placing_info_on_venn_diagrams
study_venn_logic_S5,T1,Venn Strategy,Solving & Placing Info,E,Read,,5,"Strategy: Working with Counts: Sometimes exam questions give you Totals instead of lists.""n(P) = 20. Intersection = 5. Find n(P Only).""Rule: Whole Circle - Middle = Only.20 - 5 = 15.",,,,,,,,,[],MATH_STUDY,study,content/math/set_theory/quest_06_placing_info_on_venn_diagrams/study_venn_logic.json,,No,,0,"{   ""engineType"": ""MATH_STUDY"",   ""mode"": ""study"",   ""topic"": ""Venn Strategy"",   ""variantTitle"": ""Solving & Placing Info"",   ""slides"": [     {       ""title"": ""The 3-Step Strategy"",       ""text"": ""To solve any Venn Diagram problem correctly, follow these three steps:<br><br>1. <b>List</b> the members (if hidden).<br>2. <b>Fill</b> the Intersection first.<br>3. <b>Subtract</b> to find the 'Only' regions."",       ""visualType"": ""VENN_DIAGRAM"",       ""labels"": [""Step 1"", ""Step 2""],       ""elements"": { ""center"": ""Start Here!"" },       ""highlight"": [""center""]     },     {       ""title"": ""Step 1: Decoding the List"",       ""text"": ""Sometimes sets are hidden in algebra!<br><br><b>Set A = { x : 2 < x < 6 }</b><br>This means 'integers between 2 and 6'.<br>List: <b>{ 3, 4, 5 }</b>"",       ""visualType"": ""FINITE_BASKET"",       ""visualData"": [""3"", ""4"", ""5""]     },     {       ""title"": ""Step 2: Finding the Intersection"",       ""text"": ""Let's compare two sets:<br>A = { 3, 4, 5 }<br>B = { 4, 5, 6 }<br><br>What is in <b>BOTH</b>? { 4, 5 }.<br>We place these in the middle immediately."",       ""visualType"": ""VENN_DIAGRAM"",       ""labels"": [""A"", ""B""],       ""elements"": { ""center"": ""4, 5"" },       ""highlight"": [""center""]     },     {       ""title"": ""Step 3: Calculating 'Only'"",       ""text"": ""Set A has {3, 4, 5}. But {4, 5} are already in the middle!<br><br>So, <b>A Only</b> gets the remaining member: <b>3</b>.<br>Similarly, <b>B Only</b> gets <b>6</b>."",       ""visualType"": ""VENN_DIAGRAM"",       ""labels"": [""A"", ""B""],       ""elements"": { ""left"": ""3"", ""center"": ""4, 5"", ""right"": ""6"" },       ""highlight"": [""left"", ""right""]     },     {       ""title"": ""Strategy: Working with Counts"",       ""text"": ""Sometimes exam questions give you <b>Totals</b> instead of lists.<br><br>\""n(P) = 20. Intersection = 5. Find n(P Only).\""<br><br><b>Rule:</b> Whole Circle - Middle = Only.<br>20 - 5 = <b>15</b>."",       ""visualType"": ""VENN_DIAGRAM"",       ""labels"": [""P"", ""Q""],       ""elements"": { ""left"": ""15"", ""center"": ""5"", ""right"": ""?"" },       ""highlight"": [""left""]     },     {       ""title"": ""Strategy: The Universal Set"",       ""text"": ""<b>Question:</b> \""Total pupils = 40. Union = 35. Find the Complement.\""'<br><br><b>Complement</b> means the Outside region.<br>Total - Union = Outside.<br>40 - 35 = <b>5</b>."",       ""visualType"": ""VENN_DIAGRAM"",       ""labels"": [""A"", ""B""],       ""elements"": { ""left"": ""15"", ""center"": ""5"", ""right"": ""15"", ""outside"": ""5"" },       ""highlight"": [""outside""]     }   ] }",study_venn_logic.json,quest_06_placing_info_on_venn_diagrams
study_venn_logic_S6,T1,Venn Strategy,Solving & Placing Info,E,Read,,6,"Strategy: The Universal Set: Question: ""Total pupils = 40. Union = 35. Find the Complement.""'Complement means the Outside region.Total - Union = Outside.40 - 35 = 5.",,,,,,,,,[],MATH_STUDY,study,content/math/set_theory/quest_06_placing_info_on_venn_diagrams/study_venn_logic.json,,No,,0,"{   ""engineType"": ""MATH_STUDY"",   ""mode"": ""study"",   ""topic"": ""Venn Strategy"",   ""variantTitle"": ""Solving & Placing Info"",   ""slides"": [     {       ""title"": ""The 3-Step Strategy"",       ""text"": ""To solve any Venn Diagram problem correctly, follow these three steps:<br><br>1. <b>List</b> the members (if hidden).<br>2. <b>Fill</b> the Intersection first.<br>3. <b>Subtract</b> to find the 'Only' regions."",       ""visualType"": ""VENN_DIAGRAM"",       ""labels"": [""Step 1"", ""Step 2""],       ""elements"": { ""center"": ""Start Here!"" },       ""highlight"": [""center""]     },     {       ""title"": ""Step 1: Decoding the List"",       ""text"": ""Sometimes sets are hidden in algebra!<br><br><b>Set A = { x : 2 < x < 6 }</b><br>This means 'integers between 2 and 6'.<br>List: <b>{ 3, 4, 5 }</b>"",       ""visualType"": ""FINITE_BASKET"",       ""visualData"": [""3"", ""4"", ""5""]     },     {       ""title"": ""Step 2: Finding the Intersection"",       ""text"": ""Let's compare two sets:<br>A = { 3, 4, 5 }<br>B = { 4, 5, 6 }<br><br>What is in <b>BOTH</b>? { 4, 5 }.<br>We place these in the middle immediately."",       ""visualType"": ""VENN_DIAGRAM"",       ""labels"": [""A"", ""B""],       ""elements"": { ""center"": ""4, 5"" },       ""highlight"": [""center""]     },     {       ""title"": ""Step 3: Calculating 'Only'"",       ""text"": ""Set A has {3, 4, 5}. But {4, 5} are already in the middle!<br><br>So, <b>A Only</b> gets the remaining member: <b>3</b>.<br>Similarly, <b>B Only</b> gets <b>6</b>."",       ""visualType"": ""VENN_DIAGRAM"",       ""labels"": [""A"", ""B""],       ""elements"": { ""left"": ""3"", ""center"": ""4, 5"", ""right"": ""6"" },       ""highlight"": [""left"", ""right""]     },     {       ""title"": ""Strategy: Working with Counts"",       ""text"": ""Sometimes exam questions give you <b>Totals</b> instead of lists.<br><br>\""n(P) = 20. Intersection = 5. Find n(P Only).\""<br><br><b>Rule:</b> Whole Circle - Middle = Only.<br>20 - 5 = <b>15</b>."",       ""visualType"": ""VENN_DIAGRAM"",       ""labels"": [""P"", ""Q""],       ""elements"": { ""left"": ""15"", ""center"": ""5"", ""right"": ""?"" },       ""highlight"": [""left""]     },     {       ""title"": ""Strategy: The Universal Set"",       ""text"": ""<b>Question:</b> \""Total pupils = 40. Union = 35. Find the Complement.\""'<br><br><b>Complement</b> means the Outside region.<br>Total - Union = Outside.<br>40 - 35 = <b>5</b>."",       ""visualType"": ""VENN_DIAGRAM"",       ""labels"": [""A"", ""B""],       ""elements"": { ""left"": ""15"", ""center"": ""5"", ""right"": ""15"", ""outside"": ""5"" },       ""highlight"": [""outside""]     }   ] }",study_venn_logic.json,quest_06_placing_info_on_venn_diagrams
study_ven_solving_S1,T1,Venn Strategy,Placing Information,E,Read,,1,"The Golden Rule: To fill a Venn Diagram correctly, there is one Golden Rule:Fill the Intersection FIRST!Let's see why, using Red shapes and Circles.",,,,,,,,,[],MATH_STUDY,study,content/math/set_theory/quest_06_placing_info_on_venn_diagrams/study_ven_solving.json,,No,,0,"{   ""engineType"": ""MATH_STUDY"",   ""mode"": ""study"",   ""topic"": ""Venn Strategy"",   ""variantTitle"": ""Placing Information"",   ""slides"": [     {       ""title"": ""The Golden Rule"",       ""text"": ""To fill a Venn Diagram correctly, there is one Golden Rule:<br><br><b>Fill the Intersection FIRST!</b><br><br>Let's see why, using Red shapes and Circles."",       ""visualType"": ""VENN_DIAGRAM"",       ""labels"": [""Red"", ""Circle""],       ""elements"": { ""center"": ""Start Here!"" },       ""highlight"": [""center""]     },     {       ""title"": ""1. Visual Sorting"",       ""text"": ""<b>Set A:</b> Red Objects.<br><b>Set B:</b> Circles.<br><br>Where does a <span style='color:#ef4444'>Red</span> <span style='color:#2563eb'>Circle</span> go?<br>It is BOTH, so it goes in the <b>Middle</b> (Intersection)."",       ""visualType"": ""VENN_DIAGRAM"",       ""labels"": [""Red"", ""Circle""],       ""elements"": { ""left"": ""🟥"", ""center"": ""🔴"", ""right"": ""🔵"" },       ""highlight"": [""center""]     },     {       ""title"": ""2. Decoding Lists"",       ""text"": ""Now let's use numbers. Sometimes lists are hidden in algebra!<br><br><b>A = { x : 2 < x < 6 }</b><br>This means 'numbers between 2 and 6'.<br>List: <b>{ 3, 4, 5 }</b>"",       ""visualType"": ""FINITE_BASKET"",       ""visualData"": [""3"", ""4"", ""5""]     },     {       ""title"": ""3. Comparing Lists"",       ""text"": ""<b>Set A</b> = { 3, 4, 5 }<br><b>Set B</b> = { 4, 5, 6 }<br><br>What is in <b>BOTH</b>? { 4, 5 }.<br>We place these in the middle immediately."",       ""visualType"": ""VENN_DIAGRAM"",       ""labels"": [""A"", ""B""],       ""elements"": { ""center"": ""4, 5"" },       ""highlight"": [""center""]     },     {       ""title"": ""4. Subtract for 'Only'"",       ""text"": ""Set A has {3, 4, 5}. But {4, 5} are already in the middle!<br><br>So, <b>A Only</b> gets the remaining member: <b>3</b>.<br>Similarly, <b>B Only</b> gets <b>6</b>."",       ""visualType"": ""VENN_DIAGRAM"",       ""labels"": [""A"", ""B""],       ""elements"": { ""left"": ""3"", ""center"": ""4, 5"", ""right"": ""6"" },       ""highlight"": [""left"", ""right""]     },     {       ""title"": ""5. The Outsiders"",       ""text"": ""What about numbers not in A or B?<br><br>If Total = {3, 4, 5, 6, 7, 8}, then <b>7 and 8</b> go <b>Outside</b>.<br>This is called the Complement <span class='sym'>(A ∪ B)'</span>."",       ""visualType"": ""VENN_DIAGRAM"",       ""labels"": [""A"", ""B""],       ""elements"": { ""left"": ""3"", ""center"": ""4, 5"", ""right"": ""6"", ""outside"": ""7, 8"" },       ""highlight"": [""outside""]     }   ] }",study_ven_solving.json,quest_06_placing_info_on_venn_diagrams
study_ven_solving_S2,T1,Venn Strategy,Placing Information,E,Read,,2,"1. Visual Sorting: Set A: Red Objects.Set B: Circles.Where does a Red Circle go?It is BOTH, so it goes in the Middle (Intersection).",,,,,,,,,[],MATH_STUDY,study,content/math/set_theory/quest_06_placing_info_on_venn_diagrams/study_ven_solving.json,,No,,0,"{   ""engineType"": ""MATH_STUDY"",   ""mode"": ""study"",   ""topic"": ""Venn Strategy"",   ""variantTitle"": ""Placing Information"",   ""slides"": [     {       ""title"": ""The Golden Rule"",       ""text"": ""To fill a Venn Diagram correctly, there is one Golden Rule:<br><br><b>Fill the Intersection FIRST!</b><br><br>Let's see why, using Red shapes and Circles."",       ""visualType"": ""VENN_DIAGRAM"",       ""labels"": [""Red"", ""Circle""],       ""elements"": { ""center"": ""Start Here!"" },       ""highlight"": [""center""]     },     {       ""title"": ""1. Visual Sorting"",       ""text"": ""<b>Set A:</b> Red Objects.<br><b>Set B:</b> Circles.<br><br>Where does a <span style='color:#ef4444'>Red</span> <span style='color:#2563eb'>Circle</span> go?<br>It is BOTH, so it goes in the <b>Middle</b> (Intersection)."",       ""visualType"": ""VENN_DIAGRAM"",       ""labels"": [""Red"", ""Circle""],       ""elements"": { ""left"": ""🟥"", ""center"": ""🔴"", ""right"": ""🔵"" },       ""highlight"": [""center""]     },     {       ""title"": ""2. Decoding Lists"",       ""text"": ""Now let's use numbers. Sometimes lists are hidden in algebra!<br><br><b>A = { x : 2 < x < 6 }</b><br>This means 'numbers between 2 and 6'.<br>List: <b>{ 3, 4, 5 }</b>"",       ""visualType"": ""FINITE_BASKET"",       ""visualData"": [""3"", ""4"", ""5""]     },     {       ""title"": ""3. Comparing Lists"",       ""text"": ""<b>Set A</b> = { 3, 4, 5 }<br><b>Set B</b> = { 4, 5, 6 }<br><br>What is in <b>BOTH</b>? { 4, 5 }.<br>We place these in the middle immediately."",       ""visualType"": ""VENN_DIAGRAM"",       ""labels"": [""A"", ""B""],       ""elements"": { ""center"": ""4, 5"" },       ""highlight"": [""center""]     },     {       ""title"": ""4. Subtract for 'Only'"",       ""text"": ""Set A has {3, 4, 5}. But {4, 5} are already in the middle!<br><br>So, <b>A Only</b> gets the remaining member: <b>3</b>.<br>Similarly, <b>B Only</b> gets <b>6</b>."",       ""visualType"": ""VENN_DIAGRAM"",       ""labels"": [""A"", ""B""],       ""elements"": { ""left"": ""3"", ""center"": ""4, 5"", ""right"": ""6"" },       ""highlight"": [""left"", ""right""]     },     {       ""title"": ""5. The Outsiders"",       ""text"": ""What about numbers not in A or B?<br><br>If Total = {3, 4, 5, 6, 7, 8}, then <b>7 and 8</b> go <b>Outside</b>.<br>This is called the Complement <span class='sym'>(A ∪ B)'</span>."",       ""visualType"": ""VENN_DIAGRAM"",       ""labels"": [""A"", ""B""],       ""elements"": { ""left"": ""3"", ""center"": ""4, 5"", ""right"": ""6"", ""outside"": ""7, 8"" },       ""highlight"": [""outside""]     }   ] }",study_ven_solving.json,quest_06_placing_info_on_venn_diagrams
study_ven_solving_S3,T1,Venn Strategy,Placing Information,E,Read,,3,"2. Decoding Lists: Now let's use numbers. Sometimes lists are hidden in algebra!A = { x : 2 This means 'numbers between 2 and 6'.List: { 3, 4, 5 }",,,,,,,,,[],MATH_STUDY,study,content/math/set_theory/quest_06_placing_info_on_venn_diagrams/study_ven_solving.json,,No,,0,"{   ""engineType"": ""MATH_STUDY"",   ""mode"": ""study"",   ""topic"": ""Venn Strategy"",   ""variantTitle"": ""Placing Information"",   ""slides"": [     {       ""title"": ""The Golden Rule"",       ""text"": ""To fill a Venn Diagram correctly, there is one Golden Rule:<br><br><b>Fill the Intersection FIRST!</b><br><br>Let's see why, using Red shapes and Circles."",       ""visualType"": ""VENN_DIAGRAM"",       ""labels"": [""Red"", ""Circle""],       ""elements"": { ""center"": ""Start Here!"" },       ""highlight"": [""center""]     },     {       ""title"": ""1. Visual Sorting"",       ""text"": ""<b>Set A:</b> Red Objects.<br><b>Set B:</b> Circles.<br><br>Where does a <span style='color:#ef4444'>Red</span> <span style='color:#2563eb'>Circle</span> go?<br>It is BOTH, so it goes in the <b>Middle</b> (Intersection)."",       ""visualType"": ""VENN_DIAGRAM"",       ""labels"": [""Red"", ""Circle""],       ""elements"": { ""left"": ""🟥"", ""center"": ""🔴"", ""right"": ""🔵"" },       ""highlight"": [""center""]     },     {       ""title"": ""2. Decoding Lists"",       ""text"": ""Now let's use numbers. Sometimes lists are hidden in algebra!<br><br><b>A = { x : 2 < x < 6 }</b><br>This means 'numbers between 2 and 6'.<br>List: <b>{ 3, 4, 5 }</b>"",       ""visualType"": ""FINITE_BASKET"",       ""visualData"": [""3"", ""4"", ""5""]     },     {       ""title"": ""3. Comparing Lists"",       ""text"": ""<b>Set A</b> = { 3, 4, 5 }<br><b>Set B</b> = { 4, 5, 6 }<br><br>What is in <b>BOTH</b>? { 4, 5 }.<br>We place these in the middle immediately."",       ""visualType"": ""VENN_DIAGRAM"",       ""labels"": [""A"", ""B""],       ""elements"": { ""center"": ""4, 5"" },       ""highlight"": [""center""]     },     {       ""title"": ""4. Subtract for 'Only'"",       ""text"": ""Set A has {3, 4, 5}. But {4, 5} are already in the middle!<br><br>So, <b>A Only</b> gets the remaining member: <b>3</b>.<br>Similarly, <b>B Only</b> gets <b>6</b>."",       ""visualType"": ""VENN_DIAGRAM"",       ""labels"": [""A"", ""B""],       ""elements"": { ""left"": ""3"", ""center"": ""4, 5"", ""right"": ""6"" },       ""highlight"": [""left"", ""right""]     },     {       ""title"": ""5. The Outsiders"",       ""text"": ""What about numbers not in A or B?<br><br>If Total = {3, 4, 5, 6, 7, 8}, then <b>7 and 8</b> go <b>Outside</b>.<br>This is called the Complement <span class='sym'>(A ∪ B)'</span>."",       ""visualType"": ""VENN_DIAGRAM"",       ""labels"": [""A"", ""B""],       ""elements"": { ""left"": ""3"", ""center"": ""4, 5"", ""right"": ""6"", ""outside"": ""7, 8"" },       ""highlight"": [""outside""]     }   ] }",study_ven_solving.json,quest_06_placing_info_on_venn_diagrams
study_ven_solving_S4,T1,Venn Strategy,Placing Information,E,Read,,4,"3. Comparing Lists: Set A = { 3, 4, 5 }Set B = { 4, 5, 6 }What is in BOTH? { 4, 5 }.We place these in the middle immediately.",,,,,,,,,[],MATH_STUDY,study,content/math/set_theory/quest_06_placing_info_on_venn_diagrams/study_ven_solving.json,,No,,0,"{   ""engineType"": ""MATH_STUDY"",   ""mode"": ""study"",   ""topic"": ""Venn Strategy"",   ""variantTitle"": ""Placing Information"",   ""slides"": [     {       ""title"": ""The Golden Rule"",       ""text"": ""To fill a Venn Diagram correctly, there is one Golden Rule:<br><br><b>Fill the Intersection FIRST!</b><br><br>Let's see why, using Red shapes and Circles."",       ""visualType"": ""VENN_DIAGRAM"",       ""labels"": [""Red"", ""Circle""],       ""elements"": { ""center"": ""Start Here!"" },       ""highlight"": [""center""]     },     {       ""title"": ""1. Visual Sorting"",       ""text"": ""<b>Set A:</b> Red Objects.<br><b>Set B:</b> Circles.<br><br>Where does a <span style='color:#ef4444'>Red</span> <span style='color:#2563eb'>Circle</span> go?<br>It is BOTH, so it goes in the <b>Middle</b> (Intersection)."",       ""visualType"": ""VENN_DIAGRAM"",       ""labels"": [""Red"", ""Circle""],       ""elements"": { ""left"": ""🟥"", ""center"": ""🔴"", ""right"": ""🔵"" },       ""highlight"": [""center""]     },     {       ""title"": ""2. Decoding Lists"",       ""text"": ""Now let's use numbers. Sometimes lists are hidden in algebra!<br><br><b>A = { x : 2 < x < 6 }</b><br>This means 'numbers between 2 and 6'.<br>List: <b>{ 3, 4, 5 }</b>"",       ""visualType"": ""FINITE_BASKET"",       ""visualData"": [""3"", ""4"", ""5""]     },     {       ""title"": ""3. Comparing Lists"",       ""text"": ""<b>Set A</b> = { 3, 4, 5 }<br><b>Set B</b> = { 4, 5, 6 }<br><br>What is in <b>BOTH</b>? { 4, 5 }.<br>We place these in the middle immediately."",       ""visualType"": ""VENN_DIAGRAM"",       ""labels"": [""A"", ""B""],       ""elements"": { ""center"": ""4, 5"" },       ""highlight"": [""center""]     },     {       ""title"": ""4. Subtract for 'Only'"",       ""text"": ""Set A has {3, 4, 5}. But {4, 5} are already in the middle!<br><br>So, <b>A Only</b> gets the remaining member: <b>3</b>.<br>Similarly, <b>B Only</b> gets <b>6</b>."",       ""visualType"": ""VENN_DIAGRAM"",       ""labels"": [""A"", ""B""],       ""elements"": { ""left"": ""3"", ""center"": ""4, 5"", ""right"": ""6"" },       ""highlight"": [""left"", ""right""]     },     {       ""title"": ""5. The Outsiders"",       ""text"": ""What about numbers not in A or B?<br><br>If Total = {3, 4, 5, 6, 7, 8}, then <b>7 and 8</b> go <b>Outside</b>.<br>This is called the Complement <span class='sym'>(A ∪ B)'</span>."",       ""visualType"": ""VENN_DIAGRAM"",       ""labels"": [""A"", ""B""],       ""elements"": { ""left"": ""3"", ""center"": ""4, 5"", ""right"": ""6"", ""outside"": ""7, 8"" },       ""highlight"": [""outside""]     }   ] }",study_ven_solving.json,quest_06_placing_info_on_venn_diagrams
study_ven_solving_S5,T1,Venn Strategy,Placing Information,E,Read,,5,"4. Subtract for 'Only': Set A has {3, 4, 5}. But {4, 5} are already in the middle!So, A Only gets the remaining member: 3.Similarly, B Only gets 6.",,,,,,,,,[],MATH_STUDY,study,content/math/set_theory/quest_06_placing_info_on_venn_diagrams/study_ven_solving.json,,No,,0,"{   ""engineType"": ""MATH_STUDY"",   ""mode"": ""study"",   ""topic"": ""Venn Strategy"",   ""variantTitle"": ""Placing Information"",   ""slides"": [     {       ""title"": ""The Golden Rule"",       ""text"": ""To fill a Venn Diagram correctly, there is one Golden Rule:<br><br><b>Fill the Intersection FIRST!</b><br><br>Let's see why, using Red shapes and Circles."",       ""visualType"": ""VENN_DIAGRAM"",       ""labels"": [""Red"", ""Circle""],       ""elements"": { ""center"": ""Start Here!"" },       ""highlight"": [""center""]     },     {       ""title"": ""1. Visual Sorting"",       ""text"": ""<b>Set A:</b> Red Objects.<br><b>Set B:</b> Circles.<br><br>Where does a <span style='color:#ef4444'>Red</span> <span style='color:#2563eb'>Circle</span> go?<br>It is BOTH, so it goes in the <b>Middle</b> (Intersection)."",       ""visualType"": ""VENN_DIAGRAM"",       ""labels"": [""Red"", ""Circle""],       ""elements"": { ""left"": ""🟥"", ""center"": ""🔴"", ""right"": ""🔵"" },       ""highlight"": [""center""]     },     {       ""title"": ""2. Decoding Lists"",       ""text"": ""Now let's use numbers. Sometimes lists are hidden in algebra!<br><br><b>A = { x : 2 < x < 6 }</b><br>This means 'numbers between 2 and 6'.<br>List: <b>{ 3, 4, 5 }</b>"",       ""visualType"": ""FINITE_BASKET"",       ""visualData"": [""3"", ""4"", ""5""]     },     {       ""title"": ""3. Comparing Lists"",       ""text"": ""<b>Set A</b> = { 3, 4, 5 }<br><b>Set B</b> = { 4, 5, 6 }<br><br>What is in <b>BOTH</b>? { 4, 5 }.<br>We place these in the middle immediately."",       ""visualType"": ""VENN_DIAGRAM"",       ""labels"": [""A"", ""B""],       ""elements"": { ""center"": ""4, 5"" },       ""highlight"": [""center""]     },     {       ""title"": ""4. Subtract for 'Only'"",       ""text"": ""Set A has {3, 4, 5}. But {4, 5} are already in the middle!<br><br>So, <b>A Only</b> gets the remaining member: <b>3</b>.<br>Similarly, <b>B Only</b> gets <b>6</b>."",       ""visualType"": ""VENN_DIAGRAM"",       ""labels"": [""A"", ""B""],       ""elements"": { ""left"": ""3"", ""center"": ""4, 5"", ""right"": ""6"" },       ""highlight"": [""left"", ""right""]     },     {       ""title"": ""5. The Outsiders"",       ""text"": ""What about numbers not in A or B?<br><br>If Total = {3, 4, 5, 6, 7, 8}, then <b>7 and 8</b> go <b>Outside</b>.<br>This is called the Complement <span class='sym'>(A ∪ B)'</span>."",       ""visualType"": ""VENN_DIAGRAM"",       ""labels"": [""A"", ""B""],       ""elements"": { ""left"": ""3"", ""center"": ""4, 5"", ""right"": ""6"", ""outside"": ""7, 8"" },       ""highlight"": [""outside""]     }   ] }",study_ven_solving.json,quest_06_placing_info_on_venn_diagrams
study_ven_solving_S6,T1,Venn Strategy,Placing Information,E,Read,,6,"5. The Outsiders: What about numbers not in A or B?If Total = {3, 4, 5, 6, 7, 8}, then 7 and 8 go Outside.This is called the Complement (A ∪ B)'.",,,,,,,,,[],MATH_STUDY,study,content/math/set_theory/quest_06_placing_info_on_venn_diagrams/study_ven_solving.json,,No,,0,"{   ""engineType"": ""MATH_STUDY"",   ""mode"": ""study"",   ""topic"": ""Venn Strategy"",   ""variantTitle"": ""Placing Information"",   ""slides"": [     {       ""title"": ""The Golden Rule"",       ""text"": ""To fill a Venn Diagram correctly, there is one Golden Rule:<br><br><b>Fill the Intersection FIRST!</b><br><br>Let's see why, using Red shapes and Circles."",       ""visualType"": ""VENN_DIAGRAM"",       ""labels"": [""Red"", ""Circle""],       ""elements"": { ""center"": ""Start Here!"" },       ""highlight"": [""center""]     },     {       ""title"": ""1. Visual Sorting"",       ""text"": ""<b>Set A:</b> Red Objects.<br><b>Set B:</b> Circles.<br><br>Where does a <span style='color:#ef4444'>Red</span> <span style='color:#2563eb'>Circle</span> go?<br>It is BOTH, so it goes in the <b>Middle</b> (Intersection)."",       ""visualType"": ""VENN_DIAGRAM"",       ""labels"": [""Red"", ""Circle""],       ""elements"": { ""left"": ""🟥"", ""center"": ""🔴"", ""right"": ""🔵"" },       ""highlight"": [""center""]     },     {       ""title"": ""2. Decoding Lists"",       ""text"": ""Now let's use numbers. Sometimes lists are hidden in algebra!<br><br><b>A = { x : 2 < x < 6 }</b><br>This means 'numbers between 2 and 6'.<br>List: <b>{ 3, 4, 5 }</b>"",       ""visualType"": ""FINITE_BASKET"",       ""visualData"": [""3"", ""4"", ""5""]     },     {       ""title"": ""3. Comparing Lists"",       ""text"": ""<b>Set A</b> = { 3, 4, 5 }<br><b>Set B</b> = { 4, 5, 6 }<br><br>What is in <b>BOTH</b>? { 4, 5 }.<br>We place these in the middle immediately."",       ""visualType"": ""VENN_DIAGRAM"",       ""labels"": [""A"", ""B""],       ""elements"": { ""center"": ""4, 5"" },       ""highlight"": [""center""]     },     {       ""title"": ""4. Subtract for 'Only'"",       ""text"": ""Set A has {3, 4, 5}. But {4, 5} are already in the middle!<br><br>So, <b>A Only</b> gets the remaining member: <b>3</b>.<br>Similarly, <b>B Only</b> gets <b>6</b>."",       ""visualType"": ""VENN_DIAGRAM"",       ""labels"": [""A"", ""B""],       ""elements"": { ""left"": ""3"", ""center"": ""4, 5"", ""right"": ""6"" },       ""highlight"": [""left"", ""right""]     },     {       ""title"": ""5. The Outsiders"",       ""text"": ""What about numbers not in A or B?<br><br>If Total = {3, 4, 5, 6, 7, 8}, then <b>7 and 8</b> go <b>Outside</b>.<br>This is called the Complement <span class='sym'>(A ∪ B)'</span>."",       ""visualType"": ""VENN_DIAGRAM"",       ""labels"": [""A"", ""B""],       ""elements"": { ""left"": ""3"", ""center"": ""4, 5"", ""right"": ""6"", ""outside"": ""7, 8"" },       ""highlight"": [""outside""]     }   ] }",study_ven_solving.json,quest_06_placing_info_on_venn_diagrams
07-001_Q1,T1,Solving for Unknowns,Quest 7: Finding X,E,Simulation,,1,"Given n(R) = 25, find x.",,,,,,The total of circle R is x + 10. So x + 10 = 25.,,,[],SET_THEORY,quiz,content/math/set_theory/quest_07_solving_for_unknowns/07-001.json,,No,,5,"{   ""engineType"": ""SET_THEORY"",   ""mode"": ""quiz"",   ""subject"": ""MATH"",   ""topic"": ""Solving for Unknowns"",   ""variantTitle"": ""Quest 7: Finding X"",   ""sets"": {     ""A"": { ""label"": ""R"", ""color"": ""#9333ea"" },     ""B"": { ""label"": ""M"", ""color"": ""#db2777"" }   },   ""zones"": {     ""left"": [""x""],     ""center"": [""10""],     ""right"": [""2x""],     ""outside"": []   },   ""questions"": [     {       ""type"": ""ALGEBRA_SOLVE"",       ""targetRegion"": ""left_total"",       ""equation_target"": 25,       ""expected_x"": 15,       ""prompt"": ""Given <span style='color:#9333ea'>n(R) = 25</span>, find <b>x</b>."",       ""hint"": ""The total of circle R is x + 10. So x + 10 = 25.""     },     {       ""retain_visuals"": true,       ""type"": ""COUNT_SUM"",       ""targetRegion"": ""right_total"",       ""x_val"": 15,       ""prompt"": ""How many pupils eat <span style='color:#db2777'>Matooke</span>?"",       ""hint"": ""n(M) = Intersection + Right Only. Add 10 + 2x (using x=15).""     },     {       ""retain_visuals"": true,       ""type"": ""COUNT_SUM"",       ""targetRegion"": ""symmetric_difference"",       ""x_val"": 15,       ""prompt"": ""How many eat <span style='font-style:italic'>one type</span> only?"",       ""hint"": ""Add (R Only) + (M Only). That is x + 2x.""     }   ] }",07-001.json,quest_07_solving_for_unknowns
07-001_Q2,T1,Solving for Unknowns,Quest 7: Finding X,E,Simulation,,2,How many pupils eat Matooke?,,,,,,n(M) = Intersection + Right Only. Add 10 + 2x (using x=15).,,,[],SET_THEORY,quiz,content/math/set_theory/quest_07_solving_for_unknowns/07-001.json,,No,,5,"{   ""engineType"": ""SET_THEORY"",   ""mode"": ""quiz"",   ""subject"": ""MATH"",   ""topic"": ""Solving for Unknowns"",   ""variantTitle"": ""Quest 7: Finding X"",   ""sets"": {     ""A"": { ""label"": ""R"", ""color"": ""#9333ea"" },     ""B"": { ""label"": ""M"", ""color"": ""#db2777"" }   },   ""zones"": {     ""left"": [""x""],     ""center"": [""10""],     ""right"": [""2x""],     ""outside"": []   },   ""questions"": [     {       ""type"": ""ALGEBRA_SOLVE"",       ""targetRegion"": ""left_total"",       ""equation_target"": 25,       ""expected_x"": 15,       ""prompt"": ""Given <span style='color:#9333ea'>n(R) = 25</span>, find <b>x</b>."",       ""hint"": ""The total of circle R is x + 10. So x + 10 = 25.""     },     {       ""retain_visuals"": true,       ""type"": ""COUNT_SUM"",       ""targetRegion"": ""right_total"",       ""x_val"": 15,       ""prompt"": ""How many pupils eat <span style='color:#db2777'>Matooke</span>?"",       ""hint"": ""n(M) = Intersection + Right Only. Add 10 + 2x (using x=15).""     },     {       ""retain_visuals"": true,       ""type"": ""COUNT_SUM"",       ""targetRegion"": ""symmetric_difference"",       ""x_val"": 15,       ""prompt"": ""How many eat <span style='font-style:italic'>one type</span> only?"",       ""hint"": ""Add (R Only) + (M Only). That is x + 2x.""     }   ] }",07-001.json,quest_07_solving_for_unknowns
07-001_Q3,T1,Solving for Unknowns,Quest 7: Finding X,E,Simulation,,3,How many eat one type only?,,,,,,Add (R Only) + (M Only). That is x + 2x.,,,[],SET_THEORY,quiz,content/math/set_theory/quest_07_solving_for_unknowns/07-001.json,,No,,5,"{   ""engineType"": ""SET_THEORY"",   ""mode"": ""quiz"",   ""subject"": ""MATH"",   ""topic"": ""Solving for Unknowns"",   ""variantTitle"": ""Quest 7: Finding X"",   ""sets"": {     ""A"": { ""label"": ""R"", ""color"": ""#9333ea"" },     ""B"": { ""label"": ""M"", ""color"": ""#db2777"" }   },   ""zones"": {     ""left"": [""x""],     ""center"": [""10""],     ""right"": [""2x""],     ""outside"": []   },   ""questions"": [     {       ""type"": ""ALGEBRA_SOLVE"",       ""targetRegion"": ""left_total"",       ""equation_target"": 25,       ""expected_x"": 15,       ""prompt"": ""Given <span style='color:#9333ea'>n(R) = 25</span>, find <b>x</b>."",       ""hint"": ""The total of circle R is x + 10. So x + 10 = 25.""     },     {       ""retain_visuals"": true,       ""type"": ""COUNT_SUM"",       ""targetRegion"": ""right_total"",       ""x_val"": 15,       ""prompt"": ""How many pupils eat <span style='color:#db2777'>Matooke</span>?"",       ""hint"": ""n(M) = Intersection + Right Only. Add 10 + 2x (using x=15).""     },     {       ""retain_visuals"": true,       ""type"": ""COUNT_SUM"",       ""targetRegion"": ""symmetric_difference"",       ""x_val"": 15,       ""prompt"": ""How many eat <span style='font-style:italic'>one type</span> only?"",       ""hint"": ""Add (R Only) + (M Only). That is x + 2x.""     }   ] }",07-001.json,quest_07_solving_for_unknowns
07-002_Q1,T1,Complex Equations,Quest 7-002: Advanced Algebra,E,Simulation,,1,"Given n(B) = 50, find x.",,,,,,Pink Circle Total: x + (3x + 10) = 50. So 4x = 40.,,,[],SET_THEORY,quiz,content/math/set_theory/quest_07_solving_for_unknowns/07-002.json,,No,,5,"{   ""engineType"": ""SET_THEORY"",   ""mode"": ""quiz"",   ""subject"": ""MATH"",   ""topic"": ""Complex Equations"",   ""variantTitle"": ""Quest 7-002: Advanced Algebra"",   ""sets"": {     ""A"": { ""label"": ""C"", ""color"": ""#9333ea"" },     ""B"": { ""label"": ""B"", ""color"": ""#db2777"" }   },   ""zones"": {     ""left"": [""2x+5""],     ""center"": [""x""],     ""right"": [""3x+10""],     ""outside"": []   },   ""questions"": [     {       ""type"": ""ALGEBRA_SOLVE"",       ""targetRegion"": ""right_total"",       ""equation_target"": 50,       ""expected_x"": 10,       ""prompt"": ""Given <span style='color:#db2777'>n(B) = 50</span>, find <b>x</b>."",       ""hint"": ""Pink Circle Total: x + (3x + 10) = 50. So 4x = 40.""     },     {       ""retain_visuals"": true,       ""type"": ""ALGEBRA_SUBSTITUTE"",       ""targetRegion"": ""left_total"",       ""x_val"": 10,       ""expression"": ""3x + 5"",       ""prompt"": ""How many grow <span style='color:#9333ea'>Coffee</span>?"",       ""hint"": ""n(C) = (2x + 5) + x. Substitute x=10.""     },     {       ""retain_visuals"": true,       ""type"": ""ALGEBRA_SUBSTITUTE"",       ""targetRegion"": ""right_only"",       ""x_val"": 10,       ""expression"": ""3x + 10"",       ""prompt"": ""Farmers growing <span style='color:#db2777'>Beans but not Coffee</span>?"",       ""hint"": ""This is n(B only). Calculate 3(10) + 10.""     }   ] }",07-002.json,quest_07_solving_for_unknowns
07-002_Q2,T1,Complex Equations,Quest 7-002: Advanced Algebra,E,Simulation,,2,How many grow Coffee?,,,,,,n(C) = (2x + 5) + x. Substitute x=10.,,,[],SET_THEORY,quiz,content/math/set_theory/quest_07_solving_for_unknowns/07-002.json,,No,,5,"{   ""engineType"": ""SET_THEORY"",   ""mode"": ""quiz"",   ""subject"": ""MATH"",   ""topic"": ""Complex Equations"",   ""variantTitle"": ""Quest 7-002: Advanced Algebra"",   ""sets"": {     ""A"": { ""label"": ""C"", ""color"": ""#9333ea"" },     ""B"": { ""label"": ""B"", ""color"": ""#db2777"" }   },   ""zones"": {     ""left"": [""2x+5""],     ""center"": [""x""],     ""right"": [""3x+10""],     ""outside"": []   },   ""questions"": [     {       ""type"": ""ALGEBRA_SOLVE"",       ""targetRegion"": ""right_total"",       ""equation_target"": 50,       ""expected_x"": 10,       ""prompt"": ""Given <span style='color:#db2777'>n(B) = 50</span>, find <b>x</b>."",       ""hint"": ""Pink Circle Total: x + (3x + 10) = 50. So 4x = 40.""     },     {       ""retain_visuals"": true,       ""type"": ""ALGEBRA_SUBSTITUTE"",       ""targetRegion"": ""left_total"",       ""x_val"": 10,       ""expression"": ""3x + 5"",       ""prompt"": ""How many grow <span style='color:#9333ea'>Coffee</span>?"",       ""hint"": ""n(C) = (2x + 5) + x. Substitute x=10.""     },     {       ""retain_visuals"": true,       ""type"": ""ALGEBRA_SUBSTITUTE"",       ""targetRegion"": ""right_only"",       ""x_val"": 10,       ""expression"": ""3x + 10"",       ""prompt"": ""Farmers growing <span style='color:#db2777'>Beans but not Coffee</span>?"",       ""hint"": ""This is n(B only). Calculate 3(10) + 10.""     }   ] }",07-002.json,quest_07_solving_for_unknowns
07-002_Q3,T1,Complex Equations,Quest 7-002: Advanced Algebra,E,Simulation,,3,Farmers growing Beans but not Coffee?,,,,,,This is n(B only). Calculate 3(10) + 10.,,,[],SET_THEORY,quiz,content/math/set_theory/quest_07_solving_for_unknowns/07-002.json,,No,,5,"{   ""engineType"": ""SET_THEORY"",   ""mode"": ""quiz"",   ""subject"": ""MATH"",   ""topic"": ""Complex Equations"",   ""variantTitle"": ""Quest 7-002: Advanced Algebra"",   ""sets"": {     ""A"": { ""label"": ""C"", ""color"": ""#9333ea"" },     ""B"": { ""label"": ""B"", ""color"": ""#db2777"" }   },   ""zones"": {     ""left"": [""2x+5""],     ""center"": [""x""],     ""right"": [""3x+10""],     ""outside"": []   },   ""questions"": [     {       ""type"": ""ALGEBRA_SOLVE"",       ""targetRegion"": ""right_total"",       ""equation_target"": 50,       ""expected_x"": 10,       ""prompt"": ""Given <span style='color:#db2777'>n(B) = 50</span>, find <b>x</b>."",       ""hint"": ""Pink Circle Total: x + (3x + 10) = 50. So 4x = 40.""     },     {       ""retain_visuals"": true,       ""type"": ""ALGEBRA_SUBSTITUTE"",       ""targetRegion"": ""left_total"",       ""x_val"": 10,       ""expression"": ""3x + 5"",       ""prompt"": ""How many grow <span style='color:#9333ea'>Coffee</span>?"",       ""hint"": ""n(C) = (2x + 5) + x. Substitute x=10.""     },     {       ""retain_visuals"": true,       ""type"": ""ALGEBRA_SUBSTITUTE"",       ""targetRegion"": ""right_only"",       ""x_val"": 10,       ""expression"": ""3x + 10"",       ""prompt"": ""Farmers growing <span style='color:#db2777'>Beans but not Coffee</span>?"",       ""hint"": ""This is n(B only). Calculate 3(10) + 10.""     }   ] }",07-002.json,quest_07_solving_for_unknowns
07-003_Q1,T1,Solving from Regions,Quest 7-003: Region Algebra,E,Simulation,,1,"If 20 pupils like Mangoes ONLY, find y.",,,,,,Left Region = 20. Equation: 3y + 5 = 20.,,,[],SET_THEORY,quiz,content/math/set_theory/quest_07_solving_for_unknowns/07-003.json,,No,,5,"{   ""engineType"": ""SET_THEORY"",   ""mode"": ""quiz"",   ""subject"": ""MATH"",   ""topic"": ""Solving from Regions"",   ""variantTitle"": ""Quest 7-003: Region Algebra"",   ""sets"": {     ""A"": { ""label"": ""M"", ""color"": ""#9333ea"" },     ""B"": { ""label"": ""O"", ""color"": ""#db2777"" }   },   ""zones"": {     ""left"": [""3y+5""],     ""center"": [""y""],     ""right"": [""2y+8""],     ""outside"": []   },   ""questions"": [     {       ""type"": ""ALGEBRA_SOLVE"",       ""targetRegion"": ""left_only"",       ""equation_target"": 20,       ""expected_x"": 5,       ""prompt"": ""If <span style='color:#9333ea'>20 pupils</span> like Mangoes ONLY, find <b>y</b>."",       ""hint"": ""Left Region = 20. Equation: 3y + 5 = 20.""     },     {       ""retain_visuals"": true,       ""type"": ""ALGEBRA_SUBSTITUTE"",       ""targetRegion"": ""right_only"",       ""x_val"": 5,       ""expression"": ""2y + 8"",       ""prompt"": ""How many like <span style='color:#db2777'>Oranges ONLY</span>?"",       ""hint"": ""Calculate 2(5) + 8.""     },     {       ""retain_visuals"": true,       ""type"": ""COUNT_SUM"",       ""targetRegion"": ""union"",       ""x_val"": 5,       ""prompt"": ""Find the <b>Total Number</b> of pupils."",       ""hint"": ""Sum all regions: 20 + 5 + 18.""     }   ] }",07-003.json,quest_07_solving_for_unknowns
07-003_Q2,T1,Solving from Regions,Quest 7-003: Region Algebra,E,Simulation,,2,How many like Oranges ONLY?,,,,,,Calculate 2(5) + 8.,,,[],SET_THEORY,quiz,content/math/set_theory/quest_07_solving_for_unknowns/07-003.json,,No,,5,"{   ""engineType"": ""SET_THEORY"",   ""mode"": ""quiz"",   ""subject"": ""MATH"",   ""topic"": ""Solving from Regions"",   ""variantTitle"": ""Quest 7-003: Region Algebra"",   ""sets"": {     ""A"": { ""label"": ""M"", ""color"": ""#9333ea"" },     ""B"": { ""label"": ""O"", ""color"": ""#db2777"" }   },   ""zones"": {     ""left"": [""3y+5""],     ""center"": [""y""],     ""right"": [""2y+8""],     ""outside"": []   },   ""questions"": [     {       ""type"": ""ALGEBRA_SOLVE"",       ""targetRegion"": ""left_only"",       ""equation_target"": 20,       ""expected_x"": 5,       ""prompt"": ""If <span style='color:#9333ea'>20 pupils</span> like Mangoes ONLY, find <b>y</b>."",       ""hint"": ""Left Region = 20. Equation: 3y + 5 = 20.""     },     {       ""retain_visuals"": true,       ""type"": ""ALGEBRA_SUBSTITUTE"",       ""targetRegion"": ""right_only"",       ""x_val"": 5,       ""expression"": ""2y + 8"",       ""prompt"": ""How many like <span style='color:#db2777'>Oranges ONLY</span>?"",       ""hint"": ""Calculate 2(5) + 8.""     },     {       ""retain_visuals"": true,       ""type"": ""COUNT_SUM"",       ""targetRegion"": ""union"",       ""x_val"": 5,       ""prompt"": ""Find the <b>Total Number</b> of pupils."",       ""hint"": ""Sum all regions: 20 + 5 + 18.""     }   ] }",07-003.json,quest_07_solving_for_unknowns
07-003_Q3,T1,Solving from Regions,Quest 7-003: Region Algebra,E,Simulation,,3,Find the Total Number of pupils.,,,,,,Sum all regions: 20 + 5 + 18.,,,[],SET_THEORY,quiz,content/math/set_theory/quest_07_solving_for_unknowns/07-003.json,,No,,5,"{   ""engineType"": ""SET_THEORY"",   ""mode"": ""quiz"",   ""subject"": ""MATH"",   ""topic"": ""Solving from Regions"",   ""variantTitle"": ""Quest 7-003: Region Algebra"",   ""sets"": {     ""A"": { ""label"": ""M"", ""color"": ""#9333ea"" },     ""B"": { ""label"": ""O"", ""color"": ""#db2777"" }   },   ""zones"": {     ""left"": [""3y+5""],     ""center"": [""y""],     ""right"": [""2y+8""],     ""outside"": []   },   ""questions"": [     {       ""type"": ""ALGEBRA_SOLVE"",       ""targetRegion"": ""left_only"",       ""equation_target"": 20,       ""expected_x"": 5,       ""prompt"": ""If <span style='color:#9333ea'>20 pupils</span> like Mangoes ONLY, find <b>y</b>."",       ""hint"": ""Left Region = 20. Equation: 3y + 5 = 20.""     },     {       ""retain_visuals"": true,       ""type"": ""ALGEBRA_SUBSTITUTE"",       ""targetRegion"": ""right_only"",       ""x_val"": 5,       ""expression"": ""2y + 8"",       ""prompt"": ""How many like <span style='color:#db2777'>Oranges ONLY</span>?"",       ""hint"": ""Calculate 2(5) + 8.""     },     {       ""retain_visuals"": true,       ""type"": ""COUNT_SUM"",       ""targetRegion"": ""union"",       ""x_val"": 5,       ""prompt"": ""Find the <b>Total Number</b> of pupils."",       ""hint"": ""Sum all regions: 20 + 5 + 18.""     }   ] }",07-003.json,quest_07_solving_for_unknowns
07-004_Q1,T1,Symmetric Difference,Quest 7-004: Only One Type,E,Simulation,,1,"If 36 pupils do only one activity, find k.",,,,,,(Left Only) + (Right Only) = 36. So 4k + (2k+6) = 36.,,,[],SET_THEORY,quiz,content/math/set_theory/quest_07_solving_for_unknowns/07-004.json,,No,,5,"{   ""engineType"": ""SET_THEORY"",   ""mode"": ""quiz"",   ""subject"": ""MATH"",   ""topic"": ""Symmetric Difference"",   ""variantTitle"": ""Quest 7-004: Only One Type"",   ""sets"": {     ""A"": { ""label"": ""D"", ""color"": ""#9333ea"" },     ""B"": { ""label"": ""S"", ""color"": ""#db2777"" }   },   ""zones"": {     ""left"": [""4k""],     ""center"": [""k+2""],     ""right"": [""2k+6""],     ""outside"": []   },   ""questions"": [     {       ""type"": ""ALGEBRA_SOLVE"",       ""targetRegion"": ""symmetric_difference"",       ""equation_target"": 36,       ""expected_x"": 5,       ""prompt"": ""If <span style='color:#9333ea'>36 pupils</span> do <b>only one</b> activity, find <b>k</b>."",       ""hint"": ""(Left Only) + (Right Only) = 36. So 4k + (2k+6) = 36.""     },     {       ""retain_visuals"": true,       ""type"": ""ALGEBRA_SUBSTITUTE"",       ""targetRegion"": ""intersection"",       ""x_val"": 5,       ""expression"": ""k+2"",       ""prompt"": ""How many pupils do <span style='color:#64748b'>both</span> activities?"",       ""hint"": ""k + 2""     },     {       ""retain_visuals"": true,       ""type"": ""COUNT_SUM"",       ""targetRegion"": ""left_total"",       ""x_val"": 5,       ""prompt"": ""Total pupils in <span style='color:#9333ea'>Dancing</span>?"",       ""hint"": ""n(D) = (4k) + (k+2)""     }   ] }",07-004.json,quest_07_solving_for_unknowns
07-004_Q2,T1,Symmetric Difference,Quest 7-004: Only One Type,E,Simulation,,2,How many pupils do both activities?,,,,,,k + 2,,,[],SET_THEORY,quiz,content/math/set_theory/quest_07_solving_for_unknowns/07-004.json,,No,,5,"{   ""engineType"": ""SET_THEORY"",   ""mode"": ""quiz"",   ""subject"": ""MATH"",   ""topic"": ""Symmetric Difference"",   ""variantTitle"": ""Quest 7-004: Only One Type"",   ""sets"": {     ""A"": { ""label"": ""D"", ""color"": ""#9333ea"" },     ""B"": { ""label"": ""S"", ""color"": ""#db2777"" }   },   ""zones"": {     ""left"": [""4k""],     ""center"": [""k+2""],     ""right"": [""2k+6""],     ""outside"": []   },   ""questions"": [     {       ""type"": ""ALGEBRA_SOLVE"",       ""targetRegion"": ""symmetric_difference"",       ""equation_target"": 36,       ""expected_x"": 5,       ""prompt"": ""If <span style='color:#9333ea'>36 pupils</span> do <b>only one</b> activity, find <b>k</b>."",       ""hint"": ""(Left Only) + (Right Only) = 36. So 4k + (2k+6) = 36.""     },     {       ""retain_visuals"": true,       ""type"": ""ALGEBRA_SUBSTITUTE"",       ""targetRegion"": ""intersection"",       ""x_val"": 5,       ""expression"": ""k+2"",       ""prompt"": ""How many pupils do <span style='color:#64748b'>both</span> activities?"",       ""hint"": ""k + 2""     },     {       ""retain_visuals"": true,       ""type"": ""COUNT_SUM"",       ""targetRegion"": ""left_total"",       ""x_val"": 5,       ""prompt"": ""Total pupils in <span style='color:#9333ea'>Dancing</span>?"",       ""hint"": ""n(D) = (4k) + (k+2)""     }   ] }",07-004.json,quest_07_solving_for_unknowns
07-004_Q3,T1,Symmetric Difference,Quest 7-004: Only One Type,E,Simulation,,3,Total pupils in Dancing?,,,,,,n(D) = (4k) + (k+2),,,[],SET_THEORY,quiz,content/math/set_theory/quest_07_solving_for_unknowns/07-004.json,,No,,5,"{   ""engineType"": ""SET_THEORY"",   ""mode"": ""quiz"",   ""subject"": ""MATH"",   ""topic"": ""Symmetric Difference"",   ""variantTitle"": ""Quest 7-004: Only One Type"",   ""sets"": {     ""A"": { ""label"": ""D"", ""color"": ""#9333ea"" },     ""B"": { ""label"": ""S"", ""color"": ""#db2777"" }   },   ""zones"": {     ""left"": [""4k""],     ""center"": [""k+2""],     ""right"": [""2k+6""],     ""outside"": []   },   ""questions"": [     {       ""type"": ""ALGEBRA_SOLVE"",       ""targetRegion"": ""symmetric_difference"",       ""equation_target"": 36,       ""expected_x"": 5,       ""prompt"": ""If <span style='color:#9333ea'>36 pupils</span> do <b>only one</b> activity, find <b>k</b>."",       ""hint"": ""(Left Only) + (Right Only) = 36. So 4k + (2k+6) = 36.""     },     {       ""retain_visuals"": true,       ""type"": ""ALGEBRA_SUBSTITUTE"",       ""targetRegion"": ""intersection"",       ""x_val"": 5,       ""expression"": ""k+2"",       ""prompt"": ""How many pupils do <span style='color:#64748b'>both</span> activities?"",       ""hint"": ""k + 2""     },     {       ""retain_visuals"": true,       ""type"": ""COUNT_SUM"",       ""targetRegion"": ""left_total"",       ""x_val"": 5,       ""prompt"": ""Total pupils in <span style='color:#9333ea'>Dancing</span>?"",       ""hint"": ""n(D) = (4k) + (k+2)""     }   ] }",07-004.json,quest_07_solving_for_unknowns
07-005_Q1,T1,Equal Sets,Quest 7-005: Equating Sets,E,Simulation,,1,"If n(L) = n(E), find m.",,,,,,(5m+4) + m = m + (3m+12). Simplify to 6m+4 = 4m+12.,,,[],SET_THEORY,quiz,content/math/set_theory/quest_07_solving_for_unknowns/07-005.json,,No,,5,"{   ""engineType"": ""SET_THEORY"",   ""mode"": ""quiz"",   ""subject"": ""MATH"",   ""topic"": ""Equal Sets"",   ""variantTitle"": ""Quest 7-005: Equating Sets"",   ""sets"": {     ""A"": { ""label"": ""L"", ""color"": ""#9333ea"" },     ""B"": { ""label"": ""E"", ""color"": ""#db2777"" }   },   ""zones"": {     ""left"": [""5m+4""],     ""center"": [""m""],     ""right"": [""3m+12""],     ""outside"": []   },   ""questions"": [     {       ""type"": ""ALGEBRA_SOLVE"",       ""targetRegion"": ""union"",       ""expected_x"": 4,       ""prompt"": ""If <span style='color:#9333ea'>n(L)</span> = <span style='color:#db2777'>n(E)</span>, find <b>m</b>."",       ""hint"": ""(5m+4) + m = m + (3m+12). Simplify to 6m+4 = 4m+12.""     },     {       ""retain_visuals"": true,       ""type"": ""ALGEBRA_SUBSTITUTE"",       ""targetRegion"": ""left_only"",       ""x_val"": 4,       ""expression"": ""5m + 4"",       ""prompt"": ""How many speak <span style='color:#9333ea'>Luganda only</span>?"",       ""hint"": ""5(4) + 4""     },     {       ""retain_visuals"": true,       ""type"": ""COUNT_SUM"",       ""targetRegion"": ""union"",       ""x_val"": 4,       ""prompt"": ""How many pupils in the class <b>altogether</b>?"",       ""hint"": ""Sum all parts: 24 + 4 + 24.""     }   ] }",07-005.json,quest_07_solving_for_unknowns
07-005_Q2,T1,Equal Sets,Quest 7-005: Equating Sets,E,Simulation,,2,How many speak Luganda only?,,,,,,5(4) + 4,,,[],SET_THEORY,quiz,content/math/set_theory/quest_07_solving_for_unknowns/07-005.json,,No,,5,"{   ""engineType"": ""SET_THEORY"",   ""mode"": ""quiz"",   ""subject"": ""MATH"",   ""topic"": ""Equal Sets"",   ""variantTitle"": ""Quest 7-005: Equating Sets"",   ""sets"": {     ""A"": { ""label"": ""L"", ""color"": ""#9333ea"" },     ""B"": { ""label"": ""E"", ""color"": ""#db2777"" }   },   ""zones"": {     ""left"": [""5m+4""],     ""center"": [""m""],     ""right"": [""3m+12""],     ""outside"": []   },   ""questions"": [     {       ""type"": ""ALGEBRA_SOLVE"",       ""targetRegion"": ""union"",       ""expected_x"": 4,       ""prompt"": ""If <span style='color:#9333ea'>n(L)</span> = <span style='color:#db2777'>n(E)</span>, find <b>m</b>."",       ""hint"": ""(5m+4) + m = m + (3m+12). Simplify to 6m+4 = 4m+12.""     },     {       ""retain_visuals"": true,       ""type"": ""ALGEBRA_SUBSTITUTE"",       ""targetRegion"": ""left_only"",       ""x_val"": 4,       ""expression"": ""5m + 4"",       ""prompt"": ""How many speak <span style='color:#9333ea'>Luganda only</span>?"",       ""hint"": ""5(4) + 4""     },     {       ""retain_visuals"": true,       ""type"": ""COUNT_SUM"",       ""targetRegion"": ""union"",       ""x_val"": 4,       ""prompt"": ""How many pupils in the class <b>altogether</b>?"",       ""hint"": ""Sum all parts: 24 + 4 + 24.""     }   ] }",07-005.json,quest_07_solving_for_unknowns
07-005_Q3,T1,Equal Sets,Quest 7-005: Equating Sets,E,Simulation,,3,How many pupils in the class altogether?,,,,,,Sum all parts: 24 + 4 + 24.,,,[],SET_THEORY,quiz,content/math/set_theory/quest_07_solving_for_unknowns/07-005.json,,No,,5,"{   ""engineType"": ""SET_THEORY"",   ""mode"": ""quiz"",   ""subject"": ""MATH"",   ""topic"": ""Equal Sets"",   ""variantTitle"": ""Quest 7-005: Equating Sets"",   ""sets"": {     ""A"": { ""label"": ""L"", ""color"": ""#9333ea"" },     ""B"": { ""label"": ""E"", ""color"": ""#db2777"" }   },   ""zones"": {     ""left"": [""5m+4""],     ""center"": [""m""],     ""right"": [""3m+12""],     ""outside"": []   },   ""questions"": [     {       ""type"": ""ALGEBRA_SOLVE"",       ""targetRegion"": ""union"",       ""expected_x"": 4,       ""prompt"": ""If <span style='color:#9333ea'>n(L)</span> = <span style='color:#db2777'>n(E)</span>, find <b>m</b>."",       ""hint"": ""(5m+4) + m = m + (3m+12). Simplify to 6m+4 = 4m+12.""     },     {       ""retain_visuals"": true,       ""type"": ""ALGEBRA_SUBSTITUTE"",       ""targetRegion"": ""left_only"",       ""x_val"": 4,       ""expression"": ""5m + 4"",       ""prompt"": ""How many speak <span style='color:#9333ea'>Luganda only</span>?"",       ""hint"": ""5(4) + 4""     },     {       ""retain_visuals"": true,       ""type"": ""COUNT_SUM"",       ""targetRegion"": ""union"",       ""x_val"": 4,       ""prompt"": ""How many pupils in the class <b>altogether</b>?"",       ""hint"": ""Sum all parts: 24 + 4 + 24.""     }   ] }",07-005.json,quest_07_solving_for_unknowns
07-006_Q1,T1,Equal Sets Algebra,Quest 7-005: Equal Sets,E,Simulation,,1,"If n(L) = n(E), find m.",,,,,,n(L) = n(E) implies (5m+4) + m = m + (3m+12).,,,[],SET_THEORY,quiz,content/math/set_theory/quest_07_solving_for_unknowns/07-006.json,,No,,5,"{   ""engineType"": ""SET_THEORY"",   ""mode"": ""quiz"",   ""subject"": ""MATH"",   ""topic"": ""Equal Sets Algebra"",   ""variantTitle"": ""Quest 7-005: Equal Sets"",   ""sets"": {     ""A"": { ""label"": ""L"", ""color"": ""#9333ea"" },     ""B"": { ""label"": ""E"", ""color"": ""#db2777"" }   },   ""zones"": {     ""left"": [""5m+4""],     ""center"": [""m""],     ""right"": [""3m+12""],     ""outside"": []   },   ""questions"": [     {       ""type"": ""ALGEBRA_SOLVE"",       ""targetRegion"": ""union"",       ""expected_x"": 4,       ""prompt"": ""If <span style='color:#9333ea'>n(L)</span> = <span style='color:#db2777'>n(E)</span>, find <b>m</b>."",       ""hint"": ""n(L) = n(E) implies (5m+4) + m = m + (3m+12).""     },     {       ""retain_visuals"": true,       ""type"": ""ALGEBRA_SUBSTITUTE"",       ""targetRegion"": ""left_only"",       ""x_val"": 4,       ""expression"": ""5m + 4"",       ""prompt"": ""How many speak <span style='color:#9333ea'>Luganda only</span>?"",       ""hint"": ""Substitute m=4 into 5m + 4.""     },     {       ""retain_visuals"": true,       ""type"": ""COUNT_SUM"",       ""targetRegion"": ""union"",       ""x_val"": 4,       ""prompt"": ""How many pupils in the class <b>altogether</b>?"",       ""hint"": ""Sum all three regions using m=4.""     }   ] }",07-006.json,quest_07_solving_for_unknowns
07-006_Q2,T1,Equal Sets Algebra,Quest 7-005: Equal Sets,E,Simulation,,2,How many speak Luganda only?,,,,,,Substitute m=4 into 5m + 4.,,,[],SET_THEORY,quiz,content/math/set_theory/quest_07_solving_for_unknowns/07-006.json,,No,,5,"{   ""engineType"": ""SET_THEORY"",   ""mode"": ""quiz"",   ""subject"": ""MATH"",   ""topic"": ""Equal Sets Algebra"",   ""variantTitle"": ""Quest 7-005: Equal Sets"",   ""sets"": {     ""A"": { ""label"": ""L"", ""color"": ""#9333ea"" },     ""B"": { ""label"": ""E"", ""color"": ""#db2777"" }   },   ""zones"": {     ""left"": [""5m+4""],     ""center"": [""m""],     ""right"": [""3m+12""],     ""outside"": []   },   ""questions"": [     {       ""type"": ""ALGEBRA_SOLVE"",       ""targetRegion"": ""union"",       ""expected_x"": 4,       ""prompt"": ""If <span style='color:#9333ea'>n(L)</span> = <span style='color:#db2777'>n(E)</span>, find <b>m</b>."",       ""hint"": ""n(L) = n(E) implies (5m+4) + m = m + (3m+12).""     },     {       ""retain_visuals"": true,       ""type"": ""ALGEBRA_SUBSTITUTE"",       ""targetRegion"": ""left_only"",       ""x_val"": 4,       ""expression"": ""5m + 4"",       ""prompt"": ""How many speak <span style='color:#9333ea'>Luganda only</span>?"",       ""hint"": ""Substitute m=4 into 5m + 4.""     },     {       ""retain_visuals"": true,       ""type"": ""COUNT_SUM"",       ""targetRegion"": ""union"",       ""x_val"": 4,       ""prompt"": ""How many pupils in the class <b>altogether</b>?"",       ""hint"": ""Sum all three regions using m=4.""     }   ] }",07-006.json,quest_07_solving_for_unknowns
07-006_Q3,T1,Equal Sets Algebra,Quest 7-005: Equal Sets,E,Simulation,,3,How many pupils in the class altogether?,,,,,,Sum all three regions using m=4.,,,[],SET_THEORY,quiz,content/math/set_theory/quest_07_solving_for_unknowns/07-006.json,,No,,5,"{   ""engineType"": ""SET_THEORY"",   ""mode"": ""quiz"",   ""subject"": ""MATH"",   ""topic"": ""Equal Sets Algebra"",   ""variantTitle"": ""Quest 7-005: Equal Sets"",   ""sets"": {     ""A"": { ""label"": ""L"", ""color"": ""#9333ea"" },     ""B"": { ""label"": ""E"", ""color"": ""#db2777"" }   },   ""zones"": {     ""left"": [""5m+4""],     ""center"": [""m""],     ""right"": [""3m+12""],     ""outside"": []   },   ""questions"": [     {       ""type"": ""ALGEBRA_SOLVE"",       ""targetRegion"": ""union"",       ""expected_x"": 4,       ""prompt"": ""If <span style='color:#9333ea'>n(L)</span> = <span style='color:#db2777'>n(E)</span>, find <b>m</b>."",       ""hint"": ""n(L) = n(E) implies (5m+4) + m = m + (3m+12).""     },     {       ""retain_visuals"": true,       ""type"": ""ALGEBRA_SUBSTITUTE"",       ""targetRegion"": ""left_only"",       ""x_val"": 4,       ""expression"": ""5m + 4"",       ""prompt"": ""How many speak <span style='color:#9333ea'>Luganda only</span>?"",       ""hint"": ""Substitute m=4 into 5m + 4.""     },     {       ""retain_visuals"": true,       ""type"": ""COUNT_SUM"",       ""targetRegion"": ""union"",       ""x_val"": 4,       ""prompt"": ""How many pupils in the class <b>altogether</b>?"",       ""hint"": ""Sum all three regions using m=4.""     }   ] }",07-006.json,quest_07_solving_for_unknowns
07-007_Q1,T1,Equal Regions Algebra,Quest 7-006: Music Festival,E,Simulation,,1,"Total = 55. Singers only = 20, Drummers only = 15. Both equal Neither. Fill the diagram.",,,,,,,,,[],SET_THEORY,quiz,content/math/set_theory/quest_07_solving_for_unknowns/07-007.json,,No,,5,"{   ""engineType"": ""SET_THEORY"",   ""mode"": ""quiz"",   ""subject"": ""MATH"",   ""topic"": ""Equal Regions Algebra"",   ""variantTitle"": ""Quest 7-006: Music Festival"",   ""sets"": { ""A"": { ""label"": ""S"", ""color"": ""#2563eb"" }, ""B"": { ""label"": ""D"", ""color"": ""#e11d48"" } },   ""zones"": { ""left"": [""20""], ""center"": [""x""], ""right"": [""15""], ""outside"": [""x""] },   ""questions"": [     {       ""interaction"": ""DIAGRAM_FILL"",       ""prompt"": ""Total = 55. Singers only = 20, Drummers only = 15. <br><b>Both</b> equal <b>Neither</b>. Fill the diagram."",       ""inputs"": [         { ""region"": ""left"", ""expected"": ""20"" },         { ""region"": ""right"", ""expected"": ""15"" },         { ""region"": ""outside"", ""expected"": ""x"" }       ]     },     {       ""type"": ""ALGEBRA_SOLVE"",       ""targetRegion"": ""union"",       ""equation_target"": 55,       ""expected_x"": 10,       ""prompt"": ""Find value of <b>x</b> (Both)."",       ""hint"": ""20 + x + 15 + x = 55. So 2x + 35 = 55.""     },     {       ""retain_visuals"": true,       ""type"": ""COUNT_SUM"",       ""targetRegion"": ""left_total"",       ""x_val"": 10,       ""prompt"": ""How many students are <b>Singers</b> in total?"",       ""hint"": ""Singers Only (20) + Both (10).""     }   ] }",07-007.json,quest_07_solving_for_unknowns
07-007_Q2,T1,Equal Regions Algebra,Quest 7-006: Music Festival,E,Simulation,,2,Find value of x (Both).,,,,,,20 + x + 15 + x = 55. So 2x + 35 = 55.,,,[],SET_THEORY,quiz,content/math/set_theory/quest_07_solving_for_unknowns/07-007.json,,No,,5,"{   ""engineType"": ""SET_THEORY"",   ""mode"": ""quiz"",   ""subject"": ""MATH"",   ""topic"": ""Equal Regions Algebra"",   ""variantTitle"": ""Quest 7-006: Music Festival"",   ""sets"": { ""A"": { ""label"": ""S"", ""color"": ""#2563eb"" }, ""B"": { ""label"": ""D"", ""color"": ""#e11d48"" } },   ""zones"": { ""left"": [""20""], ""center"": [""x""], ""right"": [""15""], ""outside"": [""x""] },   ""questions"": [     {       ""interaction"": ""DIAGRAM_FILL"",       ""prompt"": ""Total = 55. Singers only = 20, Drummers only = 15. <br><b>Both</b> equal <b>Neither</b>. Fill the diagram."",       ""inputs"": [         { ""region"": ""left"", ""expected"": ""20"" },         { ""region"": ""right"", ""expected"": ""15"" },         { ""region"": ""outside"", ""expected"": ""x"" }       ]     },     {       ""type"": ""ALGEBRA_SOLVE"",       ""targetRegion"": ""union"",       ""equation_target"": 55,       ""expected_x"": 10,       ""prompt"": ""Find value of <b>x</b> (Both)."",       ""hint"": ""20 + x + 15 + x = 55. So 2x + 35 = 55.""     },     {       ""retain_visuals"": true,       ""type"": ""COUNT_SUM"",       ""targetRegion"": ""left_total"",       ""x_val"": 10,       ""prompt"": ""How many students are <b>Singers</b> in total?"",       ""hint"": ""Singers Only (20) + Both (10).""     }   ] }",07-007.json,quest_07_solving_for_unknowns
07-007_Q3,T1,Equal Regions Algebra,Quest 7-006: Music Festival,E,Simulation,,3,How many students are Singers in total?,,,,,,Singers Only (20) + Both (10).,,,[],SET_THEORY,quiz,content/math/set_theory/quest_07_solving_for_unknowns/07-007.json,,No,,5,"{   ""engineType"": ""SET_THEORY"",   ""mode"": ""quiz"",   ""subject"": ""MATH"",   ""topic"": ""Equal Regions Algebra"",   ""variantTitle"": ""Quest 7-006: Music Festival"",   ""sets"": { ""A"": { ""label"": ""S"", ""color"": ""#2563eb"" }, ""B"": { ""label"": ""D"", ""color"": ""#e11d48"" } },   ""zones"": { ""left"": [""20""], ""center"": [""x""], ""right"": [""15""], ""outside"": [""x""] },   ""questions"": [     {       ""interaction"": ""DIAGRAM_FILL"",       ""prompt"": ""Total = 55. Singers only = 20, Drummers only = 15. <br><b>Both</b> equal <b>Neither</b>. Fill the diagram."",       ""inputs"": [         { ""region"": ""left"", ""expected"": ""20"" },         { ""region"": ""right"", ""expected"": ""15"" },         { ""region"": ""outside"", ""expected"": ""x"" }       ]     },     {       ""type"": ""ALGEBRA_SOLVE"",       ""targetRegion"": ""union"",       ""equation_target"": 55,       ""expected_x"": 10,       ""prompt"": ""Find value of <b>x</b> (Both)."",       ""hint"": ""20 + x + 15 + x = 55. So 2x + 35 = 55.""     },     {       ""retain_visuals"": true,       ""type"": ""COUNT_SUM"",       ""targetRegion"": ""left_total"",       ""x_val"": 10,       ""prompt"": ""How many students are <b>Singers</b> in total?"",       ""hint"": ""Singers Only (20) + Both (10).""     }   ] }",07-007.json,quest_07_solving_for_unknowns
07-008_Q1,T1,Finding Totals,Quest 7-007: Market Day,E,Simulation,,1,"Given n(P) = 29, find y.",,,,,,(y + 5) + y = 29 -> 2y = 24.,,,[],SET_THEORY,quiz,content/math/set_theory/quest_07_solving_for_unknowns/07-008.json,,No,,5,"{   ""engineType"": ""SET_THEORY"",   ""mode"": ""quiz"",   ""subject"": ""MATH"",   ""topic"": ""Finding Totals"",   ""variantTitle"": ""Quest 7-007: Market Day"",   ""sets"": { ""A"": { ""label"": ""P"", ""color"": ""#f59e0b"" }, ""B"": { ""label"": ""M"", ""color"": ""#10b981"" } },   ""zones"": { ""left"": [""y+5""], ""center"": [""y""], ""right"": [""10""], ""outside"": [""0""] },   ""questions"": [     {       ""type"": ""ALGEBRA_SOLVE"",       ""targetRegion"": ""left_total"",       ""equation_target"": 29,       ""expected_x"": 12,       ""prompt"": ""Given n(P) = 29, find <b>y</b>."",       ""hint"": ""(y + 5) + y = 29 -> 2y = 24.""     },     {       ""retain_visuals"": true,       ""type"": ""COUNT_SUM"",       ""targetRegion"": ""union"",       ""x_val"": 12,       ""prompt"": ""Find the <b>Total People</b> in the market."",       ""hint"": ""Sum all regions using y=12: (17) + (12) + (10).""     }   ] }",07-008.json,quest_07_solving_for_unknowns
07-008_Q2,T1,Finding Totals,Quest 7-007: Market Day,E,Simulation,,2,Find the Total People in the market.,,,,,,Sum all regions using y=12: (17) + (12) + (10).,,,[],SET_THEORY,quiz,content/math/set_theory/quest_07_solving_for_unknowns/07-008.json,,No,,5,"{   ""engineType"": ""SET_THEORY"",   ""mode"": ""quiz"",   ""subject"": ""MATH"",   ""topic"": ""Finding Totals"",   ""variantTitle"": ""Quest 7-007: Market Day"",   ""sets"": { ""A"": { ""label"": ""P"", ""color"": ""#f59e0b"" }, ""B"": { ""label"": ""M"", ""color"": ""#10b981"" } },   ""zones"": { ""left"": [""y+5""], ""center"": [""y""], ""right"": [""10""], ""outside"": [""0""] },   ""questions"": [     {       ""type"": ""ALGEBRA_SOLVE"",       ""targetRegion"": ""left_total"",       ""equation_target"": 29,       ""expected_x"": 12,       ""prompt"": ""Given n(P) = 29, find <b>y</b>."",       ""hint"": ""(y + 5) + y = 29 -> 2y = 24.""     },     {       ""retain_visuals"": true,       ""type"": ""COUNT_SUM"",       ""targetRegion"": ""union"",       ""x_val"": 12,       ""prompt"": ""Find the <b>Total People</b> in the market."",       ""hint"": ""Sum all regions using y=12: (17) + (12) + (10).""     }   ] }",07-008.json,quest_07_solving_for_unknowns
07-009_Q1,T1,Algebraic Ratios,Quest 7-008: Sports Ratios,E,Simulation,,1,"Total = 90. n(F)=2x, n(R)=x. Both=10. Find x.",,,,,,(2x-10) + 10 + (x-10) + 10 = 90 -> 3x = 90,,,[],SET_THEORY,quiz,content/math/set_theory/quest_07_solving_for_unknowns/07-009.json,,No,,5,"{   ""engineType"": ""SET_THEORY"",   ""mode"": ""quiz"",   ""subject"": ""MATH"",   ""topic"": ""Algebraic Ratios"",   ""variantTitle"": ""Quest 7-008: Sports Ratios"",   ""sets"": { ""A"": { ""label"": ""F (2x)"", ""color"": ""#ef4444"" }, ""B"": { ""label"": ""R (x)"", ""color"": ""#f59e0b"" } },   ""zones"": { ""left"": [""2x-10""], ""center"": [""10""], ""right"": [""x-10""], ""outside"": [""10""] },   ""questions"": [     {       ""type"": ""ALGEBRA_SOLVE"",       ""targetRegion"": ""union"",       ""equation_target"": 90,       ""expected_x"": 30,       ""prompt"": ""Total = 90. n(F)=2x, n(R)=x. Both=10. Find <b>x</b>."",       ""hint"": ""(2x-10) + 10 + (x-10) + 10 = 90 -> 3x = 90""     },     {       ""retain_visuals"": true,       ""type"": ""COUNT_SUM"",       ""targetRegion"": ""left_total"",       ""x_val"": 30,       ""prompt"": ""Find Total Footballers."",       ""hint"": ""n(F) = 2x = 2(30) = 60.""     }   ] }",07-009.json,quest_07_solving_for_unknowns
07-009_Q2,T1,Algebraic Ratios,Quest 7-008: Sports Ratios,E,Simulation,,2,Find Total Footballers.,,,,,,n(F) = 2x = 2(30) = 60.,,,[],SET_THEORY,quiz,content/math/set_theory/quest_07_solving_for_unknowns/07-009.json,,No,,5,"{   ""engineType"": ""SET_THEORY"",   ""mode"": ""quiz"",   ""subject"": ""MATH"",   ""topic"": ""Algebraic Ratios"",   ""variantTitle"": ""Quest 7-008: Sports Ratios"",   ""sets"": { ""A"": { ""label"": ""F (2x)"", ""color"": ""#ef4444"" }, ""B"": { ""label"": ""R (x)"", ""color"": ""#f59e0b"" } },   ""zones"": { ""left"": [""2x-10""], ""center"": [""10""], ""right"": [""x-10""], ""outside"": [""10""] },   ""questions"": [     {       ""type"": ""ALGEBRA_SOLVE"",       ""targetRegion"": ""union"",       ""equation_target"": 90,       ""expected_x"": 30,       ""prompt"": ""Total = 90. n(F)=2x, n(R)=x. Both=10. Find <b>x</b>."",       ""hint"": ""(2x-10) + 10 + (x-10) + 10 = 90 -> 3x = 90""     },     {       ""retain_visuals"": true,       ""type"": ""COUNT_SUM"",       ""targetRegion"": ""left_total"",       ""x_val"": 30,       ""prompt"": ""Find Total Footballers."",       ""hint"": ""n(F) = 2x = 2(30) = 60.""     }   ] }",07-009.json,quest_07_solving_for_unknowns
07-010_Q1,T1,Algebraic Ratios,Quest 7-009: Book Sale,E,Simulation,,1,Phase 1: F-only is twice N-only (y). Both=10. Outside=10.,,,,,,,,,[],SET_THEORY,quiz,content/math/set_theory/quest_07_solving_for_unknowns/07-010.json,,No,,5,"{   ""engineType"": ""SET_THEORY"",   ""mode"": ""quiz"",   ""subject"": ""MATH"",   ""topic"": ""Algebraic Ratios"",   ""variantTitle"": ""Quest 7-009: Book Sale"",   ""sets"": { ""A"": { ""label"": ""F"", ""color"": ""#16a34a"" }, ""B"": { ""label"": ""N"", ""color"": ""#ea580c"" } },   ""zones"": { ""left"": [""2y""], ""center"": [""10""], ""right"": [""y""], ""outside"": [""10""] },   ""questions"": [     {       ""interaction"": ""DIAGRAM_FILL"",       ""prompt"": ""<b>Phase 1:</b> F-only is twice N-only (y). Both=10. Outside=10."",       ""inputs"": [         { ""region"": ""left"", ""expected"": ""2y"" },         { ""region"": ""right"", ""expected"": ""y"" },         { ""region"": ""center"", ""expected"": ""10"" }       ]     },     {       ""type"": ""ALGEBRA_SOLVE"",       ""targetRegion"": ""union"",       ""equation_target"": 80,       ""expected_x"": 20,       ""prompt"": ""<b>Phase 2:</b> Total books = 80. Find <b>y</b>."",       ""hint"": ""2y + 10 + y + 10 = 80 -> 3y = 60""     }   ] }",07-010.json,quest_07_solving_for_unknowns
07-010_Q2,T1,Algebraic Ratios,Quest 7-009: Book Sale,E,Simulation,,2,Phase 2: Total books = 80. Find y.,,,,,,2y + 10 + y + 10 = 80 -> 3y = 60,,,[],SET_THEORY,quiz,content/math/set_theory/quest_07_solving_for_unknowns/07-010.json,,No,,5,"{   ""engineType"": ""SET_THEORY"",   ""mode"": ""quiz"",   ""subject"": ""MATH"",   ""topic"": ""Algebraic Ratios"",   ""variantTitle"": ""Quest 7-009: Book Sale"",   ""sets"": { ""A"": { ""label"": ""F"", ""color"": ""#16a34a"" }, ""B"": { ""label"": ""N"", ""color"": ""#ea580c"" } },   ""zones"": { ""left"": [""2y""], ""center"": [""10""], ""right"": [""y""], ""outside"": [""10""] },   ""questions"": [     {       ""interaction"": ""DIAGRAM_FILL"",       ""prompt"": ""<b>Phase 1:</b> F-only is twice N-only (y). Both=10. Outside=10."",       ""inputs"": [         { ""region"": ""left"", ""expected"": ""2y"" },         { ""region"": ""right"", ""expected"": ""y"" },         { ""region"": ""center"", ""expected"": ""10"" }       ]     },     {       ""type"": ""ALGEBRA_SOLVE"",       ""targetRegion"": ""union"",       ""equation_target"": 80,       ""expected_x"": 20,       ""prompt"": ""<b>Phase 2:</b> Total books = 80. Find <b>y</b>."",       ""hint"": ""2y + 10 + y + 10 = 80 -> 3y = 60""     }   ] }",07-010.json,quest_07_solving_for_unknowns
07-011_Q1,T1,Complex Algebra,Quest 7-006: Sports Algebra,E,Simulation,,1,"If 21 pupils play only one game, find h.",,,,,,(3h+1) + (h-4) = 21. Simplify: 4h - 3 = 21.,,,[],SET_THEORY,quiz,content/math/set_theory/quest_07_solving_for_unknowns/07-011.json,,No,,5,"{   ""engineType"": ""SET_THEORY"",   ""mode"": ""quiz"",   ""subject"": ""MATH"",   ""topic"": ""Complex Algebra"",   ""variantTitle"": ""Quest 7-006: Sports Algebra"",   ""sets"": {     ""A"": { ""label"": ""B"", ""color"": ""#9333ea"" },     ""B"": { ""label"": ""N"", ""color"": ""#db2777"" }   },   ""zones"": {     ""left"": [""3h+1""],     ""center"": [""2h""],     ""right"": [""h-4""],     ""outside"": [""h+2""]   },   ""questions"": [     {       ""type"": ""ALGEBRA_SOLVE"",       ""targetRegion"": ""symmetric_difference"",       ""equation_target"": 21,       ""expected_x"": 6,       ""prompt"": ""If <b>21 pupils</b> play <b>only one</b> game, find <b>h</b>."",       ""hint"": ""(3h+1) + (h-4) = 21. Simplify: 4h - 3 = 21.""     },     {       ""retain_visuals"": true,       ""type"": ""COUNT_SUM"",       ""targetRegion"": ""right_total"",       ""x_val"": 6,       ""prompt"": ""How many play <span style='color:#db2777'>Netball</span> altogether?"",       ""hint"": ""Intersection (2h) + Right Only (h-4). 12 + 2 = 14.""     },     {       ""retain_visuals"": true,       ""type"": ""ALGEBRA_SUBSTITUTE"",       ""targetRegion"": ""universal_only"",       ""x_val"": 6,       ""expression"": ""3h+1 + h+2"",        ""prompt"": ""How many pupils do <span style='color:#ef4444'>NOT</span> play Netball?"",       ""hint"": ""(B Only) + (Outside). 19 + 8 = 27.""     }   ] }",07-011.json,quest_07_solving_for_unknowns
07-011_Q2,T1,Complex Algebra,Quest 7-006: Sports Algebra,E,Simulation,,2,How many play Netball altogether?,,,,,,Intersection (2h) + Right Only (h-4). 12 + 2 = 14.,,,[],SET_THEORY,quiz,content/math/set_theory/quest_07_solving_for_unknowns/07-011.json,,No,,5,"{   ""engineType"": ""SET_THEORY"",   ""mode"": ""quiz"",   ""subject"": ""MATH"",   ""topic"": ""Complex Algebra"",   ""variantTitle"": ""Quest 7-006: Sports Algebra"",   ""sets"": {     ""A"": { ""label"": ""B"", ""color"": ""#9333ea"" },     ""B"": { ""label"": ""N"", ""color"": ""#db2777"" }   },   ""zones"": {     ""left"": [""3h+1""],     ""center"": [""2h""],     ""right"": [""h-4""],     ""outside"": [""h+2""]   },   ""questions"": [     {       ""type"": ""ALGEBRA_SOLVE"",       ""targetRegion"": ""symmetric_difference"",       ""equation_target"": 21,       ""expected_x"": 6,       ""prompt"": ""If <b>21 pupils</b> play <b>only one</b> game, find <b>h</b>."",       ""hint"": ""(3h+1) + (h-4) = 21. Simplify: 4h - 3 = 21.""     },     {       ""retain_visuals"": true,       ""type"": ""COUNT_SUM"",       ""targetRegion"": ""right_total"",       ""x_val"": 6,       ""prompt"": ""How many play <span style='color:#db2777'>Netball</span> altogether?"",       ""hint"": ""Intersection (2h) + Right Only (h-4). 12 + 2 = 14.""     },     {       ""retain_visuals"": true,       ""type"": ""ALGEBRA_SUBSTITUTE"",       ""targetRegion"": ""universal_only"",       ""x_val"": 6,       ""expression"": ""3h+1 + h+2"",        ""prompt"": ""How many pupils do <span style='color:#ef4444'>NOT</span> play Netball?"",       ""hint"": ""(B Only) + (Outside). 19 + 8 = 27.""     }   ] }",07-011.json,quest_07_solving_for_unknowns
07-011_Q3,T1,Complex Algebra,Quest 7-006: Sports Algebra,E,Simulation,,3,How many pupils do NOT play Netball?,,,,,,(B Only) + (Outside). 19 + 8 = 27.,,,[],SET_THEORY,quiz,content/math/set_theory/quest_07_solving_for_unknowns/07-011.json,,No,,5,"{   ""engineType"": ""SET_THEORY"",   ""mode"": ""quiz"",   ""subject"": ""MATH"",   ""topic"": ""Complex Algebra"",   ""variantTitle"": ""Quest 7-006: Sports Algebra"",   ""sets"": {     ""A"": { ""label"": ""B"", ""color"": ""#9333ea"" },     ""B"": { ""label"": ""N"", ""color"": ""#db2777"" }   },   ""zones"": {     ""left"": [""3h+1""],     ""center"": [""2h""],     ""right"": [""h-4""],     ""outside"": [""h+2""]   },   ""questions"": [     {       ""type"": ""ALGEBRA_SOLVE"",       ""targetRegion"": ""symmetric_difference"",       ""equation_target"": 21,       ""expected_x"": 6,       ""prompt"": ""If <b>21 pupils</b> play <b>only one</b> game, find <b>h</b>."",       ""hint"": ""(3h+1) + (h-4) = 21. Simplify: 4h - 3 = 21.""     },     {       ""retain_visuals"": true,       ""type"": ""COUNT_SUM"",       ""targetRegion"": ""right_total"",       ""x_val"": 6,       ""prompt"": ""How many play <span style='color:#db2777'>Netball</span> altogether?"",       ""hint"": ""Intersection (2h) + Right Only (h-4). 12 + 2 = 14.""     },     {       ""retain_visuals"": true,       ""type"": ""ALGEBRA_SUBSTITUTE"",       ""targetRegion"": ""universal_only"",       ""x_val"": 6,       ""expression"": ""3h+1 + h+2"",        ""prompt"": ""How many pupils do <span style='color:#ef4444'>NOT</span> play Netball?"",       ""hint"": ""(B Only) + (Outside). 19 + 8 = 27.""     }   ] }",07-011.json,quest_07_solving_for_unknowns
07-012_Q1,T1,Algebraic Ratios,Quest 7-007: Farmer's Market,E,Simulation,,1,Phase 1: Both is 2x. Neither is x. Fill Diagram.,,,,,,,,,[],SET_THEORY,quiz,content/math/set_theory/quest_07_solving_for_unknowns/07-012.json,,No,,5,"{   ""engineType"": ""SET_THEORY"",   ""mode"": ""quiz"",   ""subject"": ""MATH"",   ""topic"": ""Algebraic Ratios"",   ""variantTitle"": ""Quest 7-007: Farmer's Market"",   ""sets"": { ""A"": { ""label"": ""B (30)"", ""color"": ""#16a34a"" }, ""B"": { ""label"": ""M (25)"", ""color"": ""#ea580c"" } },   ""zones"": { ""left"": [""30-2x""], ""center"": [""2x""], ""right"": [""25-2x""], ""outside"": [""x""] },   ""questions"": [     {       ""interaction"": ""DIAGRAM_FILL"",       ""prompt"": ""<b>Phase 1:</b> Both is 2x. Neither is x. Fill Diagram."",       ""inputs"": [         { ""region"": ""left"", ""expected"": ""30-2x"" },         { ""region"": ""right"", ""expected"": ""25-2x"" },         { ""region"": ""outside"", ""expected"": ""x"" }       ]     },     {       ""type"": ""ALGEBRA_SOLVE"",       ""targetRegion"": ""union"",       ""equation_target"": 50,       ""expected_x"": 5,       ""prompt"": ""<b>Phase 2:</b> Total = 50. Find <b>x</b>."",       ""hint"": ""(30-2x) + 2x + (25-2x) + x = 50 -> 55 - x = 50""     }   ] }",07-012.json,quest_07_solving_for_unknowns
07-012_Q2,T1,Algebraic Ratios,Quest 7-007: Farmer's Market,E,Simulation,,2,Phase 2: Total = 50. Find x.,,,,,,(30-2x) + 2x + (25-2x) + x = 50 -> 55 - x = 50,,,[],SET_THEORY,quiz,content/math/set_theory/quest_07_solving_for_unknowns/07-012.json,,No,,5,"{   ""engineType"": ""SET_THEORY"",   ""mode"": ""quiz"",   ""subject"": ""MATH"",   ""topic"": ""Algebraic Ratios"",   ""variantTitle"": ""Quest 7-007: Farmer's Market"",   ""sets"": { ""A"": { ""label"": ""B (30)"", ""color"": ""#16a34a"" }, ""B"": { ""label"": ""M (25)"", ""color"": ""#ea580c"" } },   ""zones"": { ""left"": [""30-2x""], ""center"": [""2x""], ""right"": [""25-2x""], ""outside"": [""x""] },   ""questions"": [     {       ""interaction"": ""DIAGRAM_FILL"",       ""prompt"": ""<b>Phase 1:</b> Both is 2x. Neither is x. Fill Diagram."",       ""inputs"": [         { ""region"": ""left"", ""expected"": ""30-2x"" },         { ""region"": ""right"", ""expected"": ""25-2x"" },         { ""region"": ""outside"", ""expected"": ""x"" }       ]     },     {       ""type"": ""ALGEBRA_SOLVE"",       ""targetRegion"": ""union"",       ""equation_target"": 50,       ""expected_x"": 5,       ""prompt"": ""<b>Phase 2:</b> Total = 50. Find <b>x</b>."",       ""hint"": ""(30-2x) + 2x + (25-2x) + x = 50 -> 55 - x = 50""     }   ] }",07-012.json,quest_07_solving_for_unknowns
07-013_Q1,T1,Equal Sets,Quest 7-008: Clinic Data,E,Simulation,,1,"If n(M) = n(T), find y.",,,,,,(2y+1) + y = y + (y+5),,,[],SET_THEORY,quiz,content/math/set_theory/quest_07_solving_for_unknowns/07-013.json,,No,,5,"{   ""engineType"": ""SET_THEORY"",   ""mode"": ""quiz"",   ""subject"": ""MATH"",   ""topic"": ""Equal Sets"",   ""variantTitle"": ""Quest 7-008: Clinic Data"",   ""sets"": { ""A"": { ""label"": ""M"", ""color"": ""#dc2626"" }, ""B"": { ""label"": ""T"", ""color"": ""#0891b2"" } },   ""zones"": { ""left"": [""2y+1""], ""center"": [""y""], ""right"": [""y+5""], ""outside"": [] },   ""questions"": [     {       ""type"": ""ALGEBRA_SOLVE"",       ""targetRegion"": ""union"",       ""expected_x"": 4,       ""prompt"": ""If n(M) = n(T), find <b>y</b>."",       ""hint"": ""(2y+1) + y = y + (y+5)""     },     {       ""retain_visuals"": true,       ""type"": ""COUNT_SUM"",       ""targetRegion"": ""left_only"",       ""x_val"": 4,       ""prompt"": ""Find <span style='color:#dc2626'>Malaria Only</span>."",       ""hint"": ""2(4) + 1 = 9""     }   ] }",07-013.json,quest_07_solving_for_unknowns
07-013_Q2,T1,Equal Sets,Quest 7-008: Clinic Data,E,Simulation,,2,Find Malaria Only.,,,,,,2(4) + 1 = 9,,,[],SET_THEORY,quiz,content/math/set_theory/quest_07_solving_for_unknowns/07-013.json,,No,,5,"{   ""engineType"": ""SET_THEORY"",   ""mode"": ""quiz"",   ""subject"": ""MATH"",   ""topic"": ""Equal Sets"",   ""variantTitle"": ""Quest 7-008: Clinic Data"",   ""sets"": { ""A"": { ""label"": ""M"", ""color"": ""#dc2626"" }, ""B"": { ""label"": ""T"", ""color"": ""#0891b2"" } },   ""zones"": { ""left"": [""2y+1""], ""center"": [""y""], ""right"": [""y+5""], ""outside"": [] },   ""questions"": [     {       ""type"": ""ALGEBRA_SOLVE"",       ""targetRegion"": ""union"",       ""expected_x"": 4,       ""prompt"": ""If n(M) = n(T), find <b>y</b>."",       ""hint"": ""(2y+1) + y = y + (y+5)""     },     {       ""retain_visuals"": true,       ""type"": ""COUNT_SUM"",       ""targetRegion"": ""left_only"",       ""x_val"": 4,       ""prompt"": ""Find <span style='color:#dc2626'>Malaria Only</span>."",       ""hint"": ""2(4) + 1 = 9""     }   ] }",07-013.json,quest_07_solving_for_unknowns
07-014_Q1,T1,Algebraic Totals,Quest 7-009: Food Survey,E,Simulation,,1,Total = 45. Find x.,,,,,,(x+10) + 5 + x = 45 -> 2x = 30,,,[],SET_THEORY,quiz,content/math/set_theory/quest_07_solving_for_unknowns/07-014.json,,No,,5,"{   ""engineType"": ""SET_THEORY"",   ""mode"": ""quiz"",   ""subject"": ""MATH"",   ""topic"": ""Algebraic Totals"",   ""variantTitle"": ""Quest 7-009: Food Survey"",   ""sets"": { ""A"": { ""label"": ""Rice"", ""color"": ""#16a34a"" }, ""B"": { ""label"": ""Posho"", ""color"": ""#f59e0b"" } },   ""zones"": { ""left"": [""x+10""], ""center"": [""5""], ""right"": [""x""], ""outside"": [""0""] },   ""questions"": [     {       ""type"": ""ALGEBRA_SOLVE"",       ""targetRegion"": ""union"",       ""equation_target"": 45,       ""expected_x"": 15,       ""prompt"": ""Total = 45. Find <b>x</b>."",       ""hint"": ""(x+10) + 5 + x = 45 -> 2x = 30""     }   ] }",07-014.json,quest_07_solving_for_unknowns
07-015_Q1,T1,Algebra via Total Set,Quest 7-010: Subject Algebra,E,Simulation,,1,Total Math pupils = 30. Find x.,,,,,,n(M) = (x+10) + x = 30 -> 2x = 20.,,,[],SET_THEORY,quiz,content/math/set_theory/quest_07_solving_for_unknowns/07-015.json,,No,,5,"{   ""engineType"": ""SET_THEORY"",   ""mode"": ""quiz"",   ""subject"": ""MATH"",   ""topic"": ""Algebra via Total Set"",   ""variantTitle"": ""Quest 7-010: Subject Algebra"",   ""sets"": { ""A"": { ""label"": ""M (30)"", ""color"": ""#9333ea"" }, ""B"": { ""label"": ""S"", ""color"": ""#db2777"" } },   ""zones"": { ""left"": [""x+10""], ""center"": [""x""], ""right"": [""2x""], ""outside"": [""5""] },    ""questions"": [     {       ""type"": ""ALGEBRA_SOLVE"",       ""targetRegion"": ""left_total"",       ""equation_target"": 30,       ""expected_x"": 10,       ""prompt"": ""Total Math pupils = 30. Find <b>x</b>."",       ""hint"": ""n(M) = (x+10) + x = 30 -> 2x = 20.""     },     {       ""retain_visuals"": true,       ""type"": ""ALGEBRA_SUBSTITUTE"",       ""targetRegion"": ""right_only"",       ""x_val"": 10,       ""expression"": ""2x"",       ""prompt"": ""How many like <span style='color:#db2777'>Science ONLY</span>?"",       ""hint"": ""2(10) = 20""     },     {       ""retain_visuals"": true,       ""type"": ""COUNT_SUM"",       ""targetRegion"": ""union"",       ""x_val"": 10,       ""prompt"": ""Find the <b>Total Number</b> of pupils in the class."",       ""hint"": ""Sum all regions: (20) + (10) + (20) + (5).""     }   ] }",07-015.json,quest_07_solving_for_unknowns
07-015_Q2,T1,Algebra via Total Set,Quest 7-010: Subject Algebra,E,Simulation,,2,How many like Science ONLY?,,,,,,2(10) = 20,,,[],SET_THEORY,quiz,content/math/set_theory/quest_07_solving_for_unknowns/07-015.json,,No,,5,"{   ""engineType"": ""SET_THEORY"",   ""mode"": ""quiz"",   ""subject"": ""MATH"",   ""topic"": ""Algebra via Total Set"",   ""variantTitle"": ""Quest 7-010: Subject Algebra"",   ""sets"": { ""A"": { ""label"": ""M (30)"", ""color"": ""#9333ea"" }, ""B"": { ""label"": ""S"", ""color"": ""#db2777"" } },   ""zones"": { ""left"": [""x+10""], ""center"": [""x""], ""right"": [""2x""], ""outside"": [""5""] },    ""questions"": [     {       ""type"": ""ALGEBRA_SOLVE"",       ""targetRegion"": ""left_total"",       ""equation_target"": 30,       ""expected_x"": 10,       ""prompt"": ""Total Math pupils = 30. Find <b>x</b>."",       ""hint"": ""n(M) = (x+10) + x = 30 -> 2x = 20.""     },     {       ""retain_visuals"": true,       ""type"": ""ALGEBRA_SUBSTITUTE"",       ""targetRegion"": ""right_only"",       ""x_val"": 10,       ""expression"": ""2x"",       ""prompt"": ""How many like <span style='color:#db2777'>Science ONLY</span>?"",       ""hint"": ""2(10) = 20""     },     {       ""retain_visuals"": true,       ""type"": ""COUNT_SUM"",       ""targetRegion"": ""union"",       ""x_val"": 10,       ""prompt"": ""Find the <b>Total Number</b> of pupils in the class."",       ""hint"": ""Sum all regions: (20) + (10) + (20) + (5).""     }   ] }",07-015.json,quest_07_solving_for_unknowns
07-015_Q3,T1,Algebra via Total Set,Quest 7-010: Subject Algebra,E,Simulation,,3,Find the Total Number of pupils in the class.,,,,,,Sum all regions: (20) + (10) + (20) + (5).,,,[],SET_THEORY,quiz,content/math/set_theory/quest_07_solving_for_unknowns/07-015.json,,No,,5,"{   ""engineType"": ""SET_THEORY"",   ""mode"": ""quiz"",   ""subject"": ""MATH"",   ""topic"": ""Algebra via Total Set"",   ""variantTitle"": ""Quest 7-010: Subject Algebra"",   ""sets"": { ""A"": { ""label"": ""M (30)"", ""color"": ""#9333ea"" }, ""B"": { ""label"": ""S"", ""color"": ""#db2777"" } },   ""zones"": { ""left"": [""x+10""], ""center"": [""x""], ""right"": [""2x""], ""outside"": [""5""] },    ""questions"": [     {       ""type"": ""ALGEBRA_SOLVE"",       ""targetRegion"": ""left_total"",       ""equation_target"": 30,       ""expected_x"": 10,       ""prompt"": ""Total Math pupils = 30. Find <b>x</b>."",       ""hint"": ""n(M) = (x+10) + x = 30 -> 2x = 20.""     },     {       ""retain_visuals"": true,       ""type"": ""ALGEBRA_SUBSTITUTE"",       ""targetRegion"": ""right_only"",       ""x_val"": 10,       ""expression"": ""2x"",       ""prompt"": ""How many like <span style='color:#db2777'>Science ONLY</span>?"",       ""hint"": ""2(10) = 20""     },     {       ""retain_visuals"": true,       ""type"": ""COUNT_SUM"",       ""targetRegion"": ""union"",       ""x_val"": 10,       ""prompt"": ""Find the <b>Total Number</b> of pupils in the class."",       ""hint"": ""Sum all regions: (20) + (10) + (20) + (5).""     }   ] }",07-015.json,quest_07_solving_for_unknowns
07-016_Q1,T1,Solving via Total,Quest 7-011: Art Class,E,Simulation,,1,Total=40. Total Paint=25. Sketch Only=x. Find x.,,,,,,x + 25 = 40.,,,[],SET_THEORY,quiz,content/math/set_theory/quest_07_solving_for_unknowns/07-016.json,,No,,5,"{   ""engineType"": ""SET_THEORY"",   ""mode"": ""quiz"",   ""subject"": ""MATH"",   ""topic"": ""Solving via Total"",   ""variantTitle"": ""Quest 7-011: Art Class"",   ""sets"": { ""A"": { ""label"": ""S"", ""color"": ""#2563eb"" }, ""B"": { ""label"": ""P (25)"", ""color"": ""#db2777"" } },   ""zones"": { ""left"": [""x""], ""center"": [""x-5""], ""right"": [], ""outside"": [""0""] },    ""questions"": [     {       ""type"": ""ALGEBRA_SOLVE"",       ""targetRegion"": ""union"",        ""equation_target"": 40,       ""expected_x"": 15,       ""prompt"": ""Total=40. Total Paint=25. Sketch Only=x. Find <b>x</b>."",       ""hint"": ""x + 25 = 40.""     },     {       ""retain_visuals"": true,       ""type"": ""ALGEBRA_SUBSTITUTE"",       ""targetRegion"": ""intersection"",       ""x_val"": 15,       ""expression"": ""x-5"",       ""prompt"": ""How many do <b>BOTH</b>?"",       ""hint"": ""15 - 5 = 10.""     }   ] }",07-016.json,quest_07_solving_for_unknowns
07-016_Q2,T1,Solving via Total,Quest 7-011: Art Class,E,Simulation,,2,How many do BOTH?,,,,,,15 - 5 = 10.,,,[],SET_THEORY,quiz,content/math/set_theory/quest_07_solving_for_unknowns/07-016.json,,No,,5,"{   ""engineType"": ""SET_THEORY"",   ""mode"": ""quiz"",   ""subject"": ""MATH"",   ""topic"": ""Solving via Total"",   ""variantTitle"": ""Quest 7-011: Art Class"",   ""sets"": { ""A"": { ""label"": ""S"", ""color"": ""#2563eb"" }, ""B"": { ""label"": ""P (25)"", ""color"": ""#db2777"" } },   ""zones"": { ""left"": [""x""], ""center"": [""x-5""], ""right"": [], ""outside"": [""0""] },    ""questions"": [     {       ""type"": ""ALGEBRA_SOLVE"",       ""targetRegion"": ""union"",        ""equation_target"": 40,       ""expected_x"": 15,       ""prompt"": ""Total=40. Total Paint=25. Sketch Only=x. Find <b>x</b>."",       ""hint"": ""x + 25 = 40.""     },     {       ""retain_visuals"": true,       ""type"": ""ALGEBRA_SUBSTITUTE"",       ""targetRegion"": ""intersection"",       ""x_val"": 15,       ""expression"": ""x-5"",       ""prompt"": ""How many do <b>BOTH</b>?"",       ""hint"": ""15 - 5 = 10.""     }   ] }",07-016.json,quest_07_solving_for_unknowns
07-017_Q1,T1,Algebraic Totals,Quest 7-012: Sports Algebra,E,Simulation,,1,Total=60. Total F=40. R-only=x. Outside=5. Find x.,,,,,,40 + x + 5 = 60 -> x = 15.,,,[],SET_THEORY,quiz,content/math/set_theory/quest_07_solving_for_unknowns/07-017.json,,No,,5,"{   ""engineType"": ""SET_THEORY"",   ""mode"": ""quiz"",   ""subject"": ""MATH"",   ""topic"": ""Algebraic Totals"",   ""variantTitle"": ""Quest 7-012: Sports Algebra"",   ""sets"": { ""A"": { ""label"": ""F (40)"", ""color"": ""#16a34a"" }, ""B"": { ""label"": ""R"", ""color"": ""#f59e0b"" } },   ""zones"": { ""left"": [""40-(x-5)""], ""center"": [""x-5""], ""right"": [""x""], ""outside"": [""5""] },    ""questions"": [     {       ""type"": ""ALGEBRA_SOLVE"",       ""targetRegion"": ""union"",        ""equation_target"": 60,       ""expected_x"": 15,       ""prompt"": ""Total=60. Total F=40. R-only=x. Outside=5. Find <b>x</b>."",       ""hint"": ""40 + x + 5 = 60 -> x = 15.""     },     {       ""retain_visuals"": true,       ""type"": ""ALGEBRA_SUBSTITUTE"",       ""targetRegion"": ""intersection"",       ""x_val"": 15,       ""expression"": ""x-5"",       ""prompt"": ""How many play <b>BOTH</b>?"",       ""hint"": ""x - 5 = 10.""     }   ] }",07-017.json,quest_07_solving_for_unknowns
07-017_Q2,T1,Algebraic Totals,Quest 7-012: Sports Algebra,E,Simulation,,2,How many play BOTH?,,,,,,x - 5 = 10.,,,[],SET_THEORY,quiz,content/math/set_theory/quest_07_solving_for_unknowns/07-017.json,,No,,5,"{   ""engineType"": ""SET_THEORY"",   ""mode"": ""quiz"",   ""subject"": ""MATH"",   ""topic"": ""Algebraic Totals"",   ""variantTitle"": ""Quest 7-012: Sports Algebra"",   ""sets"": { ""A"": { ""label"": ""F (40)"", ""color"": ""#16a34a"" }, ""B"": { ""label"": ""R"", ""color"": ""#f59e0b"" } },   ""zones"": { ""left"": [""40-(x-5)""], ""center"": [""x-5""], ""right"": [""x""], ""outside"": [""5""] },    ""questions"": [     {       ""type"": ""ALGEBRA_SOLVE"",       ""targetRegion"": ""union"",        ""equation_target"": 60,       ""expected_x"": 15,       ""prompt"": ""Total=60. Total F=40. R-only=x. Outside=5. Find <b>x</b>."",       ""hint"": ""40 + x + 5 = 60 -> x = 15.""     },     {       ""retain_visuals"": true,       ""type"": ""ALGEBRA_SUBSTITUTE"",       ""targetRegion"": ""intersection"",       ""x_val"": 15,       ""expression"": ""x-5"",       ""prompt"": ""How many play <b>BOTH</b>?"",       ""hint"": ""x - 5 = 10.""     }   ] }",07-017.json,quest_07_solving_for_unknowns
07-018_Q1,T1,Algebra,Quest 7-014: Mystery Total,E,Simulation,,1,"Total=40. Intersection=10. A=2x, B=3x. Find x.",,,,,,(2x-10) + 10 + (3x-10) = 40 -> 5x - 10 = 40 -> 5x = 50.,,,[],SET_THEORY,quiz,content/math/set_theory/quest_07_solving_for_unknowns/07-018.json,,No,,5,"{   ""engineType"": ""SET_THEORY"",   ""mode"": ""quiz"",   ""subject"": ""MATH"",   ""topic"": ""Algebra"",   ""variantTitle"": ""Quest 7-014: Mystery Total"",   ""sets"": { ""A"": { ""label"": ""A (2x)"", ""color"": ""#0284c7"" }, ""B"": { ""label"": ""B (3x)"", ""color"": ""#059669"" } },   ""zones"": { ""left"": [""2x-10""], ""center"": [""10""], ""right"": [""3x-10""], ""outside"": [""0""] },   ""questions"": [     {       ""type"": ""ALGEBRA_SOLVE"",       ""targetRegion"": ""union"",       ""equation_target"": 40,       ""expected_x"": 10,       ""prompt"": ""Total=40. Intersection=10. A=2x, B=3x. Find <b>x</b>."",       ""hint"": ""(2x-10) + 10 + (3x-10) = 40 -> 5x - 10 = 40 -> 5x = 50.""     }   ] }",07-018.json,quest_07_solving_for_unknowns
07-019_Q1,T1,Algebraic Ratios,Quest 7-013: 3:2 Ratio,E,Simulation,,1,"Phase 1: n(A)=3x, n(B)=2x. Both=x. Fill Only regions.",,,,,,,,,[],SET_THEORY,quiz,content/math/set_theory/quest_07_solving_for_unknowns/07-019.json,,No,,5,"{   ""engineType"": ""SET_THEORY"",   ""mode"": ""quiz"",   ""subject"": ""MATH"",   ""topic"": ""Algebraic Ratios"",   ""variantTitle"": ""Quest 7-013: 3:2 Ratio"",   ""sets"": { ""A"": { ""label"": ""A (3x)"", ""color"": ""#9333ea"" }, ""B"": { ""label"": ""B (2x)"", ""color"": ""#db2777"" } },   ""zones"": { ""left"": [""2x""], ""center"": [""x""], ""right"": [""x""], ""outside"": [""0""] },   ""questions"": [     {       ""interaction"": ""DIAGRAM_FILL"",       ""prompt"": ""<b>Phase 1:</b> n(A)=3x, n(B)=2x. Both=x. Fill Only regions."",       ""inputs"": [         { ""region"": ""left"", ""expected"": ""2x"" },          { ""region"": ""right"", ""expected"": ""x"" },          { ""region"": ""center"", ""expected"": ""x"" }       ]     },     {       ""type"": ""ALGEBRA_SOLVE"",       ""targetRegion"": ""union"",       ""equation_target"": 40,       ""expected_x"": 10,       ""prompt"": ""<b>Phase 2:</b> Total = 40. Find <b>x</b>."",       ""hint"": ""2x + x + x = 40 -> 4x = 40.""     }   ] }",07-019.json,quest_07_solving_for_unknowns
07-019_Q2,T1,Algebraic Ratios,Quest 7-013: 3:2 Ratio,E,Simulation,,2,Phase 2: Total = 40. Find x.,,,,,,2x + x + x = 40 -> 4x = 40.,,,[],SET_THEORY,quiz,content/math/set_theory/quest_07_solving_for_unknowns/07-019.json,,No,,5,"{   ""engineType"": ""SET_THEORY"",   ""mode"": ""quiz"",   ""subject"": ""MATH"",   ""topic"": ""Algebraic Ratios"",   ""variantTitle"": ""Quest 7-013: 3:2 Ratio"",   ""sets"": { ""A"": { ""label"": ""A (3x)"", ""color"": ""#9333ea"" }, ""B"": { ""label"": ""B (2x)"", ""color"": ""#db2777"" } },   ""zones"": { ""left"": [""2x""], ""center"": [""x""], ""right"": [""x""], ""outside"": [""0""] },   ""questions"": [     {       ""interaction"": ""DIAGRAM_FILL"",       ""prompt"": ""<b>Phase 1:</b> n(A)=3x, n(B)=2x. Both=x. Fill Only regions."",       ""inputs"": [         { ""region"": ""left"", ""expected"": ""2x"" },          { ""region"": ""right"", ""expected"": ""x"" },          { ""region"": ""center"", ""expected"": ""x"" }       ]     },     {       ""type"": ""ALGEBRA_SOLVE"",       ""targetRegion"": ""union"",       ""equation_target"": 40,       ""expected_x"": 10,       ""prompt"": ""<b>Phase 2:</b> Total = 40. Find <b>x</b>."",       ""hint"": ""2x + x + x = 40 -> 4x = 40.""     }   ] }",07-019.json,quest_07_solving_for_unknowns
07-020_Q1,T1,Equating Regions,Quest 7-016: Set Construction,E,Simulation,,1,Phase 1: Construct the Diagram• R only: 3k-2 &nbsp; • B only: 2k+4• Intersection: 10 &nbsp; • Outside: k,,,,,,,,,[],SET_THEORY,quiz,content/math/set_theory/quest_07_solving_for_unknowns/07-020.json,,No,,5,"{   ""engineType"": ""SET_THEORY"",   ""mode"": ""quiz"",   ""subject"": ""MATH"",   ""topic"": ""Equating Regions"",   ""variantTitle"": ""Quest 7-016: Set Construction"",   ""sets"": { ""A"": { ""label"": ""R"", ""color"": ""#9333ea"" }, ""B"": { ""label"": ""B"", ""color"": ""#db2777"" } },   ""zones"": {     ""left"": [""3k-2""],     ""center"": [""10""],     ""right"": [""2k+4""],     ""outside"": [""k""]   },   ""questions"": [     {       ""interaction"": ""DRAG_SORT"",       ""prompt"": ""<b>Phase 1: Construct the Diagram</b><br><span style='font-size:0.9em'>• R only: <b>3k-2</b> &nbsp; • B only: <b>2k+4</b><br>• Intersection: <b>10</b> &nbsp; • Outside: <b>k</b></span>"",       ""items"": [         { ""val"": ""3k-2"", ""target"": ""left"" },         { ""val"": ""10"", ""target"": ""center"" },         { ""val"": ""2k+4"", ""target"": ""right"" },         { ""val"": ""k"", ""target"": ""outside"" }       ]     },     {       ""retain_visuals"": false,       ""type"": ""ALGEBRA_SOLVE"",       ""targetRegion"": ""union"",        ""equation_target"": 0,        ""expected_x"": 6,       ""prompt"": ""<b>Phase 2:</b> Given <b>n(R only) = n(B only)</b>. Find <b>k</b>."",       ""hint"": ""3k - 2 = 2k + 4. Solve for k.""     },     {       ""retain_visuals"": true,       ""type"": ""COUNT_SUM"",       ""targetRegion"": ""universal_only"",       ""x_val"": 6,       ""prompt"": ""How many are <b>Outside</b> the sets?"",       ""hint"": ""Outside = k = 6.""     }   ] }",07-020.json,quest_07_solving_for_unknowns
07-020_Q2,T1,Equating Regions,Quest 7-016: Set Construction,E,Simulation,,2,Phase 2: Given n(R only) = n(B only). Find k.,,,,,,3k - 2 = 2k + 4. Solve for k.,,,[],SET_THEORY,quiz,content/math/set_theory/quest_07_solving_for_unknowns/07-020.json,,No,,5,"{   ""engineType"": ""SET_THEORY"",   ""mode"": ""quiz"",   ""subject"": ""MATH"",   ""topic"": ""Equating Regions"",   ""variantTitle"": ""Quest 7-016: Set Construction"",   ""sets"": { ""A"": { ""label"": ""R"", ""color"": ""#9333ea"" }, ""B"": { ""label"": ""B"", ""color"": ""#db2777"" } },   ""zones"": {     ""left"": [""3k-2""],     ""center"": [""10""],     ""right"": [""2k+4""],     ""outside"": [""k""]   },   ""questions"": [     {       ""interaction"": ""DRAG_SORT"",       ""prompt"": ""<b>Phase 1: Construct the Diagram</b><br><span style='font-size:0.9em'>• R only: <b>3k-2</b> &nbsp; • B only: <b>2k+4</b><br>• Intersection: <b>10</b> &nbsp; • Outside: <b>k</b></span>"",       ""items"": [         { ""val"": ""3k-2"", ""target"": ""left"" },         { ""val"": ""10"", ""target"": ""center"" },         { ""val"": ""2k+4"", ""target"": ""right"" },         { ""val"": ""k"", ""target"": ""outside"" }       ]     },     {       ""retain_visuals"": false,       ""type"": ""ALGEBRA_SOLVE"",       ""targetRegion"": ""union"",        ""equation_target"": 0,        ""expected_x"": 6,       ""prompt"": ""<b>Phase 2:</b> Given <b>n(R only) = n(B only)</b>. Find <b>k</b>."",       ""hint"": ""3k - 2 = 2k + 4. Solve for k.""     },     {       ""retain_visuals"": true,       ""type"": ""COUNT_SUM"",       ""targetRegion"": ""universal_only"",       ""x_val"": 6,       ""prompt"": ""How many are <b>Outside</b> the sets?"",       ""hint"": ""Outside = k = 6.""     }   ] }",07-020.json,quest_07_solving_for_unknowns
07-020_Q3,T1,Equating Regions,Quest 7-016: Set Construction,E,Simulation,,3,How many are Outside the sets?,,,,,,Outside = k = 6.,,,[],SET_THEORY,quiz,content/math/set_theory/quest_07_solving_for_unknowns/07-020.json,,No,,5,"{   ""engineType"": ""SET_THEORY"",   ""mode"": ""quiz"",   ""subject"": ""MATH"",   ""topic"": ""Equating Regions"",   ""variantTitle"": ""Quest 7-016: Set Construction"",   ""sets"": { ""A"": { ""label"": ""R"", ""color"": ""#9333ea"" }, ""B"": { ""label"": ""B"", ""color"": ""#db2777"" } },   ""zones"": {     ""left"": [""3k-2""],     ""center"": [""10""],     ""right"": [""2k+4""],     ""outside"": [""k""]   },   ""questions"": [     {       ""interaction"": ""DRAG_SORT"",       ""prompt"": ""<b>Phase 1: Construct the Diagram</b><br><span style='font-size:0.9em'>• R only: <b>3k-2</b> &nbsp; • B only: <b>2k+4</b><br>• Intersection: <b>10</b> &nbsp; • Outside: <b>k</b></span>"",       ""items"": [         { ""val"": ""3k-2"", ""target"": ""left"" },         { ""val"": ""10"", ""target"": ""center"" },         { ""val"": ""2k+4"", ""target"": ""right"" },         { ""val"": ""k"", ""target"": ""outside"" }       ]     },     {       ""retain_visuals"": false,       ""type"": ""ALGEBRA_SOLVE"",       ""targetRegion"": ""union"",        ""equation_target"": 0,        ""expected_x"": 6,       ""prompt"": ""<b>Phase 2:</b> Given <b>n(R only) = n(B only)</b>. Find <b>k</b>."",       ""hint"": ""3k - 2 = 2k + 4. Solve for k.""     },     {       ""retain_visuals"": true,       ""type"": ""COUNT_SUM"",       ""targetRegion"": ""universal_only"",       ""x_val"": 6,       ""prompt"": ""How many are <b>Outside</b> the sets?"",       ""hint"": ""Outside = k = 6.""     }   ] }",07-020.json,quest_07_solving_for_unknowns
07-021_Q1,T1,Equal Totals,Quest 7-017: Exam Build,E,Simulation,,1,Phase 1: Build It• M-only: x+10 &nbsp; • E-only: 2x• Both: 5,,,,,,,,,[],SET_THEORY,quiz,content/math/set_theory/quest_07_solving_for_unknowns/07-021.json,,No,,5,"{   ""engineType"": ""SET_THEORY"",   ""mode"": ""quiz"",   ""subject"": ""MATH"",   ""topic"": ""Equal Totals"",   ""variantTitle"": ""Quest 7-017: Exam Build"",   ""sets"": { ""A"": { ""label"": ""M"", ""color"": ""#2563eb"" }, ""B"": { ""label"": ""E"", ""color"": ""#db2777"" } },   ""zones"": { ""left"": [""x+10""], ""center"": [""5""], ""right"": [""2x""], ""outside"": [""0""] },   ""questions"": [     {       ""interaction"": ""DRAG_SORT"",       ""prompt"": ""<b>Phase 1: Build It</b><br>• M-only: <b>x+10</b> &nbsp; • E-only: <b>2x</b><br>• Both: <b>5</b>"",       ""items"": [         { ""val"": ""x+10"", ""target"": ""left"" },         { ""val"": ""5"", ""target"": ""center"" },         { ""val"": ""2x"", ""target"": ""right"" }       ]     },     {       ""retain_visuals"": false,       ""type"": ""ALGEBRA_SOLVE"",       ""targetRegion"": ""union"",       ""equation_target"": 0,       ""expected_x"": 10,       ""prompt"": ""<b>Phase 2:</b> If n(M) = n(E), find <b>x</b>."",       ""hint"": ""(x+10) + 5 = 5 + 2x -> x+15 = 2x+5 -> x=10.""     }   ] }",07-021.json,quest_07_solving_for_unknowns
07-021_Q2,T1,Equal Totals,Quest 7-017: Exam Build,E,Simulation,,2,"Phase 2: If n(M) = n(E), find x.",,,,,,(x+10) + 5 = 5 + 2x -> x+15 = 2x+5 -> x=10.,,,[],SET_THEORY,quiz,content/math/set_theory/quest_07_solving_for_unknowns/07-021.json,,No,,5,"{   ""engineType"": ""SET_THEORY"",   ""mode"": ""quiz"",   ""subject"": ""MATH"",   ""topic"": ""Equal Totals"",   ""variantTitle"": ""Quest 7-017: Exam Build"",   ""sets"": { ""A"": { ""label"": ""M"", ""color"": ""#2563eb"" }, ""B"": { ""label"": ""E"", ""color"": ""#db2777"" } },   ""zones"": { ""left"": [""x+10""], ""center"": [""5""], ""right"": [""2x""], ""outside"": [""0""] },   ""questions"": [     {       ""interaction"": ""DRAG_SORT"",       ""prompt"": ""<b>Phase 1: Build It</b><br>• M-only: <b>x+10</b> &nbsp; • E-only: <b>2x</b><br>• Both: <b>5</b>"",       ""items"": [         { ""val"": ""x+10"", ""target"": ""left"" },         { ""val"": ""5"", ""target"": ""center"" },         { ""val"": ""2x"", ""target"": ""right"" }       ]     },     {       ""retain_visuals"": false,       ""type"": ""ALGEBRA_SOLVE"",       ""targetRegion"": ""union"",       ""equation_target"": 0,       ""expected_x"": 10,       ""prompt"": ""<b>Phase 2:</b> If n(M) = n(E), find <b>x</b>."",       ""hint"": ""(x+10) + 5 = 5 + 2x -> x+15 = 2x+5 -> x=10.""     }   ] }",07-021.json,quest_07_solving_for_unknowns
07-022_Q1,T1,Algebraic Construction,Quest 7-018: Sports Build,E,Simulation,,1,Phase 1: Build It• R-only: 2n &nbsp; • T-only: n• Both: 10,,,,,,,,,[],SET_THEORY,quiz,content/math/set_theory/quest_07_solving_for_unknowns/07-022.json,,No,,5,"{   ""engineType"": ""SET_THEORY"",   ""mode"": ""quiz"",   ""subject"": ""MATH"",   ""topic"": ""Algebraic Construction"",   ""variantTitle"": ""Quest 7-018: Sports Build"",   ""sets"": { ""A"": { ""label"": ""R"", ""color"": ""#7c3aed"" }, ""B"": { ""label"": ""T"", ""color"": ""#db2777"" } },   ""zones"": { ""left"": [""2n""], ""center"": [""10""], ""right"": [""n""], ""outside"": [""0""] },   ""questions"": [     {       ""interaction"": ""DRAG_SORT"",       ""prompt"": ""<b>Phase 1: Build It</b><br>• R-only: <b>2n</b> &nbsp; • T-only: <b>n</b><br>• Both: <b>10</b>"",       ""items"": [         { ""val"": ""2n"", ""target"": ""left"" },         { ""val"": ""10"", ""target"": ""center"" },         { ""val"": ""n"", ""target"": ""right"" }       ]     },     {       ""retain_visuals"": false,       ""type"": ""ALGEBRA_SOLVE"",       ""targetRegion"": ""union"",       ""equation_target"": 40,       ""expected_x"": 10,       ""prompt"": ""<b>Phase 2:</b> Total=40. Find <b>n</b>."",       ""hint"": ""2n + 10 + n = 40 -> 3n = 30.""     }   ] }",07-022.json,quest_07_solving_for_unknowns
07-022_Q2,T1,Algebraic Construction,Quest 7-018: Sports Build,E,Simulation,,2,Phase 2: Total=40. Find n.,,,,,,2n + 10 + n = 40 -> 3n = 30.,,,[],SET_THEORY,quiz,content/math/set_theory/quest_07_solving_for_unknowns/07-022.json,,No,,5,"{   ""engineType"": ""SET_THEORY"",   ""mode"": ""quiz"",   ""subject"": ""MATH"",   ""topic"": ""Algebraic Construction"",   ""variantTitle"": ""Quest 7-018: Sports Build"",   ""sets"": { ""A"": { ""label"": ""R"", ""color"": ""#7c3aed"" }, ""B"": { ""label"": ""T"", ""color"": ""#db2777"" } },   ""zones"": { ""left"": [""2n""], ""center"": [""10""], ""right"": [""n""], ""outside"": [""0""] },   ""questions"": [     {       ""interaction"": ""DRAG_SORT"",       ""prompt"": ""<b>Phase 1: Build It</b><br>• R-only: <b>2n</b> &nbsp; • T-only: <b>n</b><br>• Both: <b>10</b>"",       ""items"": [         { ""val"": ""2n"", ""target"": ""left"" },         { ""val"": ""10"", ""target"": ""center"" },         { ""val"": ""n"", ""target"": ""right"" }       ]     },     {       ""retain_visuals"": false,       ""type"": ""ALGEBRA_SOLVE"",       ""targetRegion"": ""union"",       ""equation_target"": 40,       ""expected_x"": 10,       ""prompt"": ""<b>Phase 2:</b> Total=40. Find <b>n</b>."",       ""hint"": ""2n + 10 + n = 40 -> 3n = 30.""     }   ] }",07-022.json,quest_07_solving_for_unknowns
07-023_Q1,T1,Partial Sums,Quest 7-019: Set Logic,E,Simulation,,1,Step 1: Which equation helps find k given n(H)=24?,2k + (k+3) = 24,(k+3) + (3k-1) = 24,Sum of all regions = 24,,2k + (k+3) = 24,n(H) is the total of the Left Circle (Only + Both).,,,[],SET_THEORY,quiz,content/math/set_theory/quest_07_solving_for_unknowns/07-023.json,,No,,5,"{   ""engineType"": ""SET_THEORY"",   ""mode"": ""quiz"",   ""subject"": ""MATH"",   ""topic"": ""Partial Sums"",   ""variantTitle"": ""Quest 7-019: Set Logic"",   ""sets"": { ""A"": { ""label"": ""H (24)"", ""color"": ""#9333ea"" }, ""B"": { ""label"": ""R"", ""color"": ""#db2777"" } },   ""zones"": { ""left"": [""2k""], ""center"": [""k+3""], ""right"": [""3k-1""], ""outside"": [""k+3""] },    ""questions"": [     {       ""interaction"": ""CHOICE"",       ""prompt"": ""<b>Step 1:</b> Which equation helps find <b>k</b> given n(H)=24?"",       ""options"": [         ""2k + (k+3) = 24"",         ""(k+3) + (3k-1) = 24"",         ""Sum of all regions = 24""       ],       ""expected"": ""2k + (k+3) = 24"",       ""hint"": ""n(H) is the total of the Left Circle (Only + Both).""     },     {       ""type"": ""ALGEBRA_SOLVE"",       ""targetRegion"": ""left_total"",       ""equation_target"": 24,       ""expected_x"": 7,       ""prompt"": ""<b>Step 2:</b> Solve 3k + 3 = 24. Find <b>k</b>."",       ""hint"": ""3k = 21""     },     {       ""retain_visuals"": true,       ""type"": ""ALGEBRA_SUBSTITUTE"",       ""targetRegion"": ""right_only"",       ""x_val"": 7,       ""expression"": ""3k-1"",       ""prompt"": ""<b>Step 3:</b> How many play <span style='color:#db2777'>Rugby Only</span>?"",       ""hint"": ""3(7) - 1 = 20.""     }   ] }",07-023.json,quest_07_solving_for_unknowns
07-023_Q2,T1,Partial Sums,Quest 7-019: Set Logic,E,Simulation,,2,Step 2: Solve 3k + 3 = 24. Find k.,,,,,,3k = 21,,,[],SET_THEORY,quiz,content/math/set_theory/quest_07_solving_for_unknowns/07-023.json,,No,,5,"{   ""engineType"": ""SET_THEORY"",   ""mode"": ""quiz"",   ""subject"": ""MATH"",   ""topic"": ""Partial Sums"",   ""variantTitle"": ""Quest 7-019: Set Logic"",   ""sets"": { ""A"": { ""label"": ""H (24)"", ""color"": ""#9333ea"" }, ""B"": { ""label"": ""R"", ""color"": ""#db2777"" } },   ""zones"": { ""left"": [""2k""], ""center"": [""k+3""], ""right"": [""3k-1""], ""outside"": [""k+3""] },    ""questions"": [     {       ""interaction"": ""CHOICE"",       ""prompt"": ""<b>Step 1:</b> Which equation helps find <b>k</b> given n(H)=24?"",       ""options"": [         ""2k + (k+3) = 24"",         ""(k+3) + (3k-1) = 24"",         ""Sum of all regions = 24""       ],       ""expected"": ""2k + (k+3) = 24"",       ""hint"": ""n(H) is the total of the Left Circle (Only + Both).""     },     {       ""type"": ""ALGEBRA_SOLVE"",       ""targetRegion"": ""left_total"",       ""equation_target"": 24,       ""expected_x"": 7,       ""prompt"": ""<b>Step 2:</b> Solve 3k + 3 = 24. Find <b>k</b>."",       ""hint"": ""3k = 21""     },     {       ""retain_visuals"": true,       ""type"": ""ALGEBRA_SUBSTITUTE"",       ""targetRegion"": ""right_only"",       ""x_val"": 7,       ""expression"": ""3k-1"",       ""prompt"": ""<b>Step 3:</b> How many play <span style='color:#db2777'>Rugby Only</span>?"",       ""hint"": ""3(7) - 1 = 20.""     }   ] }",07-023.json,quest_07_solving_for_unknowns
07-023_Q3,T1,Partial Sums,Quest 7-019: Set Logic,E,Simulation,,3,Step 3: How many play Rugby Only?,,,,,,3(7) - 1 = 20.,,,[],SET_THEORY,quiz,content/math/set_theory/quest_07_solving_for_unknowns/07-023.json,,No,,5,"{   ""engineType"": ""SET_THEORY"",   ""mode"": ""quiz"",   ""subject"": ""MATH"",   ""topic"": ""Partial Sums"",   ""variantTitle"": ""Quest 7-019: Set Logic"",   ""sets"": { ""A"": { ""label"": ""H (24)"", ""color"": ""#9333ea"" }, ""B"": { ""label"": ""R"", ""color"": ""#db2777"" } },   ""zones"": { ""left"": [""2k""], ""center"": [""k+3""], ""right"": [""3k-1""], ""outside"": [""k+3""] },    ""questions"": [     {       ""interaction"": ""CHOICE"",       ""prompt"": ""<b>Step 1:</b> Which equation helps find <b>k</b> given n(H)=24?"",       ""options"": [         ""2k + (k+3) = 24"",         ""(k+3) + (3k-1) = 24"",         ""Sum of all regions = 24""       ],       ""expected"": ""2k + (k+3) = 24"",       ""hint"": ""n(H) is the total of the Left Circle (Only + Both).""     },     {       ""type"": ""ALGEBRA_SOLVE"",       ""targetRegion"": ""left_total"",       ""equation_target"": 24,       ""expected_x"": 7,       ""prompt"": ""<b>Step 2:</b> Solve 3k + 3 = 24. Find <b>k</b>."",       ""hint"": ""3k = 21""     },     {       ""retain_visuals"": true,       ""type"": ""ALGEBRA_SUBSTITUTE"",       ""targetRegion"": ""right_only"",       ""x_val"": 7,       ""expression"": ""3k-1"",       ""prompt"": ""<b>Step 3:</b> How many play <span style='color:#db2777'>Rugby Only</span>?"",       ""hint"": ""3(7) - 1 = 20.""     }   ] }",07-023.json,quest_07_solving_for_unknowns
07-024_Q1,T1,Intersection Formula,Quest 7-020: Intersection Solver,E,Simulation,,1,Total=50. Outside=0. Find Intersection z.,,,,,,n(R) + n(M) - z = Total. 30 + 25 - z = 50.,,,[],SET_THEORY,quiz,content/math/set_theory/quest_07_solving_for_unknowns/07-024.json,,No,,5,"{   ""engineType"": ""SET_THEORY"",   ""mode"": ""quiz"",   ""subject"": ""MATH"",   ""topic"": ""Intersection Formula"",   ""variantTitle"": ""Quest 7-020: Intersection Solver"",   ""sets"": { ""A"": { ""label"": ""R (30)"", ""color"": ""#9333ea"" }, ""B"": { ""label"": ""M (25)"", ""color"": ""#db2777"" } },   ""zones"": { ""left"": [""p""], ""center"": [""z""], ""right"": [""q""], ""outside"": [""0""] },   ""questions"": [     {       ""type"": ""ALGEBRA_SOLVE"",       ""targetRegion"": ""intersection"",       ""equation_target"": 50,       ""expected_x"": 5,       ""prompt"": ""Total=50. Outside=0. Find Intersection <b>z</b>."",       ""hint"": ""n(R) + n(M) - z = Total. 30 + 25 - z = 50.""     },     {       ""retain_visuals"": true,       ""type"": ""ALGEBRA_SUBSTITUTE"",       ""targetRegion"": ""left_only"",       ""x_val"": 5,       ""expression"": ""30-z"",       ""prompt"": ""Find <b>p</b> (Rice Only)."",       ""hint"": ""30 - 5 = 25.""     },     {       ""retain_visuals"": true,       ""type"": ""ALGEBRA_SUBSTITUTE"",       ""targetRegion"": ""right_only"",       ""x_val"": 5,       ""expression"": ""25-z"",       ""prompt"": ""Find <b>q</b> (Matooke Only)."",       ""hint"": ""25 - 5 = 20.""     }   ] }",07-024.json,quest_07_solving_for_unknowns
07-024_Q2,T1,Intersection Formula,Quest 7-020: Intersection Solver,E,Simulation,,2,Find p (Rice Only).,,,,,,30 - 5 = 25.,,,[],SET_THEORY,quiz,content/math/set_theory/quest_07_solving_for_unknowns/07-024.json,,No,,5,"{   ""engineType"": ""SET_THEORY"",   ""mode"": ""quiz"",   ""subject"": ""MATH"",   ""topic"": ""Intersection Formula"",   ""variantTitle"": ""Quest 7-020: Intersection Solver"",   ""sets"": { ""A"": { ""label"": ""R (30)"", ""color"": ""#9333ea"" }, ""B"": { ""label"": ""M (25)"", ""color"": ""#db2777"" } },   ""zones"": { ""left"": [""p""], ""center"": [""z""], ""right"": [""q""], ""outside"": [""0""] },   ""questions"": [     {       ""type"": ""ALGEBRA_SOLVE"",       ""targetRegion"": ""intersection"",       ""equation_target"": 50,       ""expected_x"": 5,       ""prompt"": ""Total=50. Outside=0. Find Intersection <b>z</b>."",       ""hint"": ""n(R) + n(M) - z = Total. 30 + 25 - z = 50.""     },     {       ""retain_visuals"": true,       ""type"": ""ALGEBRA_SUBSTITUTE"",       ""targetRegion"": ""left_only"",       ""x_val"": 5,       ""expression"": ""30-z"",       ""prompt"": ""Find <b>p</b> (Rice Only)."",       ""hint"": ""30 - 5 = 25.""     },     {       ""retain_visuals"": true,       ""type"": ""ALGEBRA_SUBSTITUTE"",       ""targetRegion"": ""right_only"",       ""x_val"": 5,       ""expression"": ""25-z"",       ""prompt"": ""Find <b>q</b> (Matooke Only)."",       ""hint"": ""25 - 5 = 20.""     }   ] }",07-024.json,quest_07_solving_for_unknowns
07-024_Q3,T1,Intersection Formula,Quest 7-020: Intersection Solver,E,Simulation,,3,Find q (Matooke Only).,,,,,,25 - 5 = 20.,,,[],SET_THEORY,quiz,content/math/set_theory/quest_07_solving_for_unknowns/07-024.json,,No,,5,"{   ""engineType"": ""SET_THEORY"",   ""mode"": ""quiz"",   ""subject"": ""MATH"",   ""topic"": ""Intersection Formula"",   ""variantTitle"": ""Quest 7-020: Intersection Solver"",   ""sets"": { ""A"": { ""label"": ""R (30)"", ""color"": ""#9333ea"" }, ""B"": { ""label"": ""M (25)"", ""color"": ""#db2777"" } },   ""zones"": { ""left"": [""p""], ""center"": [""z""], ""right"": [""q""], ""outside"": [""0""] },   ""questions"": [     {       ""type"": ""ALGEBRA_SOLVE"",       ""targetRegion"": ""intersection"",       ""equation_target"": 50,       ""expected_x"": 5,       ""prompt"": ""Total=50. Outside=0. Find Intersection <b>z</b>."",       ""hint"": ""n(R) + n(M) - z = Total. 30 + 25 - z = 50.""     },     {       ""retain_visuals"": true,       ""type"": ""ALGEBRA_SUBSTITUTE"",       ""targetRegion"": ""left_only"",       ""x_val"": 5,       ""expression"": ""30-z"",       ""prompt"": ""Find <b>p</b> (Rice Only)."",       ""hint"": ""30 - 5 = 25.""     },     {       ""retain_visuals"": true,       ""type"": ""ALGEBRA_SUBSTITUTE"",       ""targetRegion"": ""right_only"",       ""x_val"": 5,       ""expression"": ""25-z"",       ""prompt"": ""Find <b>q</b> (Matooke Only)."",       ""hint"": ""25 - 5 = 20.""     }   ] }",07-024.json,quest_07_solving_for_unknowns
study_complex_algebra_S1,T1,Complex Algebra,Mastering Set Equations,E,Read,,1,"The 4 Main Exam Questions: In hard exams, you won't just count numbers. You will solve for letters like k, m, or y.There are 4 types of questions. Let's learn to spot them.",,,,,,,,,[],MATH_STUDY,study,content/math/set_theory/quest_07_solving_for_unknowns/study_complex_algebra.json,,No,,0,"{   ""engineType"": ""MATH_STUDY"",   ""mode"": ""study"",   ""topic"": ""Complex Algebra"",   ""variantTitle"": ""Mastering Set Equations"",   ""slides"": [     {       ""title"": ""The 4 Main Exam Questions"",       ""text"": ""In hard exams, you won't just count numbers. You will solve for letters like <b>k</b>, <b>m</b>, or <b>y</b>.<br><br>There are 4 types of questions. Let's learn to spot them."",       ""visualType"": ""VENN_DIAGRAM"",       ""labels"": [""A"", ""B""],       ""elements"": { ""left"": ""3k"", ""center"": ""k"", ""right"": ""2k+1"" },       ""highlight"": []     },     {       ""title"": ""Type 1: The 'Whole Circle' Rule"",       ""text"": ""<b>Clue:</b> Question says \""n(A) = 24\"".<br><br><b>Logic:</b> This means the <b>Entire Circle A</b> adds up to 24. Do not forget the intersection!<br><br><b>Equation:</b> (Left Only) + (Middle) = 24<br>2k + (k+3) = 24"",       ""visualType"": ""VENN_DIAGRAM"",       ""labels"": [""A (24)"", ""B""],       ""elements"": { ""left"": ""2k"", ""center"": ""k+3"", ""right"": ""3k-1"" },       ""highlight"": [""left"", ""center""]     },     {       ""title"": ""Type 2: 'Only One' Activity"",       ""text"": ""<b>Clue:</b> \""36 pupils do <b>only one</b> activity\"".<br><br><b>Logic:</b> This refers to the 'ears' of the diagram. We ignore the middle.<br><br><b>Equation:</b> (Left Only) + (Right Only) = 36<br>4k + (2k+6) = 36"",       ""visualType"": ""VENN_DIAGRAM"",       ""labels"": [""Dance"", ""Sing""],       ""elements"": { ""left"": ""4k"", ""center"": ""k+2"", ""right"": ""2k+6"" },       ""highlight"": [""left"", ""right""]     },     {       ""title"": ""Type 3: Equal Sets"",       ""text"": ""<b>Clue:</b> \""n(L) = n(E)\"".<br><br><b>Logic:</b> The total of the Left Circle equals the total of the Right Circle.<br><br><b>Equation:</b> (Left + Mid) = (Mid + Right)<br>5m+4 + m = m + 3m+12"",       ""visualType"": ""VENN_DIAGRAM"",       ""labels"": [""L"", ""E""],       ""elements"": { ""left"": ""5m+4"", ""center"": ""m"", ""right"": ""3m+12"" },       ""highlight"": [""left"", ""center"", ""right""]     },     {       ""title"": ""Type 4: The Universal Sum"",       ""text"": ""<b>Clue:</b> \""Total class = 90\"" (and there are outsiders).<br><br><b>Logic:</b> Add EVERYTHING. Left + Middle + Right + Outside = Total.<br><br><b>Equation:</b> (3h+1) + 2h + (h-4) + (h+2) = 90"",       ""visualType"": ""VENN_DIAGRAM"",       ""labels"": [""B"", ""N""],       ""elements"": { ""left"": ""3h+1"", ""center"": ""2h"", ""right"": ""h-4"", ""outside"": ""h+2"" },       ""highlight"": [""outside"", ""left"", ""center"", ""right""]     },     {       ""title"": ""Final Step: Substitution"",       ""text"": ""Finding <b>x</b> is not the end!<br><br>If question asks: \""How many do <b>Dancing</b>?\"", you must substitute x back into the expression.<br><br>If x=5, Dancing = 4(5) + (5+2) = <b>27</b>."",       ""visualType"": ""VENN_DIAGRAM"",       ""labels"": [""Dance"", ""Sing""],       ""elements"": { ""left"": ""20"", ""center"": ""7"", ""right"": ""16"" },       ""highlight"": [""left"", ""center""]     }   ] }",study_complex_algebra.json,quest_07_solving_for_unknowns
study_complex_algebra_S2,T1,Complex Algebra,Mastering Set Equations,E,Read,,2,"Type 1: The 'Whole Circle' Rule: Clue: Question says ""n(A) = 24"".Logic: This means the Entire Circle A adds up to 24. Do not forget the intersection!Equation: (Left Only) + (Middle) = 242k + (k+3) = 24",,,,,,,,,[],MATH_STUDY,study,content/math/set_theory/quest_07_solving_for_unknowns/study_complex_algebra.json,,No,,0,"{   ""engineType"": ""MATH_STUDY"",   ""mode"": ""study"",   ""topic"": ""Complex Algebra"",   ""variantTitle"": ""Mastering Set Equations"",   ""slides"": [     {       ""title"": ""The 4 Main Exam Questions"",       ""text"": ""In hard exams, you won't just count numbers. You will solve for letters like <b>k</b>, <b>m</b>, or <b>y</b>.<br><br>There are 4 types of questions. Let's learn to spot them."",       ""visualType"": ""VENN_DIAGRAM"",       ""labels"": [""A"", ""B""],       ""elements"": { ""left"": ""3k"", ""center"": ""k"", ""right"": ""2k+1"" },       ""highlight"": []     },     {       ""title"": ""Type 1: The 'Whole Circle' Rule"",       ""text"": ""<b>Clue:</b> Question says \""n(A) = 24\"".<br><br><b>Logic:</b> This means the <b>Entire Circle A</b> adds up to 24. Do not forget the intersection!<br><br><b>Equation:</b> (Left Only) + (Middle) = 24<br>2k + (k+3) = 24"",       ""visualType"": ""VENN_DIAGRAM"",       ""labels"": [""A (24)"", ""B""],       ""elements"": { ""left"": ""2k"", ""center"": ""k+3"", ""right"": ""3k-1"" },       ""highlight"": [""left"", ""center""]     },     {       ""title"": ""Type 2: 'Only One' Activity"",       ""text"": ""<b>Clue:</b> \""36 pupils do <b>only one</b> activity\"".<br><br><b>Logic:</b> This refers to the 'ears' of the diagram. We ignore the middle.<br><br><b>Equation:</b> (Left Only) + (Right Only) = 36<br>4k + (2k+6) = 36"",       ""visualType"": ""VENN_DIAGRAM"",       ""labels"": [""Dance"", ""Sing""],       ""elements"": { ""left"": ""4k"", ""center"": ""k+2"", ""right"": ""2k+6"" },       ""highlight"": [""left"", ""right""]     },     {       ""title"": ""Type 3: Equal Sets"",       ""text"": ""<b>Clue:</b> \""n(L) = n(E)\"".<br><br><b>Logic:</b> The total of the Left Circle equals the total of the Right Circle.<br><br><b>Equation:</b> (Left + Mid) = (Mid + Right)<br>5m+4 + m = m + 3m+12"",       ""visualType"": ""VENN_DIAGRAM"",       ""labels"": [""L"", ""E""],       ""elements"": { ""left"": ""5m+4"", ""center"": ""m"", ""right"": ""3m+12"" },       ""highlight"": [""left"", ""center"", ""right""]     },     {       ""title"": ""Type 4: The Universal Sum"",       ""text"": ""<b>Clue:</b> \""Total class = 90\"" (and there are outsiders).<br><br><b>Logic:</b> Add EVERYTHING. Left + Middle + Right + Outside = Total.<br><br><b>Equation:</b> (3h+1) + 2h + (h-4) + (h+2) = 90"",       ""visualType"": ""VENN_DIAGRAM"",       ""labels"": [""B"", ""N""],       ""elements"": { ""left"": ""3h+1"", ""center"": ""2h"", ""right"": ""h-4"", ""outside"": ""h+2"" },       ""highlight"": [""outside"", ""left"", ""center"", ""right""]     },     {       ""title"": ""Final Step: Substitution"",       ""text"": ""Finding <b>x</b> is not the end!<br><br>If question asks: \""How many do <b>Dancing</b>?\"", you must substitute x back into the expression.<br><br>If x=5, Dancing = 4(5) + (5+2) = <b>27</b>."",       ""visualType"": ""VENN_DIAGRAM"",       ""labels"": [""Dance"", ""Sing""],       ""elements"": { ""left"": ""20"", ""center"": ""7"", ""right"": ""16"" },       ""highlight"": [""left"", ""center""]     }   ] }",study_complex_algebra.json,quest_07_solving_for_unknowns
study_complex_algebra_S3,T1,Complex Algebra,Mastering Set Equations,E,Read,,3,"Type 2: 'Only One' Activity: Clue: ""36 pupils do only one activity"".Logic: This refers to the 'ears' of the diagram. We ignore the middle.Equation: (Left Only) + (Right Only) = 364k + (2k+6) = 36",,,,,,,,,[],MATH_STUDY,study,content/math/set_theory/quest_07_solving_for_unknowns/study_complex_algebra.json,,No,,0,"{   ""engineType"": ""MATH_STUDY"",   ""mode"": ""study"",   ""topic"": ""Complex Algebra"",   ""variantTitle"": ""Mastering Set Equations"",   ""slides"": [     {       ""title"": ""The 4 Main Exam Questions"",       ""text"": ""In hard exams, you won't just count numbers. You will solve for letters like <b>k</b>, <b>m</b>, or <b>y</b>.<br><br>There are 4 types of questions. Let's learn to spot them."",       ""visualType"": ""VENN_DIAGRAM"",       ""labels"": [""A"", ""B""],       ""elements"": { ""left"": ""3k"", ""center"": ""k"", ""right"": ""2k+1"" },       ""highlight"": []     },     {       ""title"": ""Type 1: The 'Whole Circle' Rule"",       ""text"": ""<b>Clue:</b> Question says \""n(A) = 24\"".<br><br><b>Logic:</b> This means the <b>Entire Circle A</b> adds up to 24. Do not forget the intersection!<br><br><b>Equation:</b> (Left Only) + (Middle) = 24<br>2k + (k+3) = 24"",       ""visualType"": ""VENN_DIAGRAM"",       ""labels"": [""A (24)"", ""B""],       ""elements"": { ""left"": ""2k"", ""center"": ""k+3"", ""right"": ""3k-1"" },       ""highlight"": [""left"", ""center""]     },     {       ""title"": ""Type 2: 'Only One' Activity"",       ""text"": ""<b>Clue:</b> \""36 pupils do <b>only one</b> activity\"".<br><br><b>Logic:</b> This refers to the 'ears' of the diagram. We ignore the middle.<br><br><b>Equation:</b> (Left Only) + (Right Only) = 36<br>4k + (2k+6) = 36"",       ""visualType"": ""VENN_DIAGRAM"",       ""labels"": [""Dance"", ""Sing""],       ""elements"": { ""left"": ""4k"", ""center"": ""k+2"", ""right"": ""2k+6"" },       ""highlight"": [""left"", ""right""]     },     {       ""title"": ""Type 3: Equal Sets"",       ""text"": ""<b>Clue:</b> \""n(L) = n(E)\"".<br><br><b>Logic:</b> The total of the Left Circle equals the total of the Right Circle.<br><br><b>Equation:</b> (Left + Mid) = (Mid + Right)<br>5m+4 + m = m + 3m+12"",       ""visualType"": ""VENN_DIAGRAM"",       ""labels"": [""L"", ""E""],       ""elements"": { ""left"": ""5m+4"", ""center"": ""m"", ""right"": ""3m+12"" },       ""highlight"": [""left"", ""center"", ""right""]     },     {       ""title"": ""Type 4: The Universal Sum"",       ""text"": ""<b>Clue:</b> \""Total class = 90\"" (and there are outsiders).<br><br><b>Logic:</b> Add EVERYTHING. Left + Middle + Right + Outside = Total.<br><br><b>Equation:</b> (3h+1) + 2h + (h-4) + (h+2) = 90"",       ""visualType"": ""VENN_DIAGRAM"",       ""labels"": [""B"", ""N""],       ""elements"": { ""left"": ""3h+1"", ""center"": ""2h"", ""right"": ""h-4"", ""outside"": ""h+2"" },       ""highlight"": [""outside"", ""left"", ""center"", ""right""]     },     {       ""title"": ""Final Step: Substitution"",       ""text"": ""Finding <b>x</b> is not the end!<br><br>If question asks: \""How many do <b>Dancing</b>?\"", you must substitute x back into the expression.<br><br>If x=5, Dancing = 4(5) + (5+2) = <b>27</b>."",       ""visualType"": ""VENN_DIAGRAM"",       ""labels"": [""Dance"", ""Sing""],       ""elements"": { ""left"": ""20"", ""center"": ""7"", ""right"": ""16"" },       ""highlight"": [""left"", ""center""]     }   ] }",study_complex_algebra.json,quest_07_solving_for_unknowns
study_complex_algebra_S4,T1,Complex Algebra,Mastering Set Equations,E,Read,,4,"Type 3: Equal Sets: Clue: ""n(L) = n(E)"".Logic: The total of the Left Circle equals the total of the Right Circle.Equation: (Left + Mid) = (Mid + Right)5m+4 + m = m + 3m+12",,,,,,,,,[],MATH_STUDY,study,content/math/set_theory/quest_07_solving_for_unknowns/study_complex_algebra.json,,No,,0,"{   ""engineType"": ""MATH_STUDY"",   ""mode"": ""study"",   ""topic"": ""Complex Algebra"",   ""variantTitle"": ""Mastering Set Equations"",   ""slides"": [     {       ""title"": ""The 4 Main Exam Questions"",       ""text"": ""In hard exams, you won't just count numbers. You will solve for letters like <b>k</b>, <b>m</b>, or <b>y</b>.<br><br>There are 4 types of questions. Let's learn to spot them."",       ""visualType"": ""VENN_DIAGRAM"",       ""labels"": [""A"", ""B""],       ""elements"": { ""left"": ""3k"", ""center"": ""k"", ""right"": ""2k+1"" },       ""highlight"": []     },     {       ""title"": ""Type 1: The 'Whole Circle' Rule"",       ""text"": ""<b>Clue:</b> Question says \""n(A) = 24\"".<br><br><b>Logic:</b> This means the <b>Entire Circle A</b> adds up to 24. Do not forget the intersection!<br><br><b>Equation:</b> (Left Only) + (Middle) = 24<br>2k + (k+3) = 24"",       ""visualType"": ""VENN_DIAGRAM"",       ""labels"": [""A (24)"", ""B""],       ""elements"": { ""left"": ""2k"", ""center"": ""k+3"", ""right"": ""3k-1"" },       ""highlight"": [""left"", ""center""]     },     {       ""title"": ""Type 2: 'Only One' Activity"",       ""text"": ""<b>Clue:</b> \""36 pupils do <b>only one</b> activity\"".<br><br><b>Logic:</b> This refers to the 'ears' of the diagram. We ignore the middle.<br><br><b>Equation:</b> (Left Only) + (Right Only) = 36<br>4k + (2k+6) = 36"",       ""visualType"": ""VENN_DIAGRAM"",       ""labels"": [""Dance"", ""Sing""],       ""elements"": { ""left"": ""4k"", ""center"": ""k+2"", ""right"": ""2k+6"" },       ""highlight"": [""left"", ""right""]     },     {       ""title"": ""Type 3: Equal Sets"",       ""text"": ""<b>Clue:</b> \""n(L) = n(E)\"".<br><br><b>Logic:</b> The total of the Left Circle equals the total of the Right Circle.<br><br><b>Equation:</b> (Left + Mid) = (Mid + Right)<br>5m+4 + m = m + 3m+12"",       ""visualType"": ""VENN_DIAGRAM"",       ""labels"": [""L"", ""E""],       ""elements"": { ""left"": ""5m+4"", ""center"": ""m"", ""right"": ""3m+12"" },       ""highlight"": [""left"", ""center"", ""right""]     },     {       ""title"": ""Type 4: The Universal Sum"",       ""text"": ""<b>Clue:</b> \""Total class = 90\"" (and there are outsiders).<br><br><b>Logic:</b> Add EVERYTHING. Left + Middle + Right + Outside = Total.<br><br><b>Equation:</b> (3h+1) + 2h + (h-4) + (h+2) = 90"",       ""visualType"": ""VENN_DIAGRAM"",       ""labels"": [""B"", ""N""],       ""elements"": { ""left"": ""3h+1"", ""center"": ""2h"", ""right"": ""h-4"", ""outside"": ""h+2"" },       ""highlight"": [""outside"", ""left"", ""center"", ""right""]     },     {       ""title"": ""Final Step: Substitution"",       ""text"": ""Finding <b>x</b> is not the end!<br><br>If question asks: \""How many do <b>Dancing</b>?\"", you must substitute x back into the expression.<br><br>If x=5, Dancing = 4(5) + (5+2) = <b>27</b>."",       ""visualType"": ""VENN_DIAGRAM"",       ""labels"": [""Dance"", ""Sing""],       ""elements"": { ""left"": ""20"", ""center"": ""7"", ""right"": ""16"" },       ""highlight"": [""left"", ""center""]     }   ] }",study_complex_algebra.json,quest_07_solving_for_unknowns
study_complex_algebra_S5,T1,Complex Algebra,Mastering Set Equations,E,Read,,5,"Type 4: The Universal Sum: Clue: ""Total class = 90"" (and there are outsiders).Logic: Add EVERYTHING. Left + Middle + Right + Outside = Total.Equation: (3h+1) + 2h + (h-4) + (h+2) = 90",,,,,,,,,[],MATH_STUDY,study,content/math/set_theory/quest_07_solving_for_unknowns/study_complex_algebra.json,,No,,0,"{   ""engineType"": ""MATH_STUDY"",   ""mode"": ""study"",   ""topic"": ""Complex Algebra"",   ""variantTitle"": ""Mastering Set Equations"",   ""slides"": [     {       ""title"": ""The 4 Main Exam Questions"",       ""text"": ""In hard exams, you won't just count numbers. You will solve for letters like <b>k</b>, <b>m</b>, or <b>y</b>.<br><br>There are 4 types of questions. Let's learn to spot them."",       ""visualType"": ""VENN_DIAGRAM"",       ""labels"": [""A"", ""B""],       ""elements"": { ""left"": ""3k"", ""center"": ""k"", ""right"": ""2k+1"" },       ""highlight"": []     },     {       ""title"": ""Type 1: The 'Whole Circle' Rule"",       ""text"": ""<b>Clue:</b> Question says \""n(A) = 24\"".<br><br><b>Logic:</b> This means the <b>Entire Circle A</b> adds up to 24. Do not forget the intersection!<br><br><b>Equation:</b> (Left Only) + (Middle) = 24<br>2k + (k+3) = 24"",       ""visualType"": ""VENN_DIAGRAM"",       ""labels"": [""A (24)"", ""B""],       ""elements"": { ""left"": ""2k"", ""center"": ""k+3"", ""right"": ""3k-1"" },       ""highlight"": [""left"", ""center""]     },     {       ""title"": ""Type 2: 'Only One' Activity"",       ""text"": ""<b>Clue:</b> \""36 pupils do <b>only one</b> activity\"".<br><br><b>Logic:</b> This refers to the 'ears' of the diagram. We ignore the middle.<br><br><b>Equation:</b> (Left Only) + (Right Only) = 36<br>4k + (2k+6) = 36"",       ""visualType"": ""VENN_DIAGRAM"",       ""labels"": [""Dance"", ""Sing""],       ""elements"": { ""left"": ""4k"", ""center"": ""k+2"", ""right"": ""2k+6"" },       ""highlight"": [""left"", ""right""]     },     {       ""title"": ""Type 3: Equal Sets"",       ""text"": ""<b>Clue:</b> \""n(L) = n(E)\"".<br><br><b>Logic:</b> The total of the Left Circle equals the total of the Right Circle.<br><br><b>Equation:</b> (Left + Mid) = (Mid + Right)<br>5m+4 + m = m + 3m+12"",       ""visualType"": ""VENN_DIAGRAM"",       ""labels"": [""L"", ""E""],       ""elements"": { ""left"": ""5m+4"", ""center"": ""m"", ""right"": ""3m+12"" },       ""highlight"": [""left"", ""center"", ""right""]     },     {       ""title"": ""Type 4: The Universal Sum"",       ""text"": ""<b>Clue:</b> \""Total class = 90\"" (and there are outsiders).<br><br><b>Logic:</b> Add EVERYTHING. Left + Middle + Right + Outside = Total.<br><br><b>Equation:</b> (3h+1) + 2h + (h-4) + (h+2) = 90"",       ""visualType"": ""VENN_DIAGRAM"",       ""labels"": [""B"", ""N""],       ""elements"": { ""left"": ""3h+1"", ""center"": ""2h"", ""right"": ""h-4"", ""outside"": ""h+2"" },       ""highlight"": [""outside"", ""left"", ""center"", ""right""]     },     {       ""title"": ""Final Step: Substitution"",       ""text"": ""Finding <b>x</b> is not the end!<br><br>If question asks: \""How many do <b>Dancing</b>?\"", you must substitute x back into the expression.<br><br>If x=5, Dancing = 4(5) + (5+2) = <b>27</b>."",       ""visualType"": ""VENN_DIAGRAM"",       ""labels"": [""Dance"", ""Sing""],       ""elements"": { ""left"": ""20"", ""center"": ""7"", ""right"": ""16"" },       ""highlight"": [""left"", ""center""]     }   ] }",study_complex_algebra.json,quest_07_solving_for_unknowns
study_complex_algebra_S6,T1,Complex Algebra,Mastering Set Equations,E,Read,,6,"Final Step: Substitution: Finding x is not the end!If question asks: ""How many do Dancing?"", you must substitute x back into the expression.If x=5, Dancing = 4(5) + (5+2) = 27.",,,,,,,,,[],MATH_STUDY,study,content/math/set_theory/quest_07_solving_for_unknowns/study_complex_algebra.json,,No,,0,"{   ""engineType"": ""MATH_STUDY"",   ""mode"": ""study"",   ""topic"": ""Complex Algebra"",   ""variantTitle"": ""Mastering Set Equations"",   ""slides"": [     {       ""title"": ""The 4 Main Exam Questions"",       ""text"": ""In hard exams, you won't just count numbers. You will solve for letters like <b>k</b>, <b>m</b>, or <b>y</b>.<br><br>There are 4 types of questions. Let's learn to spot them."",       ""visualType"": ""VENN_DIAGRAM"",       ""labels"": [""A"", ""B""],       ""elements"": { ""left"": ""3k"", ""center"": ""k"", ""right"": ""2k+1"" },       ""highlight"": []     },     {       ""title"": ""Type 1: The 'Whole Circle' Rule"",       ""text"": ""<b>Clue:</b> Question says \""n(A) = 24\"".<br><br><b>Logic:</b> This means the <b>Entire Circle A</b> adds up to 24. Do not forget the intersection!<br><br><b>Equation:</b> (Left Only) + (Middle) = 24<br>2k + (k+3) = 24"",       ""visualType"": ""VENN_DIAGRAM"",       ""labels"": [""A (24)"", ""B""],       ""elements"": { ""left"": ""2k"", ""center"": ""k+3"", ""right"": ""3k-1"" },       ""highlight"": [""left"", ""center""]     },     {       ""title"": ""Type 2: 'Only One' Activity"",       ""text"": ""<b>Clue:</b> \""36 pupils do <b>only one</b> activity\"".<br><br><b>Logic:</b> This refers to the 'ears' of the diagram. We ignore the middle.<br><br><b>Equation:</b> (Left Only) + (Right Only) = 36<br>4k + (2k+6) = 36"",       ""visualType"": ""VENN_DIAGRAM"",       ""labels"": [""Dance"", ""Sing""],       ""elements"": { ""left"": ""4k"", ""center"": ""k+2"", ""right"": ""2k+6"" },       ""highlight"": [""left"", ""right""]     },     {       ""title"": ""Type 3: Equal Sets"",       ""text"": ""<b>Clue:</b> \""n(L) = n(E)\"".<br><br><b>Logic:</b> The total of the Left Circle equals the total of the Right Circle.<br><br><b>Equation:</b> (Left + Mid) = (Mid + Right)<br>5m+4 + m = m + 3m+12"",       ""visualType"": ""VENN_DIAGRAM"",       ""labels"": [""L"", ""E""],       ""elements"": { ""left"": ""5m+4"", ""center"": ""m"", ""right"": ""3m+12"" },       ""highlight"": [""left"", ""center"", ""right""]     },     {       ""title"": ""Type 4: The Universal Sum"",       ""text"": ""<b>Clue:</b> \""Total class = 90\"" (and there are outsiders).<br><br><b>Logic:</b> Add EVERYTHING. Left + Middle + Right + Outside = Total.<br><br><b>Equation:</b> (3h+1) + 2h + (h-4) + (h+2) = 90"",       ""visualType"": ""VENN_DIAGRAM"",       ""labels"": [""B"", ""N""],       ""elements"": { ""left"": ""3h+1"", ""center"": ""2h"", ""right"": ""h-4"", ""outside"": ""h+2"" },       ""highlight"": [""outside"", ""left"", ""center"", ""right""]     },     {       ""title"": ""Final Step: Substitution"",       ""text"": ""Finding <b>x</b> is not the end!<br><br>If question asks: \""How many do <b>Dancing</b>?\"", you must substitute x back into the expression.<br><br>If x=5, Dancing = 4(5) + (5+2) = <b>27</b>."",       ""visualType"": ""VENN_DIAGRAM"",       ""labels"": [""Dance"", ""Sing""],       ""elements"": { ""left"": ""20"", ""center"": ""7"", ""right"": ""16"" },       ""highlight"": [""left"", ""center""]     }   ] }",study_complex_algebra.json,quest_07_solving_for_unknowns
study_finding_unknowns_S1,T1,Solving Unknowns,Algebra in Sets,E,Read,,1,"Why Algebra?: Sometimes we don't know the exact numbers in a region. Instead, we are given a letter like x.To find x, we need to build an Equation.",,,,,,,,,[],MATH_STUDY,study,content/math/set_theory/quest_07_solving_for_unknowns/study_finding_unknowns.json,,No,,0,"{   ""engineType"": ""MATH_STUDY"",   ""mode"": ""study"",   ""topic"": ""Solving Unknowns"",   ""variantTitle"": ""Algebra in Sets"",   ""slides"": [     {       ""title"": ""Why Algebra?"",       ""text"": ""Sometimes we don't know the exact numbers in a region. Instead, we are given a letter like <b>x</b>.<br><br>To find <b>x</b>, we need to build an <b>Equation</b>."",       ""visualType"": ""VENN_DIAGRAM"",       ""labels"": [""A"", ""B""],       ""elements"": { ""left"": ""x"", ""center"": ""10"", ""right"": ""2x"" },       ""highlight"": [""left"", ""center"", ""right""]     },     {       ""title"": ""Case 1: The Whole Circle"",       ""text"": ""<b>Problem:</b> n(A) = 25. Find x.<br><br><b>Logic:</b> The label n(A) means the <b>entire</b> circle A. This includes the 'Only' part AND the 'Intersection'.<br><br><b>Equation:</b><br>x + 10 = 25<br>x = 15"",       ""visualType"": ""VENN_DIAGRAM"",       ""labels"": [""A (25)"", ""B""],       ""elements"": { ""left"": ""x"", ""center"": ""10"", ""right"": """" },       ""highlight"": [""left"", ""center""]     },     {       ""title"": ""Case 2: The Universal Sum"",       ""text"": ""<b>Problem:</b> Total Class = 50. Find x.<br><br><b>Logic:</b> If we add <b>every</b> region (including outside), it must equal the Total.<br><br><b>Equation:</b><br>(x) + (10) + (2x) + (5) = 50<br>3x + 15 = 50"",       ""visualType"": ""VENN_DIAGRAM"",       ""labels"": [""A"", ""B""],       ""elements"": { ""left"": ""x"", ""center"": ""10"", ""right"": ""2x"", ""outside"": ""5"" },       ""highlight"": [""left"", ""center"", ""right"", ""outside""]     },     {       ""title"": ""Case 3: Equal Sets"",       ""text"": ""<b>Problem:</b> n(A) = n(B). Find x.<br><br><b>Logic:</b> The total count of Circle A is equal to Circle B.<br><br><b>Equation:</b><br>(x + 10) = (10 + 2x)<br>x + 10 = 2x + 10"",       ""visualType"": ""EQUAL_SETS"",       ""labels"": [""Set A"", ""Set B""],       ""items"": ""n(A) = n(B)""     },     {       ""title"": ""Case 4: The Intersection Trick"",       ""text"": ""<b>Problem:</b> n(A)=30, n(B)=25, Total=50. Find the middle (z).<br><br><b>Logic:</b> Add the sets: 30 + 25 = 55.<br>This is bigger than the Total (50) because we counted the middle twice!<br><br><b>Formula:</b> (A + B) - Total = Intersection.<br>55 - 50 = <b>5</b>."",       ""visualType"": ""VENN_DIAGRAM"",       ""labels"": [""A (30)"", ""B (25)""],       ""elements"": { ""left"": ""?"", ""center"": ""z"", ""right"": ""?"" },       ""highlight"": [""center""]     },     {       ""title"": ""Final Step: Substitution"",       ""text"": ""After finding <b>x</b>, always read the question again!<br><br>If x = 15, and the question asks for \""Set B Only\"" (2x):<br><br>Answer = 2(15) = <b>30</b>."",       ""visualType"": ""VENN_DIAGRAM"",       ""labels"": [""A"", ""B""],       ""elements"": { ""left"": ""15"", ""center"": ""10"", ""right"": ""30"" },       ""highlight"": [""right""]     }   ] }",study_finding_unknowns.json,quest_07_solving_for_unknowns
study_finding_unknowns_S2,T1,Solving Unknowns,Algebra in Sets,E,Read,,2,Case 1: The Whole Circle: Problem: n(A) = 25. Find x.Logic: The label n(A) means the entire circle A. This includes the 'Only' part AND the 'Intersection'.Equation:x + 10 = 25x = 15,,,,,,,,,[],MATH_STUDY,study,content/math/set_theory/quest_07_solving_for_unknowns/study_finding_unknowns.json,,No,,0,"{   ""engineType"": ""MATH_STUDY"",   ""mode"": ""study"",   ""topic"": ""Solving Unknowns"",   ""variantTitle"": ""Algebra in Sets"",   ""slides"": [     {       ""title"": ""Why Algebra?"",       ""text"": ""Sometimes we don't know the exact numbers in a region. Instead, we are given a letter like <b>x</b>.<br><br>To find <b>x</b>, we need to build an <b>Equation</b>."",       ""visualType"": ""VENN_DIAGRAM"",       ""labels"": [""A"", ""B""],       ""elements"": { ""left"": ""x"", ""center"": ""10"", ""right"": ""2x"" },       ""highlight"": [""left"", ""center"", ""right""]     },     {       ""title"": ""Case 1: The Whole Circle"",       ""text"": ""<b>Problem:</b> n(A) = 25. Find x.<br><br><b>Logic:</b> The label n(A) means the <b>entire</b> circle A. This includes the 'Only' part AND the 'Intersection'.<br><br><b>Equation:</b><br>x + 10 = 25<br>x = 15"",       ""visualType"": ""VENN_DIAGRAM"",       ""labels"": [""A (25)"", ""B""],       ""elements"": { ""left"": ""x"", ""center"": ""10"", ""right"": """" },       ""highlight"": [""left"", ""center""]     },     {       ""title"": ""Case 2: The Universal Sum"",       ""text"": ""<b>Problem:</b> Total Class = 50. Find x.<br><br><b>Logic:</b> If we add <b>every</b> region (including outside), it must equal the Total.<br><br><b>Equation:</b><br>(x) + (10) + (2x) + (5) = 50<br>3x + 15 = 50"",       ""visualType"": ""VENN_DIAGRAM"",       ""labels"": [""A"", ""B""],       ""elements"": { ""left"": ""x"", ""center"": ""10"", ""right"": ""2x"", ""outside"": ""5"" },       ""highlight"": [""left"", ""center"", ""right"", ""outside""]     },     {       ""title"": ""Case 3: Equal Sets"",       ""text"": ""<b>Problem:</b> n(A) = n(B). Find x.<br><br><b>Logic:</b> The total count of Circle A is equal to Circle B.<br><br><b>Equation:</b><br>(x + 10) = (10 + 2x)<br>x + 10 = 2x + 10"",       ""visualType"": ""EQUAL_SETS"",       ""labels"": [""Set A"", ""Set B""],       ""items"": ""n(A) = n(B)""     },     {       ""title"": ""Case 4: The Intersection Trick"",       ""text"": ""<b>Problem:</b> n(A)=30, n(B)=25, Total=50. Find the middle (z).<br><br><b>Logic:</b> Add the sets: 30 + 25 = 55.<br>This is bigger than the Total (50) because we counted the middle twice!<br><br><b>Formula:</b> (A + B) - Total = Intersection.<br>55 - 50 = <b>5</b>."",       ""visualType"": ""VENN_DIAGRAM"",       ""labels"": [""A (30)"", ""B (25)""],       ""elements"": { ""left"": ""?"", ""center"": ""z"", ""right"": ""?"" },       ""highlight"": [""center""]     },     {       ""title"": ""Final Step: Substitution"",       ""text"": ""After finding <b>x</b>, always read the question again!<br><br>If x = 15, and the question asks for \""Set B Only\"" (2x):<br><br>Answer = 2(15) = <b>30</b>."",       ""visualType"": ""VENN_DIAGRAM"",       ""labels"": [""A"", ""B""],       ""elements"": { ""left"": ""15"", ""center"": ""10"", ""right"": ""30"" },       ""highlight"": [""right""]     }   ] }",study_finding_unknowns.json,quest_07_solving_for_unknowns
study_finding_unknowns_S3,T1,Solving Unknowns,Algebra in Sets,E,Read,,3,"Case 2: The Universal Sum: Problem: Total Class = 50. Find x.Logic: If we add every region (including outside), it must equal the Total.Equation:(x) + (10) + (2x) + (5) = 503x + 15 = 50",,,,,,,,,[],MATH_STUDY,study,content/math/set_theory/quest_07_solving_for_unknowns/study_finding_unknowns.json,,No,,0,"{   ""engineType"": ""MATH_STUDY"",   ""mode"": ""study"",   ""topic"": ""Solving Unknowns"",   ""variantTitle"": ""Algebra in Sets"",   ""slides"": [     {       ""title"": ""Why Algebra?"",       ""text"": ""Sometimes we don't know the exact numbers in a region. Instead, we are given a letter like <b>x</b>.<br><br>To find <b>x</b>, we need to build an <b>Equation</b>."",       ""visualType"": ""VENN_DIAGRAM"",       ""labels"": [""A"", ""B""],       ""elements"": { ""left"": ""x"", ""center"": ""10"", ""right"": ""2x"" },       ""highlight"": [""left"", ""center"", ""right""]     },     {       ""title"": ""Case 1: The Whole Circle"",       ""text"": ""<b>Problem:</b> n(A) = 25. Find x.<br><br><b>Logic:</b> The label n(A) means the <b>entire</b> circle A. This includes the 'Only' part AND the 'Intersection'.<br><br><b>Equation:</b><br>x + 10 = 25<br>x = 15"",       ""visualType"": ""VENN_DIAGRAM"",       ""labels"": [""A (25)"", ""B""],       ""elements"": { ""left"": ""x"", ""center"": ""10"", ""right"": """" },       ""highlight"": [""left"", ""center""]     },     {       ""title"": ""Case 2: The Universal Sum"",       ""text"": ""<b>Problem:</b> Total Class = 50. Find x.<br><br><b>Logic:</b> If we add <b>every</b> region (including outside), it must equal the Total.<br><br><b>Equation:</b><br>(x) + (10) + (2x) + (5) = 50<br>3x + 15 = 50"",       ""visualType"": ""VENN_DIAGRAM"",       ""labels"": [""A"", ""B""],       ""elements"": { ""left"": ""x"", ""center"": ""10"", ""right"": ""2x"", ""outside"": ""5"" },       ""highlight"": [""left"", ""center"", ""right"", ""outside""]     },     {       ""title"": ""Case 3: Equal Sets"",       ""text"": ""<b>Problem:</b> n(A) = n(B). Find x.<br><br><b>Logic:</b> The total count of Circle A is equal to Circle B.<br><br><b>Equation:</b><br>(x + 10) = (10 + 2x)<br>x + 10 = 2x + 10"",       ""visualType"": ""EQUAL_SETS"",       ""labels"": [""Set A"", ""Set B""],       ""items"": ""n(A) = n(B)""     },     {       ""title"": ""Case 4: The Intersection Trick"",       ""text"": ""<b>Problem:</b> n(A)=30, n(B)=25, Total=50. Find the middle (z).<br><br><b>Logic:</b> Add the sets: 30 + 25 = 55.<br>This is bigger than the Total (50) because we counted the middle twice!<br><br><b>Formula:</b> (A + B) - Total = Intersection.<br>55 - 50 = <b>5</b>."",       ""visualType"": ""VENN_DIAGRAM"",       ""labels"": [""A (30)"", ""B (25)""],       ""elements"": { ""left"": ""?"", ""center"": ""z"", ""right"": ""?"" },       ""highlight"": [""center""]     },     {       ""title"": ""Final Step: Substitution"",       ""text"": ""After finding <b>x</b>, always read the question again!<br><br>If x = 15, and the question asks for \""Set B Only\"" (2x):<br><br>Answer = 2(15) = <b>30</b>."",       ""visualType"": ""VENN_DIAGRAM"",       ""labels"": [""A"", ""B""],       ""elements"": { ""left"": ""15"", ""center"": ""10"", ""right"": ""30"" },       ""highlight"": [""right""]     }   ] }",study_finding_unknowns.json,quest_07_solving_for_unknowns
study_finding_unknowns_S4,T1,Solving Unknowns,Algebra in Sets,E,Read,,4,Case 3: Equal Sets: Problem: n(A) = n(B). Find x.Logic: The total count of Circle A is equal to Circle B.Equation:(x + 10) = (10 + 2x)x + 10 = 2x + 10,,,,,,,,,[],MATH_STUDY,study,content/math/set_theory/quest_07_solving_for_unknowns/study_finding_unknowns.json,,No,,0,"{   ""engineType"": ""MATH_STUDY"",   ""mode"": ""study"",   ""topic"": ""Solving Unknowns"",   ""variantTitle"": ""Algebra in Sets"",   ""slides"": [     {       ""title"": ""Why Algebra?"",       ""text"": ""Sometimes we don't know the exact numbers in a region. Instead, we are given a letter like <b>x</b>.<br><br>To find <b>x</b>, we need to build an <b>Equation</b>."",       ""visualType"": ""VENN_DIAGRAM"",       ""labels"": [""A"", ""B""],       ""elements"": { ""left"": ""x"", ""center"": ""10"", ""right"": ""2x"" },       ""highlight"": [""left"", ""center"", ""right""]     },     {       ""title"": ""Case 1: The Whole Circle"",       ""text"": ""<b>Problem:</b> n(A) = 25. Find x.<br><br><b>Logic:</b> The label n(A) means the <b>entire</b> circle A. This includes the 'Only' part AND the 'Intersection'.<br><br><b>Equation:</b><br>x + 10 = 25<br>x = 15"",       ""visualType"": ""VENN_DIAGRAM"",       ""labels"": [""A (25)"", ""B""],       ""elements"": { ""left"": ""x"", ""center"": ""10"", ""right"": """" },       ""highlight"": [""left"", ""center""]     },     {       ""title"": ""Case 2: The Universal Sum"",       ""text"": ""<b>Problem:</b> Total Class = 50. Find x.<br><br><b>Logic:</b> If we add <b>every</b> region (including outside), it must equal the Total.<br><br><b>Equation:</b><br>(x) + (10) + (2x) + (5) = 50<br>3x + 15 = 50"",       ""visualType"": ""VENN_DIAGRAM"",       ""labels"": [""A"", ""B""],       ""elements"": { ""left"": ""x"", ""center"": ""10"", ""right"": ""2x"", ""outside"": ""5"" },       ""highlight"": [""left"", ""center"", ""right"", ""outside""]     },     {       ""title"": ""Case 3: Equal Sets"",       ""text"": ""<b>Problem:</b> n(A) = n(B). Find x.<br><br><b>Logic:</b> The total count of Circle A is equal to Circle B.<br><br><b>Equation:</b><br>(x + 10) = (10 + 2x)<br>x + 10 = 2x + 10"",       ""visualType"": ""EQUAL_SETS"",       ""labels"": [""Set A"", ""Set B""],       ""items"": ""n(A) = n(B)""     },     {       ""title"": ""Case 4: The Intersection Trick"",       ""text"": ""<b>Problem:</b> n(A)=30, n(B)=25, Total=50. Find the middle (z).<br><br><b>Logic:</b> Add the sets: 30 + 25 = 55.<br>This is bigger than the Total (50) because we counted the middle twice!<br><br><b>Formula:</b> (A + B) - Total = Intersection.<br>55 - 50 = <b>5</b>."",       ""visualType"": ""VENN_DIAGRAM"",       ""labels"": [""A (30)"", ""B (25)""],       ""elements"": { ""left"": ""?"", ""center"": ""z"", ""right"": ""?"" },       ""highlight"": [""center""]     },     {       ""title"": ""Final Step: Substitution"",       ""text"": ""After finding <b>x</b>, always read the question again!<br><br>If x = 15, and the question asks for \""Set B Only\"" (2x):<br><br>Answer = 2(15) = <b>30</b>."",       ""visualType"": ""VENN_DIAGRAM"",       ""labels"": [""A"", ""B""],       ""elements"": { ""left"": ""15"", ""center"": ""10"", ""right"": ""30"" },       ""highlight"": [""right""]     }   ] }",study_finding_unknowns.json,quest_07_solving_for_unknowns
study_finding_unknowns_S5,T1,Solving Unknowns,Algebra in Sets,E,Read,,5,"Case 4: The Intersection Trick: Problem: n(A)=30, n(B)=25, Total=50. Find the middle (z).Logic: Add the sets: 30 + 25 = 55.This is bigger than the Total (50) because we counted the middle twice!Formula: (A + B) - Total = Intersection.55 - 50 = 5.",,,,,,,,,[],MATH_STUDY,study,content/math/set_theory/quest_07_solving_for_unknowns/study_finding_unknowns.json,,No,,0,"{   ""engineType"": ""MATH_STUDY"",   ""mode"": ""study"",   ""topic"": ""Solving Unknowns"",   ""variantTitle"": ""Algebra in Sets"",   ""slides"": [     {       ""title"": ""Why Algebra?"",       ""text"": ""Sometimes we don't know the exact numbers in a region. Instead, we are given a letter like <b>x</b>.<br><br>To find <b>x</b>, we need to build an <b>Equation</b>."",       ""visualType"": ""VENN_DIAGRAM"",       ""labels"": [""A"", ""B""],       ""elements"": { ""left"": ""x"", ""center"": ""10"", ""right"": ""2x"" },       ""highlight"": [""left"", ""center"", ""right""]     },     {       ""title"": ""Case 1: The Whole Circle"",       ""text"": ""<b>Problem:</b> n(A) = 25. Find x.<br><br><b>Logic:</b> The label n(A) means the <b>entire</b> circle A. This includes the 'Only' part AND the 'Intersection'.<br><br><b>Equation:</b><br>x + 10 = 25<br>x = 15"",       ""visualType"": ""VENN_DIAGRAM"",       ""labels"": [""A (25)"", ""B""],       ""elements"": { ""left"": ""x"", ""center"": ""10"", ""right"": """" },       ""highlight"": [""left"", ""center""]     },     {       ""title"": ""Case 2: The Universal Sum"",       ""text"": ""<b>Problem:</b> Total Class = 50. Find x.<br><br><b>Logic:</b> If we add <b>every</b> region (including outside), it must equal the Total.<br><br><b>Equation:</b><br>(x) + (10) + (2x) + (5) = 50<br>3x + 15 = 50"",       ""visualType"": ""VENN_DIAGRAM"",       ""labels"": [""A"", ""B""],       ""elements"": { ""left"": ""x"", ""center"": ""10"", ""right"": ""2x"", ""outside"": ""5"" },       ""highlight"": [""left"", ""center"", ""right"", ""outside""]     },     {       ""title"": ""Case 3: Equal Sets"",       ""text"": ""<b>Problem:</b> n(A) = n(B). Find x.<br><br><b>Logic:</b> The total count of Circle A is equal to Circle B.<br><br><b>Equation:</b><br>(x + 10) = (10 + 2x)<br>x + 10 = 2x + 10"",       ""visualType"": ""EQUAL_SETS"",       ""labels"": [""Set A"", ""Set B""],       ""items"": ""n(A) = n(B)""     },     {       ""title"": ""Case 4: The Intersection Trick"",       ""text"": ""<b>Problem:</b> n(A)=30, n(B)=25, Total=50. Find the middle (z).<br><br><b>Logic:</b> Add the sets: 30 + 25 = 55.<br>This is bigger than the Total (50) because we counted the middle twice!<br><br><b>Formula:</b> (A + B) - Total = Intersection.<br>55 - 50 = <b>5</b>."",       ""visualType"": ""VENN_DIAGRAM"",       ""labels"": [""A (30)"", ""B (25)""],       ""elements"": { ""left"": ""?"", ""center"": ""z"", ""right"": ""?"" },       ""highlight"": [""center""]     },     {       ""title"": ""Final Step: Substitution"",       ""text"": ""After finding <b>x</b>, always read the question again!<br><br>If x = 15, and the question asks for \""Set B Only\"" (2x):<br><br>Answer = 2(15) = <b>30</b>."",       ""visualType"": ""VENN_DIAGRAM"",       ""labels"": [""A"", ""B""],       ""elements"": { ""left"": ""15"", ""center"": ""10"", ""right"": ""30"" },       ""highlight"": [""right""]     }   ] }",study_finding_unknowns.json,quest_07_solving_for_unknowns
study_finding_unknowns_S6,T1,Solving Unknowns,Algebra in Sets,E,Read,,6,"Final Step: Substitution: After finding x, always read the question again!If x = 15, and the question asks for ""Set B Only"" (2x):Answer = 2(15) = 30.",,,,,,,,,[],MATH_STUDY,study,content/math/set_theory/quest_07_solving_for_unknowns/study_finding_unknowns.json,,No,,0,"{   ""engineType"": ""MATH_STUDY"",   ""mode"": ""study"",   ""topic"": ""Solving Unknowns"",   ""variantTitle"": ""Algebra in Sets"",   ""slides"": [     {       ""title"": ""Why Algebra?"",       ""text"": ""Sometimes we don't know the exact numbers in a region. Instead, we are given a letter like <b>x</b>.<br><br>To find <b>x</b>, we need to build an <b>Equation</b>."",       ""visualType"": ""VENN_DIAGRAM"",       ""labels"": [""A"", ""B""],       ""elements"": { ""left"": ""x"", ""center"": ""10"", ""right"": ""2x"" },       ""highlight"": [""left"", ""center"", ""right""]     },     {       ""title"": ""Case 1: The Whole Circle"",       ""text"": ""<b>Problem:</b> n(A) = 25. Find x.<br><br><b>Logic:</b> The label n(A) means the <b>entire</b> circle A. This includes the 'Only' part AND the 'Intersection'.<br><br><b>Equation:</b><br>x + 10 = 25<br>x = 15"",       ""visualType"": ""VENN_DIAGRAM"",       ""labels"": [""A (25)"", ""B""],       ""elements"": { ""left"": ""x"", ""center"": ""10"", ""right"": """" },       ""highlight"": [""left"", ""center""]     },     {       ""title"": ""Case 2: The Universal Sum"",       ""text"": ""<b>Problem:</b> Total Class = 50. Find x.<br><br><b>Logic:</b> If we add <b>every</b> region (including outside), it must equal the Total.<br><br><b>Equation:</b><br>(x) + (10) + (2x) + (5) = 50<br>3x + 15 = 50"",       ""visualType"": ""VENN_DIAGRAM"",       ""labels"": [""A"", ""B""],       ""elements"": { ""left"": ""x"", ""center"": ""10"", ""right"": ""2x"", ""outside"": ""5"" },       ""highlight"": [""left"", ""center"", ""right"", ""outside""]     },     {       ""title"": ""Case 3: Equal Sets"",       ""text"": ""<b>Problem:</b> n(A) = n(B). Find x.<br><br><b>Logic:</b> The total count of Circle A is equal to Circle B.<br><br><b>Equation:</b><br>(x + 10) = (10 + 2x)<br>x + 10 = 2x + 10"",       ""visualType"": ""EQUAL_SETS"",       ""labels"": [""Set A"", ""Set B""],       ""items"": ""n(A) = n(B)""     },     {       ""title"": ""Case 4: The Intersection Trick"",       ""text"": ""<b>Problem:</b> n(A)=30, n(B)=25, Total=50. Find the middle (z).<br><br><b>Logic:</b> Add the sets: 30 + 25 = 55.<br>This is bigger than the Total (50) because we counted the middle twice!<br><br><b>Formula:</b> (A + B) - Total = Intersection.<br>55 - 50 = <b>5</b>."",       ""visualType"": ""VENN_DIAGRAM"",       ""labels"": [""A (30)"", ""B (25)""],       ""elements"": { ""left"": ""?"", ""center"": ""z"", ""right"": ""?"" },       ""highlight"": [""center""]     },     {       ""title"": ""Final Step: Substitution"",       ""text"": ""After finding <b>x</b>, always read the question again!<br><br>If x = 15, and the question asks for \""Set B Only\"" (2x):<br><br>Answer = 2(15) = <b>30</b>."",       ""visualType"": ""VENN_DIAGRAM"",       ""labels"": [""A"", ""B""],       ""elements"": { ""left"": ""15"", ""center"": ""10"", ""right"": ""30"" },       ""highlight"": [""right""]     }   ] }",study_finding_unknowns.json,quest_07_solving_for_unknowns
08-001_Q1,T1,Survey Applications,Quest 8-001: Sports Survey,E,Simulation,,1,How many pupils play Football?,,,,,,n(F) = Only + Both. Add 8 + 10.,,,[],SET_THEORY,quiz,content/math/set_theory/quest_08_application_of_sets/08-001.json,,No,,5,"{   ""engineType"": ""SET_THEORY"",   ""mode"": ""quiz"",   ""subject"": ""MATH"",   ""topic"": ""Survey Applications"",   ""variantTitle"": ""Quest 8-001: Sports Survey"",   ""sets"": {     ""A"": { ""label"": ""F"", ""color"": ""#9333ea"" },     ""B"": { ""label"": ""V"", ""color"": ""#db2777"" }   },   ""zones"": {     ""left"": [8],     ""center"": [10],     ""right"": [8],     ""outside"": []   },   ""questions"": [     {       ""type"": ""COUNT_SUM"",       ""targetRegion"": ""left_total"",       ""prompt"": ""How many pupils play <span style='color:#9333ea'>Football</span>?"",       ""hint"": ""n(F) = Only + Both. Add 8 + 10.""     },     {       ""retain_visuals"": true,       ""type"": ""COUNT_SUM"",       ""targetRegion"": ""right_only"",       ""prompt"": ""How many play <span style='color:#db2777'>Volleyball only</span>?"",       ""hint"": ""Look at the region inside V but outside F.""     },     {       ""retain_visuals"": true,       ""type"": ""COUNT_SUM"",       ""targetRegion"": ""intersection"",       ""prompt"": ""How many play <b>both</b>?"",       ""hint"": ""The overlapping middle part.""     },     {       ""retain_visuals"": true,       ""type"": ""COUNT_SUM"",       ""targetRegion"": ""symmetric_difference"",       ""prompt"": ""How many pupils play <b>one type</b> only?"",       ""hint"": ""(F Only) + (V Only)""     }   ] }",08-001.json,quest_08_application_of_sets
08-001_Q2,T1,Survey Applications,Quest 8-001: Sports Survey,E,Simulation,,2,How many play Volleyball only?,,,,,,Look at the region inside V but outside F.,,,[],SET_THEORY,quiz,content/math/set_theory/quest_08_application_of_sets/08-001.json,,No,,5,"{   ""engineType"": ""SET_THEORY"",   ""mode"": ""quiz"",   ""subject"": ""MATH"",   ""topic"": ""Survey Applications"",   ""variantTitle"": ""Quest 8-001: Sports Survey"",   ""sets"": {     ""A"": { ""label"": ""F"", ""color"": ""#9333ea"" },     ""B"": { ""label"": ""V"", ""color"": ""#db2777"" }   },   ""zones"": {     ""left"": [8],     ""center"": [10],     ""right"": [8],     ""outside"": []   },   ""questions"": [     {       ""type"": ""COUNT_SUM"",       ""targetRegion"": ""left_total"",       ""prompt"": ""How many pupils play <span style='color:#9333ea'>Football</span>?"",       ""hint"": ""n(F) = Only + Both. Add 8 + 10.""     },     {       ""retain_visuals"": true,       ""type"": ""COUNT_SUM"",       ""targetRegion"": ""right_only"",       ""prompt"": ""How many play <span style='color:#db2777'>Volleyball only</span>?"",       ""hint"": ""Look at the region inside V but outside F.""     },     {       ""retain_visuals"": true,       ""type"": ""COUNT_SUM"",       ""targetRegion"": ""intersection"",       ""prompt"": ""How many play <b>both</b>?"",       ""hint"": ""The overlapping middle part.""     },     {       ""retain_visuals"": true,       ""type"": ""COUNT_SUM"",       ""targetRegion"": ""symmetric_difference"",       ""prompt"": ""How many pupils play <b>one type</b> only?"",       ""hint"": ""(F Only) + (V Only)""     }   ] }",08-001.json,quest_08_application_of_sets
08-001_Q3,T1,Survey Applications,Quest 8-001: Sports Survey,E,Simulation,,3,How many play both?,,,,,,The overlapping middle part.,,,[],SET_THEORY,quiz,content/math/set_theory/quest_08_application_of_sets/08-001.json,,No,,5,"{   ""engineType"": ""SET_THEORY"",   ""mode"": ""quiz"",   ""subject"": ""MATH"",   ""topic"": ""Survey Applications"",   ""variantTitle"": ""Quest 8-001: Sports Survey"",   ""sets"": {     ""A"": { ""label"": ""F"", ""color"": ""#9333ea"" },     ""B"": { ""label"": ""V"", ""color"": ""#db2777"" }   },   ""zones"": {     ""left"": [8],     ""center"": [10],     ""right"": [8],     ""outside"": []   },   ""questions"": [     {       ""type"": ""COUNT_SUM"",       ""targetRegion"": ""left_total"",       ""prompt"": ""How many pupils play <span style='color:#9333ea'>Football</span>?"",       ""hint"": ""n(F) = Only + Both. Add 8 + 10.""     },     {       ""retain_visuals"": true,       ""type"": ""COUNT_SUM"",       ""targetRegion"": ""right_only"",       ""prompt"": ""How many play <span style='color:#db2777'>Volleyball only</span>?"",       ""hint"": ""Look at the region inside V but outside F.""     },     {       ""retain_visuals"": true,       ""type"": ""COUNT_SUM"",       ""targetRegion"": ""intersection"",       ""prompt"": ""How many play <b>both</b>?"",       ""hint"": ""The overlapping middle part.""     },     {       ""retain_visuals"": true,       ""type"": ""COUNT_SUM"",       ""targetRegion"": ""symmetric_difference"",       ""prompt"": ""How many pupils play <b>one type</b> only?"",       ""hint"": ""(F Only) + (V Only)""     }   ] }",08-001.json,quest_08_application_of_sets
08-001_Q4,T1,Survey Applications,Quest 8-001: Sports Survey,E,Simulation,,4,How many pupils play one type only?,,,,,,(F Only) + (V Only),,,[],SET_THEORY,quiz,content/math/set_theory/quest_08_application_of_sets/08-001.json,,No,,5,"{   ""engineType"": ""SET_THEORY"",   ""mode"": ""quiz"",   ""subject"": ""MATH"",   ""topic"": ""Survey Applications"",   ""variantTitle"": ""Quest 8-001: Sports Survey"",   ""sets"": {     ""A"": { ""label"": ""F"", ""color"": ""#9333ea"" },     ""B"": { ""label"": ""V"", ""color"": ""#db2777"" }   },   ""zones"": {     ""left"": [8],     ""center"": [10],     ""right"": [8],     ""outside"": []   },   ""questions"": [     {       ""type"": ""COUNT_SUM"",       ""targetRegion"": ""left_total"",       ""prompt"": ""How many pupils play <span style='color:#9333ea'>Football</span>?"",       ""hint"": ""n(F) = Only + Both. Add 8 + 10.""     },     {       ""retain_visuals"": true,       ""type"": ""COUNT_SUM"",       ""targetRegion"": ""right_only"",       ""prompt"": ""How many play <span style='color:#db2777'>Volleyball only</span>?"",       ""hint"": ""Look at the region inside V but outside F.""     },     {       ""retain_visuals"": true,       ""type"": ""COUNT_SUM"",       ""targetRegion"": ""intersection"",       ""prompt"": ""How many play <b>both</b>?"",       ""hint"": ""The overlapping middle part.""     },     {       ""retain_visuals"": true,       ""type"": ""COUNT_SUM"",       ""targetRegion"": ""symmetric_difference"",       ""prompt"": ""How many pupils play <b>one type</b> only?"",       ""hint"": ""(F Only) + (V Only)""     }   ] }",08-001.json,quest_08_application_of_sets
08-002_Q1,T1,Fractions in Sets,Quest 8-002: The Reading Club,E,Simulation,,1,"Phase 1: Class of 40. ½ read News (20), ¼ read Comics (10). 5 read Both. Fill the diagram.",,,,,,,,,[],SET_THEORY,quiz,content/math/set_theory/quest_08_application_of_sets/08-002.json,,No,,5,"{   ""engineType"": ""SET_THEORY"",   ""mode"": ""quiz"",   ""subject"": ""MATH"",   ""topic"": ""Fractions in Sets"",   ""variantTitle"": ""Quest 8-002: The Reading Club"",   ""sets"": { ""A"": { ""label"": ""N (News)"", ""color"": ""#9333ea"" }, ""B"": { ""label"": ""C (Comics)"", ""color"": ""#db2777"" } },   ""zones"": { ""left"": [""15""], ""center"": [""5""], ""right"": [""5""], ""outside"": [""15""] },   ""questions"": [     {       ""interaction"": ""DIAGRAM_FILL"",       ""prompt"": ""<b>Phase 1:</b> Class of <b>40</b>. ½ read News (20), ¼ read Comics (10). 5 read Both. Fill the diagram."",       ""inputs"": [         { ""region"": ""left"", ""expected"": ""15"" },          { ""region"": ""right"", ""expected"": ""5"" },          { ""region"": ""outside"", ""expected"": ""15"" }       ]     },     {       ""retain_visuals"": true,       ""type"": ""COUNT_SUM"",       ""targetRegion"": ""symmetric_difference"",       ""prompt"": ""<b>Phase 2:</b> How many read <b>only one</b> type of book?"",       ""hint"": ""News Only (15) + Comics Only (5)""     }   ] }",08-002.json,quest_08_application_of_sets
08-002_Q2,T1,Fractions in Sets,Quest 8-002: The Reading Club,E,Simulation,,2,Phase 2: How many read only one type of book?,,,,,,News Only (15) + Comics Only (5),,,[],SET_THEORY,quiz,content/math/set_theory/quest_08_application_of_sets/08-002.json,,No,,5,"{   ""engineType"": ""SET_THEORY"",   ""mode"": ""quiz"",   ""subject"": ""MATH"",   ""topic"": ""Fractions in Sets"",   ""variantTitle"": ""Quest 8-002: The Reading Club"",   ""sets"": { ""A"": { ""label"": ""N (News)"", ""color"": ""#9333ea"" }, ""B"": { ""label"": ""C (Comics)"", ""color"": ""#db2777"" } },   ""zones"": { ""left"": [""15""], ""center"": [""5""], ""right"": [""5""], ""outside"": [""15""] },   ""questions"": [     {       ""interaction"": ""DIAGRAM_FILL"",       ""prompt"": ""<b>Phase 1:</b> Class of <b>40</b>. ½ read News (20), ¼ read Comics (10). 5 read Both. Fill the diagram."",       ""inputs"": [         { ""region"": ""left"", ""expected"": ""15"" },          { ""region"": ""right"", ""expected"": ""5"" },          { ""region"": ""outside"", ""expected"": ""15"" }       ]     },     {       ""retain_visuals"": true,       ""type"": ""COUNT_SUM"",       ""targetRegion"": ""symmetric_difference"",       ""prompt"": ""<b>Phase 2:</b> How many read <b>only one</b> type of book?"",       ""hint"": ""News Only (15) + Comics Only (5)""     }   ] }",08-002.json,quest_08_application_of_sets
08-003_Q1,T1,Intersection Formula,Quest 8-003: Book Club,E,Simulation,,1,Total = 50. Everyone reads. Find x (Both).,,,,,,30 + 25 - x = 50. Or (30-x)+x+(25-x)=50.,,,[],SET_THEORY,quiz,content/math/set_theory/quest_08_application_of_sets/08-003.json,,No,,5,"{   ""engineType"": ""SET_THEORY"",   ""mode"": ""quiz"",   ""subject"": ""MATH"",   ""topic"": ""Intersection Formula"",   ""variantTitle"": ""Quest 8-003: Book Club"",   ""sets"": { ""A"": { ""label"": ""F (30)"", ""color"": ""#16a34a"" }, ""B"": { ""label"": ""N (25)"", ""color"": ""#f59e0b"" } },   ""zones"": { ""left"": [""30-x""], ""center"": [""x""], ""right"": [""25-x""], ""outside"": [""0""] },   ""questions"": [     {       ""type"": ""ALGEBRA_SOLVE"",       ""targetRegion"": ""intersection"",       ""equation_target"": 50,       ""expected_x"": 5,       ""prompt"": ""Total = 50. Everyone reads. Find <b>x</b> (Both)."",       ""hint"": ""30 + 25 - x = 50. Or (30-x)+x+(25-x)=50.""     },     {       ""retain_visuals"": true,       ""type"": ""ALGEBRA_SUBSTITUTE"",       ""targetRegion"": ""left_only"",       ""x_val"": 5,       ""expression"": ""30-x"",       ""prompt"": ""How many read <b>Fiction ONLY</b>?"",       ""hint"": ""30 - 5 = 25""     }   ] }",08-003.json,quest_08_application_of_sets
08-003_Q2,T1,Intersection Formula,Quest 8-003: Book Club,E,Simulation,,2,How many read Fiction ONLY?,,,,,,30 - 5 = 25,,,[],SET_THEORY,quiz,content/math/set_theory/quest_08_application_of_sets/08-003.json,,No,,5,"{   ""engineType"": ""SET_THEORY"",   ""mode"": ""quiz"",   ""subject"": ""MATH"",   ""topic"": ""Intersection Formula"",   ""variantTitle"": ""Quest 8-003: Book Club"",   ""sets"": { ""A"": { ""label"": ""F (30)"", ""color"": ""#16a34a"" }, ""B"": { ""label"": ""N (25)"", ""color"": ""#f59e0b"" } },   ""zones"": { ""left"": [""30-x""], ""center"": [""x""], ""right"": [""25-x""], ""outside"": [""0""] },   ""questions"": [     {       ""type"": ""ALGEBRA_SOLVE"",       ""targetRegion"": ""intersection"",       ""equation_target"": 50,       ""expected_x"": 5,       ""prompt"": ""Total = 50. Everyone reads. Find <b>x</b> (Both)."",       ""hint"": ""30 + 25 - x = 50. Or (30-x)+x+(25-x)=50.""     },     {       ""retain_visuals"": true,       ""type"": ""ALGEBRA_SUBSTITUTE"",       ""targetRegion"": ""left_only"",       ""x_val"": 5,       ""expression"": ""30-x"",       ""prompt"": ""How many read <b>Fiction ONLY</b>?"",       ""hint"": ""30 - 5 = 25""     }   ] }",08-003.json,quest_08_application_of_sets
08-004_Q1,T1,Relative Algebra,Quest 8-004: Hockey & Rugby,E,Simulation,,1,Phase 1: Rugby Only is 5 more than both. Neither is 5.,,,,,,,,,[],SET_THEORY,quiz,content/math/set_theory/quest_08_application_of_sets/08-004.json,,No,,5,"{   ""engineType"": ""SET_THEORY"",   ""mode"": ""quiz"",   ""subject"": ""MATH"",   ""topic"": ""Relative Algebra"",   ""variantTitle"": ""Quest 8-004: Hockey & Rugby"",   ""sets"": { ""A"": { ""label"": ""H (40)"", ""color"": ""#9333ea"" }, ""B"": { ""label"": ""R"", ""color"": ""#db2777"" } },   ""zones"": { ""left"": [""40-x""], ""center"": [""x""], ""right"": [""x+5""], ""outside"": [""5""] },    ""questions"": [     {       ""interaction"": ""DIAGRAM_FILL"",       ""prompt"": ""<b>Phase 1:</b> Rugby Only is 5 more than both. Neither is 5."",       ""inputs"": [         { ""region"": ""left"", ""expected"": ""40-x"" },         { ""region"": ""right"", ""expected"": ""x+5"" },         { ""region"": ""outside"", ""expected"": ""5"" }       ]     },     {       ""type"": ""ALGEBRA_SOLVE"",       ""targetRegion"": ""union"",        ""equation_target"": 65,       ""expected_x"": 15,       ""prompt"": ""<b>Phase 2:</b> Total pupils = 65. Find <b>x</b>."",       ""hint"": ""(40-x) + x + (x+5) + 5 = 65 -> x + 50 = 65""     },     {       ""retain_visuals"": true,       ""type"": ""ALGEBRA_SUBSTITUTE"",       ""targetRegion"": ""right_total"",       ""x_val"": 15,       ""expression"": ""2x+5"",       ""prompt"": ""Find total playing <span style='color:#db2777'>Rugby</span>."",       ""hint"": ""n(R) = Both + Only. x + (x+5) = 2x+5.""     }   ] }",08-004.json,quest_08_application_of_sets
08-004_Q2,T1,Relative Algebra,Quest 8-004: Hockey & Rugby,E,Simulation,,2,Phase 2: Total pupils = 65. Find x.,,,,,,(40-x) + x + (x+5) + 5 = 65 -> x + 50 = 65,,,[],SET_THEORY,quiz,content/math/set_theory/quest_08_application_of_sets/08-004.json,,No,,5,"{   ""engineType"": ""SET_THEORY"",   ""mode"": ""quiz"",   ""subject"": ""MATH"",   ""topic"": ""Relative Algebra"",   ""variantTitle"": ""Quest 8-004: Hockey & Rugby"",   ""sets"": { ""A"": { ""label"": ""H (40)"", ""color"": ""#9333ea"" }, ""B"": { ""label"": ""R"", ""color"": ""#db2777"" } },   ""zones"": { ""left"": [""40-x""], ""center"": [""x""], ""right"": [""x+5""], ""outside"": [""5""] },    ""questions"": [     {       ""interaction"": ""DIAGRAM_FILL"",       ""prompt"": ""<b>Phase 1:</b> Rugby Only is 5 more than both. Neither is 5."",       ""inputs"": [         { ""region"": ""left"", ""expected"": ""40-x"" },         { ""region"": ""right"", ""expected"": ""x+5"" },         { ""region"": ""outside"", ""expected"": ""5"" }       ]     },     {       ""type"": ""ALGEBRA_SOLVE"",       ""targetRegion"": ""union"",        ""equation_target"": 65,       ""expected_x"": 15,       ""prompt"": ""<b>Phase 2:</b> Total pupils = 65. Find <b>x</b>."",       ""hint"": ""(40-x) + x + (x+5) + 5 = 65 -> x + 50 = 65""     },     {       ""retain_visuals"": true,       ""type"": ""ALGEBRA_SUBSTITUTE"",       ""targetRegion"": ""right_total"",       ""x_val"": 15,       ""expression"": ""2x+5"",       ""prompt"": ""Find total playing <span style='color:#db2777'>Rugby</span>."",       ""hint"": ""n(R) = Both + Only. x + (x+5) = 2x+5.""     }   ] }",08-004.json,quest_08_application_of_sets
08-004_Q3,T1,Relative Algebra,Quest 8-004: Hockey & Rugby,E,Simulation,,3,Find total playing Rugby.,,,,,,n(R) = Both + Only. x + (x+5) = 2x+5.,,,[],SET_THEORY,quiz,content/math/set_theory/quest_08_application_of_sets/08-004.json,,No,,5,"{   ""engineType"": ""SET_THEORY"",   ""mode"": ""quiz"",   ""subject"": ""MATH"",   ""topic"": ""Relative Algebra"",   ""variantTitle"": ""Quest 8-004: Hockey & Rugby"",   ""sets"": { ""A"": { ""label"": ""H (40)"", ""color"": ""#9333ea"" }, ""B"": { ""label"": ""R"", ""color"": ""#db2777"" } },   ""zones"": { ""left"": [""40-x""], ""center"": [""x""], ""right"": [""x+5""], ""outside"": [""5""] },    ""questions"": [     {       ""interaction"": ""DIAGRAM_FILL"",       ""prompt"": ""<b>Phase 1:</b> Rugby Only is 5 more than both. Neither is 5."",       ""inputs"": [         { ""region"": ""left"", ""expected"": ""40-x"" },         { ""region"": ""right"", ""expected"": ""x+5"" },         { ""region"": ""outside"", ""expected"": ""5"" }       ]     },     {       ""type"": ""ALGEBRA_SOLVE"",       ""targetRegion"": ""union"",        ""equation_target"": 65,       ""expected_x"": 15,       ""prompt"": ""<b>Phase 2:</b> Total pupils = 65. Find <b>x</b>."",       ""hint"": ""(40-x) + x + (x+5) + 5 = 65 -> x + 50 = 65""     },     {       ""retain_visuals"": true,       ""type"": ""ALGEBRA_SUBSTITUTE"",       ""targetRegion"": ""right_total"",       ""x_val"": 15,       ""expression"": ""2x+5"",       ""prompt"": ""Find total playing <span style='color:#db2777'>Rugby</span>."",       ""hint"": ""n(R) = Both + Only. x + (x+5) = 2x+5.""     }   ] }",08-004.json,quest_08_application_of_sets
08-005_Q1,T1,Difference of Sets,Quest 8-005: Science Project,E,Simulation,,1,"Phase 1: P=30, B=25, Both=10. Fill Only regions.",,,,,,,,,[],SET_THEORY,quiz,content/math/set_theory/quest_08_application_of_sets/08-005.json,,No,,5,"{   ""engineType"": ""SET_THEORY"",   ""mode"": ""quiz"",   ""subject"": ""MATH"",   ""topic"": ""Difference of Sets"",   ""variantTitle"": ""Quest 8-005: Science Project"",   ""sets"": { ""A"": { ""label"": ""P (30)"", ""color"": ""#7c3aed"" }, ""B"": { ""label"": ""B (25)"", ""color"": ""#db2777"" } },   ""zones"": { ""left"": [""20""], ""center"": [""10""], ""right"": [""15""], ""outside"": [""k""] },   ""questions"": [     {       ""interaction"": ""DIAGRAM_FILL"",       ""prompt"": ""<b>Phase 1:</b> P=30, B=25, Both=10. Fill Only regions."",       ""inputs"": [         { ""region"": ""left"", ""expected"": ""20"" },         { ""region"": ""right"", ""expected"": ""15"" },         { ""region"": ""center"", ""expected"": ""10"" }       ]     },     {       ""type"": ""ALGEBRA_SOLVE"",       ""targetRegion"": ""universal_only"",       ""equation_target"": 50,       ""expected_x"": 5,       ""prompt"": ""<b>Phase 2:</b> Total = 50. Find <b>k</b> (Neither)."",       ""hint"": ""20 + 10 + 15 + k = 50.""     },     {       ""retain_visuals"": true,       ""type"": ""COUNT_SUM"",       ""targetRegion"": ""left_only"",       ""prompt"": ""Find <span style='color:#7c3aed'>n(P - B)</span> (Physics Only)."",       ""hint"": ""This is the region you calculated as 20.""     }   ] }",08-005.json,quest_08_application_of_sets
08-005_Q2,T1,Difference of Sets,Quest 8-005: Science Project,E,Simulation,,2,Phase 2: Total = 50. Find k (Neither).,,,,,,20 + 10 + 15 + k = 50.,,,[],SET_THEORY,quiz,content/math/set_theory/quest_08_application_of_sets/08-005.json,,No,,5,"{   ""engineType"": ""SET_THEORY"",   ""mode"": ""quiz"",   ""subject"": ""MATH"",   ""topic"": ""Difference of Sets"",   ""variantTitle"": ""Quest 8-005: Science Project"",   ""sets"": { ""A"": { ""label"": ""P (30)"", ""color"": ""#7c3aed"" }, ""B"": { ""label"": ""B (25)"", ""color"": ""#db2777"" } },   ""zones"": { ""left"": [""20""], ""center"": [""10""], ""right"": [""15""], ""outside"": [""k""] },   ""questions"": [     {       ""interaction"": ""DIAGRAM_FILL"",       ""prompt"": ""<b>Phase 1:</b> P=30, B=25, Both=10. Fill Only regions."",       ""inputs"": [         { ""region"": ""left"", ""expected"": ""20"" },         { ""region"": ""right"", ""expected"": ""15"" },         { ""region"": ""center"", ""expected"": ""10"" }       ]     },     {       ""type"": ""ALGEBRA_SOLVE"",       ""targetRegion"": ""universal_only"",       ""equation_target"": 50,       ""expected_x"": 5,       ""prompt"": ""<b>Phase 2:</b> Total = 50. Find <b>k</b> (Neither)."",       ""hint"": ""20 + 10 + 15 + k = 50.""     },     {       ""retain_visuals"": true,       ""type"": ""COUNT_SUM"",       ""targetRegion"": ""left_only"",       ""prompt"": ""Find <span style='color:#7c3aed'>n(P - B)</span> (Physics Only)."",       ""hint"": ""This is the region you calculated as 20.""     }   ] }",08-005.json,quest_08_application_of_sets
08-005_Q3,T1,Difference of Sets,Quest 8-005: Science Project,E,Simulation,,3,Find n(P - B) (Physics Only).,,,,,,This is the region you calculated as 20.,,,[],SET_THEORY,quiz,content/math/set_theory/quest_08_application_of_sets/08-005.json,,No,,5,"{   ""engineType"": ""SET_THEORY"",   ""mode"": ""quiz"",   ""subject"": ""MATH"",   ""topic"": ""Difference of Sets"",   ""variantTitle"": ""Quest 8-005: Science Project"",   ""sets"": { ""A"": { ""label"": ""P (30)"", ""color"": ""#7c3aed"" }, ""B"": { ""label"": ""B (25)"", ""color"": ""#db2777"" } },   ""zones"": { ""left"": [""20""], ""center"": [""10""], ""right"": [""15""], ""outside"": [""k""] },   ""questions"": [     {       ""interaction"": ""DIAGRAM_FILL"",       ""prompt"": ""<b>Phase 1:</b> P=30, B=25, Both=10. Fill Only regions."",       ""inputs"": [         { ""region"": ""left"", ""expected"": ""20"" },         { ""region"": ""right"", ""expected"": ""15"" },         { ""region"": ""center"", ""expected"": ""10"" }       ]     },     {       ""type"": ""ALGEBRA_SOLVE"",       ""targetRegion"": ""universal_only"",       ""equation_target"": 50,       ""expected_x"": 5,       ""prompt"": ""<b>Phase 2:</b> Total = 50. Find <b>k</b> (Neither)."",       ""hint"": ""20 + 10 + 15 + k = 50.""     },     {       ""retain_visuals"": true,       ""type"": ""COUNT_SUM"",       ""targetRegion"": ""left_only"",       ""prompt"": ""Find <span style='color:#7c3aed'>n(P - B)</span> (Physics Only)."",       ""hint"": ""This is the region you calculated as 20.""     }   ] }",08-005.json,quest_08_application_of_sets
08-006_Q1,T1,Ratio Word Problems,Quest 8-006: Farm Ratios,E,Simulation,,1,"Total=40. G=2x, C=x. Both=5, Neither=5. Find x.",,,,,,(2x-5) + 5 + (x-5) + 5 = 40 -> 3x = 45,,,[],SET_THEORY,quiz,content/math/set_theory/quest_08_application_of_sets/08-006.json,,No,,5,"{   ""engineType"": ""SET_THEORY"",   ""mode"": ""quiz"",   ""subject"": ""MATH"",   ""topic"": ""Ratio Word Problems"",   ""variantTitle"": ""Quest 8-006: Farm Ratios"",   ""sets"": { ""A"": { ""label"": ""G (2x)"", ""color"": ""#10b981"" }, ""B"": { ""label"": ""C (x)"", ""color"": ""#f59e0b"" } },   ""zones"": { ""left"": [""2x-5""], ""center"": [""5""], ""right"": [""x-5""], ""outside"": [""5""] },   ""questions"": [     {       ""type"": ""ALGEBRA_SOLVE"",       ""targetRegion"": ""union"",       ""equation_target"": 40,       ""expected_x"": 15,       ""prompt"": ""Total=40. G=2x, C=x. Both=5, Neither=5. Find <b>x</b>."",       ""hint"": ""(2x-5) + 5 + (x-5) + 5 = 40 -> 3x = 45""     },     {       ""retain_visuals"": true,       ""type"": ""COUNT_SUM"",       ""targetRegion"": ""right_total"",       ""x_val"": 15,       ""prompt"": ""How many have <b>Cows</b>?"",       ""hint"": ""n(C) = x = 15.""     }   ] }",08-006.json,quest_08_application_of_sets
08-006_Q2,T1,Ratio Word Problems,Quest 8-006: Farm Ratios,E,Simulation,,2,How many have Cows?,,,,,,n(C) = x = 15.,,,[],SET_THEORY,quiz,content/math/set_theory/quest_08_application_of_sets/08-006.json,,No,,5,"{   ""engineType"": ""SET_THEORY"",   ""mode"": ""quiz"",   ""subject"": ""MATH"",   ""topic"": ""Ratio Word Problems"",   ""variantTitle"": ""Quest 8-006: Farm Ratios"",   ""sets"": { ""A"": { ""label"": ""G (2x)"", ""color"": ""#10b981"" }, ""B"": { ""label"": ""C (x)"", ""color"": ""#f59e0b"" } },   ""zones"": { ""left"": [""2x-5""], ""center"": [""5""], ""right"": [""x-5""], ""outside"": [""5""] },   ""questions"": [     {       ""type"": ""ALGEBRA_SOLVE"",       ""targetRegion"": ""union"",       ""equation_target"": 40,       ""expected_x"": 15,       ""prompt"": ""Total=40. G=2x, C=x. Both=5, Neither=5. Find <b>x</b>."",       ""hint"": ""(2x-5) + 5 + (x-5) + 5 = 40 -> 3x = 45""     },     {       ""retain_visuals"": true,       ""type"": ""COUNT_SUM"",       ""targetRegion"": ""right_total"",       ""x_val"": 15,       ""prompt"": ""How many have <b>Cows</b>?"",       ""hint"": ""n(C) = x = 15.""     }   ] }",08-006.json,quest_08_application_of_sets
08-007_Q1,T1,Algebraic Word Problems,Quest 8-007: Sports Algebra,E,Simulation,,1,Phase 1: n(F)=25. V-only equals Both (x). Neither is 5.,,,,,,,,,[],SET_THEORY,quiz,content/math/set_theory/quest_08_application_of_sets/08-007.json,,No,,5,"{   ""engineType"": ""SET_THEORY"",   ""mode"": ""quiz"",   ""subject"": ""MATH"",   ""topic"": ""Algebraic Word Problems"",   ""variantTitle"": ""Quest 8-007: Sports Algebra"",   ""sets"": { ""A"": { ""label"": ""F (25)"", ""color"": ""#16a34a"" }, ""B"": { ""label"": ""V"", ""color"": ""#f59e0b"" } },   ""zones"": { ""left"": [""25-x""], ""center"": [""x""], ""right"": [""x""], ""outside"": [""5""] },    ""questions"": [     {       ""interaction"": ""DIAGRAM_FILL"",       ""prompt"": ""<b>Phase 1:</b> n(F)=25. V-only equals Both (x). Neither is 5."",       ""inputs"": [         { ""region"": ""left"", ""expected"": ""25-x"" },         { ""region"": ""right"", ""expected"": ""x"" },         { ""region"": ""center"", ""expected"": ""x"" },         { ""region"": ""outside"", ""expected"": ""5"" }       ]     },     {       ""type"": ""ALGEBRA_SOLVE"",       ""targetRegion"": ""union"",        ""equation_target"": 40,       ""expected_x"": 10,       ""prompt"": ""<b>Phase 2:</b> Total students = 40. Find <b>x</b>."",       ""hint"": ""(Left Total) + (Right Only) + Outside = 40. So 25 + x + 5 = 40.""     },     {       ""retain_visuals"": true,       ""type"": ""COUNT_SUM"",       ""targetRegion"": ""right_total"",       ""x_val"": 10,       ""prompt"": ""Find Total Volleyball players."",       ""hint"": ""Intersection (10) + V Only (10) = 20.""     }   ] }",08-007.json,quest_08_application_of_sets
08-007_Q2,T1,Algebraic Word Problems,Quest 8-007: Sports Algebra,E,Simulation,,2,Phase 2: Total students = 40. Find x.,,,,,,(Left Total) + (Right Only) + Outside = 40. So 25 + x + 5 = 40.,,,[],SET_THEORY,quiz,content/math/set_theory/quest_08_application_of_sets/08-007.json,,No,,5,"{   ""engineType"": ""SET_THEORY"",   ""mode"": ""quiz"",   ""subject"": ""MATH"",   ""topic"": ""Algebraic Word Problems"",   ""variantTitle"": ""Quest 8-007: Sports Algebra"",   ""sets"": { ""A"": { ""label"": ""F (25)"", ""color"": ""#16a34a"" }, ""B"": { ""label"": ""V"", ""color"": ""#f59e0b"" } },   ""zones"": { ""left"": [""25-x""], ""center"": [""x""], ""right"": [""x""], ""outside"": [""5""] },    ""questions"": [     {       ""interaction"": ""DIAGRAM_FILL"",       ""prompt"": ""<b>Phase 1:</b> n(F)=25. V-only equals Both (x). Neither is 5."",       ""inputs"": [         { ""region"": ""left"", ""expected"": ""25-x"" },         { ""region"": ""right"", ""expected"": ""x"" },         { ""region"": ""center"", ""expected"": ""x"" },         { ""region"": ""outside"", ""expected"": ""5"" }       ]     },     {       ""type"": ""ALGEBRA_SOLVE"",       ""targetRegion"": ""union"",        ""equation_target"": 40,       ""expected_x"": 10,       ""prompt"": ""<b>Phase 2:</b> Total students = 40. Find <b>x</b>."",       ""hint"": ""(Left Total) + (Right Only) + Outside = 40. So 25 + x + 5 = 40.""     },     {       ""retain_visuals"": true,       ""type"": ""COUNT_SUM"",       ""targetRegion"": ""right_total"",       ""x_val"": 10,       ""prompt"": ""Find Total Volleyball players."",       ""hint"": ""Intersection (10) + V Only (10) = 20.""     }   ] }",08-007.json,quest_08_application_of_sets
08-007_Q3,T1,Algebraic Word Problems,Quest 8-007: Sports Algebra,E,Simulation,,3,Find Total Volleyball players.,,,,,,Intersection (10) + V Only (10) = 20.,,,[],SET_THEORY,quiz,content/math/set_theory/quest_08_application_of_sets/08-007.json,,No,,5,"{   ""engineType"": ""SET_THEORY"",   ""mode"": ""quiz"",   ""subject"": ""MATH"",   ""topic"": ""Algebraic Word Problems"",   ""variantTitle"": ""Quest 8-007: Sports Algebra"",   ""sets"": { ""A"": { ""label"": ""F (25)"", ""color"": ""#16a34a"" }, ""B"": { ""label"": ""V"", ""color"": ""#f59e0b"" } },   ""zones"": { ""left"": [""25-x""], ""center"": [""x""], ""right"": [""x""], ""outside"": [""5""] },    ""questions"": [     {       ""interaction"": ""DIAGRAM_FILL"",       ""prompt"": ""<b>Phase 1:</b> n(F)=25. V-only equals Both (x). Neither is 5."",       ""inputs"": [         { ""region"": ""left"", ""expected"": ""25-x"" },         { ""region"": ""right"", ""expected"": ""x"" },         { ""region"": ""center"", ""expected"": ""x"" },         { ""region"": ""outside"", ""expected"": ""5"" }       ]     },     {       ""type"": ""ALGEBRA_SOLVE"",       ""targetRegion"": ""union"",        ""equation_target"": 40,       ""expected_x"": 10,       ""prompt"": ""<b>Phase 2:</b> Total students = 40. Find <b>x</b>."",       ""hint"": ""(Left Total) + (Right Only) + Outside = 40. So 25 + x + 5 = 40.""     },     {       ""retain_visuals"": true,       ""type"": ""COUNT_SUM"",       ""targetRegion"": ""right_total"",       ""x_val"": 10,       ""prompt"": ""Find Total Volleyball players."",       ""hint"": ""Intersection (10) + V Only (10) = 20.""     }   ] }",08-007.json,quest_08_application_of_sets
08-008_Q1,T1,Ratio Problems,Quest 8-008: Debate Club,E,Simulation,,1,Phase 1: S-only is 3x. D-only is 2x. Both is x.,,,,,,,,,[],SET_THEORY,quiz,content/math/set_theory/quest_08_application_of_sets/08-008.json,,No,,5,"{   ""engineType"": ""SET_THEORY"",   ""mode"": ""quiz"",   ""subject"": ""MATH"",   ""topic"": ""Ratio Problems"",   ""variantTitle"": ""Quest 8-008: Debate Club"",   ""sets"": { ""A"": { ""label"": ""S"", ""color"": ""#9333ea"" }, ""B"": { ""label"": ""D"", ""color"": ""#db2777"" } },   ""zones"": { ""left"": [""3x""], ""center"": [""x""], ""right"": [""2x""], ""outside"": [""0""] },    ""questions"": [     {       ""interaction"": ""DIAGRAM_FILL"",       ""prompt"": ""<b>Phase 1:</b> S-only is 3x. D-only is 2x. Both is x."",       ""inputs"": [         { ""region"": ""left"", ""expected"": ""3x"" },         { ""region"": ""right"", ""expected"": ""2x"" },         { ""region"": ""center"", ""expected"": ""x"" }       ]     },     {       ""type"": ""ALGEBRA_SOLVE"",       ""targetRegion"": ""union"",        ""equation_target"": 60,       ""expected_x"": 10,       ""prompt"": ""<b>Phase 2:</b> Total students = 60. Find <b>x</b>."",       ""hint"": ""3x + x + 2x = 60 -> 6x = 60""     },     {       ""retain_visuals"": true,       ""type"": ""ALGEBRA_SUBSTITUTE"",       ""targetRegion"": ""left_total"",       ""x_val"": 10,       ""expression"": ""4x"",       ""prompt"": ""Find Total Speakers n(S)."",       ""hint"": ""S Only + Both = 3x + x = 4x.""     }   ] }",08-008.json,quest_08_application_of_sets
08-008_Q2,T1,Ratio Problems,Quest 8-008: Debate Club,E,Simulation,,2,Phase 2: Total students = 60. Find x.,,,,,,3x + x + 2x = 60 -> 6x = 60,,,[],SET_THEORY,quiz,content/math/set_theory/quest_08_application_of_sets/08-008.json,,No,,5,"{   ""engineType"": ""SET_THEORY"",   ""mode"": ""quiz"",   ""subject"": ""MATH"",   ""topic"": ""Ratio Problems"",   ""variantTitle"": ""Quest 8-008: Debate Club"",   ""sets"": { ""A"": { ""label"": ""S"", ""color"": ""#9333ea"" }, ""B"": { ""label"": ""D"", ""color"": ""#db2777"" } },   ""zones"": { ""left"": [""3x""], ""center"": [""x""], ""right"": [""2x""], ""outside"": [""0""] },    ""questions"": [     {       ""interaction"": ""DIAGRAM_FILL"",       ""prompt"": ""<b>Phase 1:</b> S-only is 3x. D-only is 2x. Both is x."",       ""inputs"": [         { ""region"": ""left"", ""expected"": ""3x"" },         { ""region"": ""right"", ""expected"": ""2x"" },         { ""region"": ""center"", ""expected"": ""x"" }       ]     },     {       ""type"": ""ALGEBRA_SOLVE"",       ""targetRegion"": ""union"",        ""equation_target"": 60,       ""expected_x"": 10,       ""prompt"": ""<b>Phase 2:</b> Total students = 60. Find <b>x</b>."",       ""hint"": ""3x + x + 2x = 60 -> 6x = 60""     },     {       ""retain_visuals"": true,       ""type"": ""ALGEBRA_SUBSTITUTE"",       ""targetRegion"": ""left_total"",       ""x_val"": 10,       ""expression"": ""4x"",       ""prompt"": ""Find Total Speakers n(S)."",       ""hint"": ""S Only + Both = 3x + x = 4x.""     }   ] }",08-008.json,quest_08_application_of_sets
08-008_Q3,T1,Ratio Problems,Quest 8-008: Debate Club,E,Simulation,,3,Find Total Speakers n(S).,,,,,,S Only + Both = 3x + x = 4x.,,,[],SET_THEORY,quiz,content/math/set_theory/quest_08_application_of_sets/08-008.json,,No,,5,"{   ""engineType"": ""SET_THEORY"",   ""mode"": ""quiz"",   ""subject"": ""MATH"",   ""topic"": ""Ratio Problems"",   ""variantTitle"": ""Quest 8-008: Debate Club"",   ""sets"": { ""A"": { ""label"": ""S"", ""color"": ""#9333ea"" }, ""B"": { ""label"": ""D"", ""color"": ""#db2777"" } },   ""zones"": { ""left"": [""3x""], ""center"": [""x""], ""right"": [""2x""], ""outside"": [""0""] },    ""questions"": [     {       ""interaction"": ""DIAGRAM_FILL"",       ""prompt"": ""<b>Phase 1:</b> S-only is 3x. D-only is 2x. Both is x."",       ""inputs"": [         { ""region"": ""left"", ""expected"": ""3x"" },         { ""region"": ""right"", ""expected"": ""2x"" },         { ""region"": ""center"", ""expected"": ""x"" }       ]     },     {       ""type"": ""ALGEBRA_SOLVE"",       ""targetRegion"": ""union"",        ""equation_target"": 60,       ""expected_x"": 10,       ""prompt"": ""<b>Phase 2:</b> Total students = 60. Find <b>x</b>."",       ""hint"": ""3x + x + 2x = 60 -> 6x = 60""     },     {       ""retain_visuals"": true,       ""type"": ""ALGEBRA_SUBSTITUTE"",       ""targetRegion"": ""left_total"",       ""x_val"": 10,       ""expression"": ""4x"",       ""prompt"": ""Find Total Speakers n(S)."",       ""hint"": ""S Only + Both = 3x + x = 4x.""     }   ] }",08-008.json,quest_08_application_of_sets
08-009_Q1,T1,Logic Applications,Quest 8-009: Voting,E,Simulation,,1,"A=60, B=50, Both=20, Invalid=10. Fill diagram.",,,,,,,,,[],SET_THEORY,quiz,content/math/set_theory/quest_08_application_of_sets/08-009.json,,No,,5,"{   ""engineType"": ""SET_THEORY"",   ""mode"": ""quiz"",   ""subject"": ""MATH"",   ""topic"": ""Logic Applications"",   ""variantTitle"": ""Quest 8-009: Voting"",   ""sets"": { ""A"": { ""label"": ""A (60)"", ""color"": ""#9333ea"" }, ""B"": { ""label"": ""B (50)"", ""color"": ""#db2777"" } },   ""zones"": { ""left"": [""40""], ""center"": [""20""], ""right"": [""30""], ""outside"": [""10""] },   ""questions"": [     {       ""interaction"": ""DIAGRAM_FILL"",       ""prompt"": ""A=60, B=50, Both=20, Invalid=10. Fill diagram."",       ""inputs"": [         { ""region"": ""left"", ""expected"": ""40"" },         { ""region"": ""right"", ""expected"": ""30"" },         { ""region"": ""outside"", ""expected"": ""10"" }       ]     },     {       ""type"": ""COUNT_SUM"",        ""targetRegion"": ""universal_only"",        ""x_val"": 0,       ""expression"": ""30+10"",       ""prompt"": ""How many did <b>NOT</b> vote for A?"",       ""hint"": ""(B Only) + (Invalid) = 30 + 10.""     }   ] }",08-009.json,quest_08_application_of_sets
08-009_Q2,T1,Logic Applications,Quest 8-009: Voting,E,Simulation,,2,How many did NOT vote for A?,,,,,,(B Only) + (Invalid) = 30 + 10.,,,[],SET_THEORY,quiz,content/math/set_theory/quest_08_application_of_sets/08-009.json,,No,,5,"{   ""engineType"": ""SET_THEORY"",   ""mode"": ""quiz"",   ""subject"": ""MATH"",   ""topic"": ""Logic Applications"",   ""variantTitle"": ""Quest 8-009: Voting"",   ""sets"": { ""A"": { ""label"": ""A (60)"", ""color"": ""#9333ea"" }, ""B"": { ""label"": ""B (50)"", ""color"": ""#db2777"" } },   ""zones"": { ""left"": [""40""], ""center"": [""20""], ""right"": [""30""], ""outside"": [""10""] },   ""questions"": [     {       ""interaction"": ""DIAGRAM_FILL"",       ""prompt"": ""A=60, B=50, Both=20, Invalid=10. Fill diagram."",       ""inputs"": [         { ""region"": ""left"", ""expected"": ""40"" },         { ""region"": ""right"", ""expected"": ""30"" },         { ""region"": ""outside"", ""expected"": ""10"" }       ]     },     {       ""type"": ""COUNT_SUM"",        ""targetRegion"": ""universal_only"",        ""x_val"": 0,       ""expression"": ""30+10"",       ""prompt"": ""How many did <b>NOT</b> vote for A?"",       ""hint"": ""(B Only) + (Invalid) = 30 + 10.""     }   ] }",08-009.json,quest_08_application_of_sets
08-010_Q1,T1,Application of Sets,Quest 8-010: Music Fest,E,Simulation,,1,Total=100. Neither=10. Find x (Both).,,,,,,(60-x) + x + (50-x) + 10 = 100 -> 120 - x = 100.,,,[],SET_THEORY,quiz,content/math/set_theory/quest_08_application_of_sets/08-010.json,,No,,5,"{   ""engineType"": ""SET_THEORY"",   ""mode"": ""quiz"",   ""subject"": ""MATH"",   ""topic"": ""Application of Sets"",   ""variantTitle"": ""Quest 8-010: Music Fest"",   ""sets"": { ""A"": { ""label"": ""R (60)"", ""color"": ""#16a34a"" }, ""B"": { ""label"": ""J (50)"", ""color"": ""#ea580c"" } },   ""zones"": { ""left"": [""60-x""], ""center"": [""x""], ""right"": [""50-x""], ""outside"": [""10""] },   ""questions"": [     {       ""type"": ""ALGEBRA_SOLVE"",       ""targetRegion"": ""union"",       ""equation_target"": 100,       ""expected_x"": 20,       ""prompt"": ""Total=100. Neither=10. Find <b>x</b> (Both)."",       ""hint"": ""(60-x) + x + (50-x) + 10 = 100 -> 120 - x = 100.""     },     {       ""retain_visuals"": true,       ""type"": ""COUNT_SUM"",       ""targetRegion"": ""symmetric_difference"",       ""x_val"": 20,       ""prompt"": ""How many like <b>only one</b> type of music?"",       ""hint"": ""R Only (40) + J Only (30).""     }   ] }",08-010.json,quest_08_application_of_sets
08-010_Q2,T1,Application of Sets,Quest 8-010: Music Fest,E,Simulation,,2,How many like only one type of music?,,,,,,R Only (40) + J Only (30).,,,[],SET_THEORY,quiz,content/math/set_theory/quest_08_application_of_sets/08-010.json,,No,,5,"{   ""engineType"": ""SET_THEORY"",   ""mode"": ""quiz"",   ""subject"": ""MATH"",   ""topic"": ""Application of Sets"",   ""variantTitle"": ""Quest 8-010: Music Fest"",   ""sets"": { ""A"": { ""label"": ""R (60)"", ""color"": ""#16a34a"" }, ""B"": { ""label"": ""J (50)"", ""color"": ""#ea580c"" } },   ""zones"": { ""left"": [""60-x""], ""center"": [""x""], ""right"": [""50-x""], ""outside"": [""10""] },   ""questions"": [     {       ""type"": ""ALGEBRA_SOLVE"",       ""targetRegion"": ""union"",       ""equation_target"": 100,       ""expected_x"": 20,       ""prompt"": ""Total=100. Neither=10. Find <b>x</b> (Both)."",       ""hint"": ""(60-x) + x + (50-x) + 10 = 100 -> 120 - x = 100.""     },     {       ""retain_visuals"": true,       ""type"": ""COUNT_SUM"",       ""targetRegion"": ""symmetric_difference"",       ""x_val"": 20,       ""prompt"": ""How many like <b>only one</b> type of music?"",       ""hint"": ""R Only (40) + J Only (30).""     }   ] }",08-010.json,quest_08_application_of_sets
08-011_Q1,T1,Medical Sets,Quest 8-011: Clinic Logic,E,Simulation,,1,Total = 50. Find x (Both).,,,,,,(30-x) + x + (25-x) + 5 = 50 -> 60 - x = 50.,,,[],SET_THEORY,quiz,content/math/set_theory/quest_08_application_of_sets/08-011.json,,No,,5,"{   ""engineType"": ""SET_THEORY"",   ""mode"": ""quiz"",   ""subject"": ""MATH"",   ""topic"": ""Medical Sets"",   ""variantTitle"": ""Quest 8-011: Clinic Logic"",   ""sets"": { ""A"": { ""label"": ""M (30)"", ""color"": ""#dc2626"" }, ""B"": { ""label"": ""T (25)"", ""color"": ""#0891b2"" } },   ""zones"": { ""left"": [""30-x""], ""center"": [""x""], ""right"": [""25-x""], ""outside"": [""5""] },   ""questions"": [     {       ""type"": ""ALGEBRA_SOLVE"",       ""targetRegion"": ""union"",       ""equation_target"": 50,       ""expected_x"": 10,       ""prompt"": ""Total = 50. Find <b>x</b> (Both)."",       ""hint"": ""(30-x) + x + (25-x) + 5 = 50 -> 60 - x = 50.""     },     {       ""retain_visuals"": true,       ""type"": ""ALGEBRA_SUBSTITUTE"",       ""targetRegion"": ""left_only"",       ""x_val"": 10,       ""expression"": ""30-x"",       ""prompt"": ""How many have <b>Malaria Only</b>?"",       ""hint"": ""30 - 10 = 20.""     }   ] }",08-011.json,quest_08_application_of_sets
08-011_Q2,T1,Medical Sets,Quest 8-011: Clinic Logic,E,Simulation,,2,How many have Malaria Only?,,,,,,30 - 10 = 20.,,,[],SET_THEORY,quiz,content/math/set_theory/quest_08_application_of_sets/08-011.json,,No,,5,"{   ""engineType"": ""SET_THEORY"",   ""mode"": ""quiz"",   ""subject"": ""MATH"",   ""topic"": ""Medical Sets"",   ""variantTitle"": ""Quest 8-011: Clinic Logic"",   ""sets"": { ""A"": { ""label"": ""M (30)"", ""color"": ""#dc2626"" }, ""B"": { ""label"": ""T (25)"", ""color"": ""#0891b2"" } },   ""zones"": { ""left"": [""30-x""], ""center"": [""x""], ""right"": [""25-x""], ""outside"": [""5""] },   ""questions"": [     {       ""type"": ""ALGEBRA_SOLVE"",       ""targetRegion"": ""union"",       ""equation_target"": 50,       ""expected_x"": 10,       ""prompt"": ""Total = 50. Find <b>x</b> (Both)."",       ""hint"": ""(30-x) + x + (25-x) + 5 = 50 -> 60 - x = 50.""     },     {       ""retain_visuals"": true,       ""type"": ""ALGEBRA_SUBSTITUTE"",       ""targetRegion"": ""left_only"",       ""x_val"": 10,       ""expression"": ""30-x"",       ""prompt"": ""How many have <b>Malaria Only</b>?"",       ""hint"": ""30 - 10 = 20.""     }   ] }",08-011.json,quest_08_application_of_sets
08-012_Q1,T1,Overlap Logic,Quest 8-012: The Debate,E,Simulation,,1,Total=100. Neither=5. Find x (Both).,,,,,,70 + 40 - x + 5 = 100 -> 115 - x = 100.,,,[],SET_THEORY,quiz,content/math/set_theory/quest_08_application_of_sets/08-012.json,,No,,5,"{   ""engineType"": ""SET_THEORY"",   ""mode"": ""quiz"",   ""subject"": ""MATH"",   ""topic"": ""Overlap Logic"",   ""variantTitle"": ""Quest 8-012: The Debate"",   ""sets"": { ""A"": { ""label"": ""P (70)"", ""color"": ""#16a34a"" }, ""B"": { ""label"": ""A (40)"", ""color"": ""#dc2626"" } },   ""zones"": { ""left"": [""70-x""], ""center"": [""x""], ""right"": [""40-x""], ""outside"": [""5""] },    ""questions"": [     {       ""type"": ""ALGEBRA_SOLVE"",       ""targetRegion"": ""intersection"",       ""equation_target"": 100,       ""expected_x"": 15,       ""prompt"": ""Total=100. Neither=5. Find <b>x</b> (Both)."",       ""hint"": ""70 + 40 - x + 5 = 100 -> 115 - x = 100.""     }   ] }",08-012.json,quest_08_application_of_sets
08-013_Q1,T1,Ratio Logic,Quest 8-013: Science Ratios,E,Simulation,,1,Total=80. P-only is twice C-only (x). Both=10. Outside=10.,,,,,,2x + 10 + x + 10 = 80 -> 3x = 60.,,,[],SET_THEORY,quiz,content/math/set_theory/quest_08_application_of_sets/08-013.json,,No,,5,"{   ""engineType"": ""SET_THEORY"",   ""mode"": ""quiz"",   ""subject"": ""MATH"",   ""topic"": ""Ratio Logic"",   ""variantTitle"": ""Quest 8-013: Science Ratios"",   ""sets"": { ""A"": { ""label"": ""P"", ""color"": ""#7c3aed"" }, ""B"": { ""label"": ""C"", ""color"": ""#db2777"" } },   ""zones"": { ""left"": [""2x""], ""center"": [""10""], ""right"": [""x""], ""outside"": [""10""] },    ""questions"": [     {       ""type"": ""ALGEBRA_SOLVE"",       ""targetRegion"": ""union"",        ""equation_target"": 80,       ""expected_x"": 20,       ""prompt"": ""Total=80. P-only is twice C-only (x). Both=10. Outside=10."",       ""hint"": ""2x + 10 + x + 10 = 80 -> 3x = 60.""     },     {       ""retain_visuals"": true,       ""type"": ""COUNT_SUM"",       ""targetRegion"": ""left_total"",       ""x_val"": 20,       ""prompt"": ""Find Total Physics Students."",       ""hint"": ""2x + 10 = 40 + 10 = 50.""     }   ] }",08-013.json,quest_08_application_of_sets
08-013_Q2,T1,Ratio Logic,Quest 8-013: Science Ratios,E,Simulation,,2,Find Total Physics Students.,,,,,,2x + 10 = 40 + 10 = 50.,,,[],SET_THEORY,quiz,content/math/set_theory/quest_08_application_of_sets/08-013.json,,No,,5,"{   ""engineType"": ""SET_THEORY"",   ""mode"": ""quiz"",   ""subject"": ""MATH"",   ""topic"": ""Ratio Logic"",   ""variantTitle"": ""Quest 8-013: Science Ratios"",   ""sets"": { ""A"": { ""label"": ""P"", ""color"": ""#7c3aed"" }, ""B"": { ""label"": ""C"", ""color"": ""#db2777"" } },   ""zones"": { ""left"": [""2x""], ""center"": [""10""], ""right"": [""x""], ""outside"": [""10""] },    ""questions"": [     {       ""type"": ""ALGEBRA_SOLVE"",       ""targetRegion"": ""union"",        ""equation_target"": 80,       ""expected_x"": 20,       ""prompt"": ""Total=80. P-only is twice C-only (x). Both=10. Outside=10."",       ""hint"": ""2x + 10 + x + 10 = 80 -> 3x = 60.""     },     {       ""retain_visuals"": true,       ""type"": ""COUNT_SUM"",       ""targetRegion"": ""left_total"",       ""x_val"": 20,       ""prompt"": ""Find Total Physics Students."",       ""hint"": ""2x + 10 = 40 + 10 = 50.""     }   ] }",08-013.json,quest_08_application_of_sets
08-014_Q1,T1,Word Problems,Quest 8-014: Drink Survey,E,Simulation,,1,Total=80. Outside is 2x. Find x (Both).,,,,,,(40-x) + x + (30-x) + 2x = 80 -> 70 + x = 80.,,,[],SET_THEORY,quiz,content/math/set_theory/quest_08_application_of_sets/08-014.json,,No,,5,"{   ""engineType"": ""SET_THEORY"",   ""mode"": ""quiz"",   ""subject"": ""MATH"",   ""topic"": ""Word Problems"",   ""variantTitle"": ""Quest 8-014: Drink Survey"",   ""sets"": { ""A"": { ""label"": ""C (40)"", ""color"": ""#7c3aed"" }, ""B"": { ""label"": ""T (30)"", ""color"": ""#db2777"" } },   ""zones"": { ""left"": [""40-x""], ""center"": [""x""], ""right"": [""30-x""], ""outside"": [""2x""] },   ""questions"": [     {       ""type"": ""ALGEBRA_SOLVE"",       ""targetRegion"": ""universal_only"",       ""equation_target"": 80,       ""expected_x"": 10,       ""prompt"": ""Total=80. Outside is 2x. Find <b>x</b> (Both)."",       ""hint"": ""(40-x) + x + (30-x) + 2x = 80 -> 70 + x = 80.""     },     {       ""retain_visuals"": true,       ""type"": ""COUNT_SUM"",       ""targetRegion"": ""universal_only"",       ""x_val"": 10,       ""prompt"": ""How many drink <b>Neither</b>?"",       ""hint"": ""2x = 20.""     }   ] }",08-014.json,quest_08_application_of_sets
08-014_Q2,T1,Word Problems,Quest 8-014: Drink Survey,E,Simulation,,2,How many drink Neither?,,,,,,2x = 20.,,,[],SET_THEORY,quiz,content/math/set_theory/quest_08_application_of_sets/08-014.json,,No,,5,"{   ""engineType"": ""SET_THEORY"",   ""mode"": ""quiz"",   ""subject"": ""MATH"",   ""topic"": ""Word Problems"",   ""variantTitle"": ""Quest 8-014: Drink Survey"",   ""sets"": { ""A"": { ""label"": ""C (40)"", ""color"": ""#7c3aed"" }, ""B"": { ""label"": ""T (30)"", ""color"": ""#db2777"" } },   ""zones"": { ""left"": [""40-x""], ""center"": [""x""], ""right"": [""30-x""], ""outside"": [""2x""] },   ""questions"": [     {       ""type"": ""ALGEBRA_SOLVE"",       ""targetRegion"": ""universal_only"",       ""equation_target"": 80,       ""expected_x"": 10,       ""prompt"": ""Total=80. Outside is 2x. Find <b>x</b> (Both)."",       ""hint"": ""(40-x) + x + (30-x) + 2x = 80 -> 70 + x = 80.""     },     {       ""retain_visuals"": true,       ""type"": ""COUNT_SUM"",       ""targetRegion"": ""universal_only"",       ""x_val"": 10,       ""prompt"": ""How many drink <b>Neither</b>?"",       ""hint"": ""2x = 20.""     }   ] }",08-014.json,quest_08_application_of_sets
08-015_Q1,T1,Algebraic Difference,Quest 8-015: Sports Diff,E,Simulation,,1,Total=60. n(F)=40. R-only=x. Outside=x+10. Find x.,,,,,,40 + x + (x+10) = 60 -> 2x + 50 = 60.,,,[],SET_THEORY,quiz,content/math/set_theory/quest_08_application_of_sets/08-015.json,,No,,5,"{   ""engineType"": ""SET_THEORY"",   ""mode"": ""quiz"",   ""subject"": ""MATH"",   ""topic"": ""Algebraic Difference"",   ""variantTitle"": ""Quest 8-015: Sports Diff"",   ""sets"": { ""A"": { ""label"": ""F (40)"", ""color"": ""#16a34a"" }, ""B"": { ""label"": ""R"", ""color"": ""#f59e0b"" } },   ""zones"": { ""left"": [""30""], ""center"": [""10""], ""right"": [""x""], ""outside"": [""x+10""] },   ""questions"": [     {       ""type"": ""ALGEBRA_SOLVE"",       ""targetRegion"": ""union"",       ""equation_target"": 60,       ""expected_x"": 5,       ""prompt"": ""Total=60. n(F)=40. R-only=x. Outside=x+10. Find <b>x</b>."",       ""hint"": ""40 + x + (x+10) = 60 -> 2x + 50 = 60.""     }   ] }",08-015.json,quest_08_application_of_sets
08-016_Q1,T1,Logic,Quest 8-016: Party Invite,E,Simulation,,1,How many guests took at least one item?,,,,,,Union of Tea and Cake. 20 + 15 + 10.,,,[],SET_THEORY,quiz,content/math/set_theory/quest_08_application_of_sets/08-016.json,,No,,5,"{   ""engineType"": ""SET_THEORY"",   ""mode"": ""quiz"",   ""subject"": ""MATH"",   ""topic"": ""Logic"",   ""variantTitle"": ""Quest 8-016: Party Invite"",   ""sets"": { ""A"": { ""label"": ""Tea"", ""color"": ""#16a34a"" }, ""B"": { ""label"": ""Cake"", ""color"": ""#d97706"" } },   ""zones"": { ""left"": [20], ""center"": [15], ""right"": [10], ""outside"": [5] },   ""questions"": [     {       ""type"": ""COUNT_SUM"",       ""targetRegion"": ""union"",       ""prompt"": ""How many guests took <b>at least one</b> item?"",       ""hint"": ""Union of Tea and Cake. 20 + 15 + 10.""     },     {       ""retain_visuals"": true,       ""type"": ""COUNT_SUM"",       ""targetRegion"": ""left_total"",        ""prompt"": ""How many guests in Total?"",       ""hint"": ""Union (45) + Neither (5) = 50.""     }   ] }",08-016.json,quest_08_application_of_sets
08-016_Q2,T1,Logic,Quest 8-016: Party Invite,E,Simulation,,2,How many guests in Total?,,,,,,Union (45) + Neither (5) = 50.,,,[],SET_THEORY,quiz,content/math/set_theory/quest_08_application_of_sets/08-016.json,,No,,5,"{   ""engineType"": ""SET_THEORY"",   ""mode"": ""quiz"",   ""subject"": ""MATH"",   ""topic"": ""Logic"",   ""variantTitle"": ""Quest 8-016: Party Invite"",   ""sets"": { ""A"": { ""label"": ""Tea"", ""color"": ""#16a34a"" }, ""B"": { ""label"": ""Cake"", ""color"": ""#d97706"" } },   ""zones"": { ""left"": [20], ""center"": [15], ""right"": [10], ""outside"": [5] },   ""questions"": [     {       ""type"": ""COUNT_SUM"",       ""targetRegion"": ""union"",       ""prompt"": ""How many guests took <b>at least one</b> item?"",       ""hint"": ""Union of Tea and Cake. 20 + 15 + 10.""     },     {       ""retain_visuals"": true,       ""type"": ""COUNT_SUM"",       ""targetRegion"": ""left_total"",        ""prompt"": ""How many guests in Total?"",       ""hint"": ""Union (45) + Neither (5) = 50.""     }   ] }",08-016.json,quest_08_application_of_sets
08-017_Q1,T1,Visual Sums,Quest 8-024: Click to Sum,E,Simulation,,1,Tap regions to find total Mathematics (M).,,,,,,Select 'M only' and 'Both'. Sum should be 15.,,,[],SET_THEORY,quiz,content/math/set_theory/quest_08_application_of_sets/08-017.json,,No,,5,"{   ""engineType"": ""SET_THEORY"",   ""mode"": ""quiz"",   ""subject"": ""MATH"",   ""topic"": ""Visual Sums"",   ""variantTitle"": ""Quest 8-024: Click to Sum"",   ""sets"": { ""A"": { ""label"": ""M"", ""color"": ""#9333ea"" }, ""B"": { ""label"": ""E"", ""color"": ""#db2777"" } },   ""zones"": { ""left"": [5], ""center"": [10], ""right"": [3], ""outside"": [7] },    ""questions"": [     {       ""interaction"": ""CLICK_SUM"",       ""targetRegion"": ""left_total"",        ""prompt"": ""Tap regions to find total <b>Mathematics (M)</b>."",       ""hint"": ""Select 'M only' and 'Both'. Sum should be 15.""     },     {       ""interaction"": ""CLICK_SUM"",       ""targetRegion"": ""complement_left"",       ""prompt"": ""Tap regions representing <b>Not Mathematics</b>."",       ""hint"": ""Select 'E only' and 'Outside'. Sum should be 10.""     }   ] }",08-017.json,quest_08_application_of_sets
08-017_Q2,T1,Visual Sums,Quest 8-024: Click to Sum,E,Simulation,,2,Tap regions representing Not Mathematics.,,,,,,Select 'E only' and 'Outside'. Sum should be 10.,,,[],SET_THEORY,quiz,content/math/set_theory/quest_08_application_of_sets/08-017.json,,No,,5,"{   ""engineType"": ""SET_THEORY"",   ""mode"": ""quiz"",   ""subject"": ""MATH"",   ""topic"": ""Visual Sums"",   ""variantTitle"": ""Quest 8-024: Click to Sum"",   ""sets"": { ""A"": { ""label"": ""M"", ""color"": ""#9333ea"" }, ""B"": { ""label"": ""E"", ""color"": ""#db2777"" } },   ""zones"": { ""left"": [5], ""center"": [10], ""right"": [3], ""outside"": [7] },    ""questions"": [     {       ""interaction"": ""CLICK_SUM"",       ""targetRegion"": ""left_total"",        ""prompt"": ""Tap regions to find total <b>Mathematics (M)</b>."",       ""hint"": ""Select 'M only' and 'Both'. Sum should be 15.""     },     {       ""interaction"": ""CLICK_SUM"",       ""targetRegion"": ""complement_left"",       ""prompt"": ""Tap regions representing <b>Not Mathematics</b>."",       ""hint"": ""Select 'E only' and 'Outside'. Sum should be 10.""     }   ] }",08-017.json,quest_08_application_of_sets
08-018_Q1,T1,Visual Calculation,Quest 8-024: Visual Sums,E,Simulation,,1,Tap regions to find total Mathematics (M).,,,,,,Click 'M only' (5) and 'Both' (10). Total = 15.,,,[],SET_THEORY,quiz,content/math/set_theory/quest_08_application_of_sets/08-018.json,,No,,5,"{   ""engineType"": ""SET_THEORY"",   ""mode"": ""quiz"",   ""subject"": ""MATH"",   ""topic"": ""Visual Calculation"",   ""variantTitle"": ""Quest 8-024: Visual Sums"",   ""sets"": { ""A"": { ""label"": ""M"", ""color"": ""#9333ea"" }, ""B"": { ""label"": ""E"", ""color"": ""#db2777"" } },   ""zones"": { ""left"": [5], ""center"": [10], ""right"": [3], ""outside"": [7] },    ""questions"": [     {       ""interaction"": ""CLICK_SUM"",        ""targetRegion"": ""left_total"",        ""prompt"": ""Tap regions to find total <b>Mathematics (M)</b>."",       ""hint"": ""Click 'M only' (5) and 'Both' (10). Total = 15.""     },     {       ""interaction"": ""CLICK_SUM"",       ""targetRegion"": ""complement_left"",        ""prompt"": ""Tap regions representing <b>Not Mathematics</b>."",       ""hint"": ""Click 'E only' (3) and 'Outside' (7). Total = 10.""     },     {       ""interaction"": ""CLICK_SUM"",       ""targetRegion"": ""union"",        ""prompt"": ""Tap regions to find probability of <b>Either</b> subject."",       ""hint"": ""Click all regions inside the circles. (5+10+3) = 18."",       ""isProbability"": true,        ""total"": 25     }   ] }",08-018.json,quest_08_application_of_sets
08-018_Q2,T1,Visual Calculation,Quest 8-024: Visual Sums,E,Simulation,,2,Tap regions representing Not Mathematics.,,,,,,Click 'E only' (3) and 'Outside' (7). Total = 10.,,,[],SET_THEORY,quiz,content/math/set_theory/quest_08_application_of_sets/08-018.json,,No,,5,"{   ""engineType"": ""SET_THEORY"",   ""mode"": ""quiz"",   ""subject"": ""MATH"",   ""topic"": ""Visual Calculation"",   ""variantTitle"": ""Quest 8-024: Visual Sums"",   ""sets"": { ""A"": { ""label"": ""M"", ""color"": ""#9333ea"" }, ""B"": { ""label"": ""E"", ""color"": ""#db2777"" } },   ""zones"": { ""left"": [5], ""center"": [10], ""right"": [3], ""outside"": [7] },    ""questions"": [     {       ""interaction"": ""CLICK_SUM"",        ""targetRegion"": ""left_total"",        ""prompt"": ""Tap regions to find total <b>Mathematics (M)</b>."",       ""hint"": ""Click 'M only' (5) and 'Both' (10). Total = 15.""     },     {       ""interaction"": ""CLICK_SUM"",       ""targetRegion"": ""complement_left"",        ""prompt"": ""Tap regions representing <b>Not Mathematics</b>."",       ""hint"": ""Click 'E only' (3) and 'Outside' (7). Total = 10.""     },     {       ""interaction"": ""CLICK_SUM"",       ""targetRegion"": ""union"",        ""prompt"": ""Tap regions to find probability of <b>Either</b> subject."",       ""hint"": ""Click all regions inside the circles. (5+10+3) = 18."",       ""isProbability"": true,        ""total"": 25     }   ] }",08-018.json,quest_08_application_of_sets
08-018_Q3,T1,Visual Calculation,Quest 8-024: Visual Sums,E,Simulation,,3,Tap regions to find probability of Either subject.,,,,,,Click all regions inside the circles. (5+10+3) = 18.,,,[],SET_THEORY,quiz,content/math/set_theory/quest_08_application_of_sets/08-018.json,,No,,5,"{   ""engineType"": ""SET_THEORY"",   ""mode"": ""quiz"",   ""subject"": ""MATH"",   ""topic"": ""Visual Calculation"",   ""variantTitle"": ""Quest 8-024: Visual Sums"",   ""sets"": { ""A"": { ""label"": ""M"", ""color"": ""#9333ea"" }, ""B"": { ""label"": ""E"", ""color"": ""#db2777"" } },   ""zones"": { ""left"": [5], ""center"": [10], ""right"": [3], ""outside"": [7] },    ""questions"": [     {       ""interaction"": ""CLICK_SUM"",        ""targetRegion"": ""left_total"",        ""prompt"": ""Tap regions to find total <b>Mathematics (M)</b>."",       ""hint"": ""Click 'M only' (5) and 'Both' (10). Total = 15.""     },     {       ""interaction"": ""CLICK_SUM"",       ""targetRegion"": ""complement_left"",        ""prompt"": ""Tap regions representing <b>Not Mathematics</b>."",       ""hint"": ""Click 'E only' (3) and 'Outside' (7). Total = 10.""     },     {       ""interaction"": ""CLICK_SUM"",       ""targetRegion"": ""union"",        ""prompt"": ""Tap regions to find probability of <b>Either</b> subject."",       ""hint"": ""Click all regions inside the circles. (5+10+3) = 18."",       ""isProbability"": true,        ""total"": 25     }   ] }",08-018.json,quest_08_application_of_sets
08-019_Q1,T1,Visual Sums,Quest 8-027: Visual Market,E,Simulation,,1,Tap the regions representing shoppers who bought Only One item.,,,,,,Click 'Rice Only' (20) and 'Beans Only' (10). Sum should be 30.,,,[],SET_THEORY,quiz,content/math/set_theory/quest_08_application_of_sets/08-019.json,,No,,5,"{   ""engineType"": ""SET_THEORY"",   ""mode"": ""quiz"",   ""subject"": ""MATH"",   ""topic"": ""Visual Sums"",   ""variantTitle"": ""Quest 8-027: Visual Market"",   ""sets"": { ""A"": { ""label"": ""R"", ""color"": ""#9333ea"" }, ""B"": { ""label"": ""B"", ""color"": ""#db2777"" } },   ""zones"": { ""left"": [20], ""center"": [10], ""right"": [10], ""outside"": [10] },   ""questions"": [     {       ""interaction"": ""CLICK_SUM"",       ""targetRegion"": ""symmetric_difference"",       ""prompt"": ""Tap the regions representing shoppers who bought <b>Only One</b> item."",       ""hint"": ""Click 'Rice Only' (20) and 'Beans Only' (10). Sum should be 30.""     },     {       ""interaction"": ""CLICK_SUM"",       ""targetRegion"": ""complement_left"",        ""prompt"": ""Tap regions representing shoppers who did <b>NOT</b> buy Rice."",       ""hint"": ""Click 'Beans Only' and 'Outside'. Sum should be 20.""     }   ] }",08-019.json,quest_08_application_of_sets
08-019_Q2,T1,Visual Sums,Quest 8-027: Visual Market,E,Simulation,,2,Tap regions representing shoppers who did NOT buy Rice.,,,,,,Click 'Beans Only' and 'Outside'. Sum should be 20.,,,[],SET_THEORY,quiz,content/math/set_theory/quest_08_application_of_sets/08-019.json,,No,,5,"{   ""engineType"": ""SET_THEORY"",   ""mode"": ""quiz"",   ""subject"": ""MATH"",   ""topic"": ""Visual Sums"",   ""variantTitle"": ""Quest 8-027: Visual Market"",   ""sets"": { ""A"": { ""label"": ""R"", ""color"": ""#9333ea"" }, ""B"": { ""label"": ""B"", ""color"": ""#db2777"" } },   ""zones"": { ""left"": [20], ""center"": [10], ""right"": [10], ""outside"": [10] },   ""questions"": [     {       ""interaction"": ""CLICK_SUM"",       ""targetRegion"": ""symmetric_difference"",       ""prompt"": ""Tap the regions representing shoppers who bought <b>Only One</b> item."",       ""hint"": ""Click 'Rice Only' (20) and 'Beans Only' (10). Sum should be 30.""     },     {       ""interaction"": ""CLICK_SUM"",       ""targetRegion"": ""complement_left"",        ""prompt"": ""Tap regions representing shoppers who did <b>NOT</b> buy Rice."",       ""hint"": ""Click 'Beans Only' and 'Outside'. Sum should be 20.""     }   ] }",08-019.json,quest_08_application_of_sets
08-020_Q1,T1,Visual Totals,Quest 8-028: Exam Clicks,E,Simulation,,1,Tap regions to find Total Math students.,,,,,,Click 'M Only' (15) and 'Both' (10). Sum = 25.,,,[],SET_THEORY,quiz,content/math/set_theory/quest_08_application_of_sets/08-020.json,,No,,5,"{   ""engineType"": ""SET_THEORY"",   ""mode"": ""quiz"",   ""subject"": ""MATH"",   ""topic"": ""Visual Totals"",   ""variantTitle"": ""Quest 8-028: Exam Clicks"",   ""sets"": { ""A"": { ""label"": ""M"", ""color"": ""#9333ea"" }, ""B"": { ""label"": ""E"", ""color"": ""#db2777"" } },   ""zones"": { ""left"": [15], ""center"": [10], ""right"": [20], ""outside"": [5] },    ""questions"": [     {       ""interaction"": ""CLICK_SUM"",       ""targetRegion"": ""left_total"",       ""prompt"": ""Tap regions to find <b>Total Math</b> students."",       ""hint"": ""Click 'M Only' (15) and 'Both' (10). Sum = 25.""     },     {       ""interaction"": ""CLICK_SUM"",       ""targetRegion"": ""union"",       ""prompt"": ""Tap everyone who passed <b>at least one</b> subject."",       ""hint"": ""Click all regions inside the circles. 15 + 10 + 20 = 45.""     }   ] }",08-020.json,quest_08_application_of_sets
08-020_Q2,T1,Visual Totals,Quest 8-028: Exam Clicks,E,Simulation,,2,Tap everyone who passed at least one subject.,,,,,,Click all regions inside the circles. 15 + 10 + 20 = 45.,,,[],SET_THEORY,quiz,content/math/set_theory/quest_08_application_of_sets/08-020.json,,No,,5,"{   ""engineType"": ""SET_THEORY"",   ""mode"": ""quiz"",   ""subject"": ""MATH"",   ""topic"": ""Visual Totals"",   ""variantTitle"": ""Quest 8-028: Exam Clicks"",   ""sets"": { ""A"": { ""label"": ""M"", ""color"": ""#9333ea"" }, ""B"": { ""label"": ""E"", ""color"": ""#db2777"" } },   ""zones"": { ""left"": [15], ""center"": [10], ""right"": [20], ""outside"": [5] },    ""questions"": [     {       ""interaction"": ""CLICK_SUM"",       ""targetRegion"": ""left_total"",       ""prompt"": ""Tap regions to find <b>Total Math</b> students."",       ""hint"": ""Click 'M Only' (15) and 'Both' (10). Sum = 25.""     },     {       ""interaction"": ""CLICK_SUM"",       ""targetRegion"": ""union"",       ""prompt"": ""Tap everyone who passed <b>at least one</b> subject."",       ""hint"": ""Click all regions inside the circles. 15 + 10 + 20 = 45.""     }   ] }",08-020.json,quest_08_application_of_sets
08-021_Q1,T1,Intersection Clicks,Quest 8-029: Fruit Clicks,E,Simulation,,1,Tap the region for fruits that are Both Mango and Orange.,,,,,,Click the middle overlap. Sum = 10.,,,[],SET_THEORY,quiz,content/math/set_theory/quest_08_application_of_sets/08-021.json,,No,,5,"{   ""engineType"": ""SET_THEORY"",   ""mode"": ""quiz"",   ""subject"": ""MATH"",   ""topic"": ""Intersection Clicks"",   ""variantTitle"": ""Quest 8-029: Fruit Clicks"",   ""sets"": { ""A"": { ""label"": ""M"", ""color"": ""#f59e0b"" }, ""B"": { ""label"": ""O"", ""color"": ""#10b981"" } },   ""zones"": { ""left"": [30], ""center"": [10], ""right"": [20], ""outside"": [0] },    ""questions"": [     {       ""interaction"": ""CLICK_SUM"",       ""targetRegion"": ""intersection"",       ""prompt"": ""Tap the region for fruits that are <b>Both</b> Mango and Orange."",       ""hint"": ""Click the middle overlap. Sum = 10.""     },     {       ""interaction"": ""CLICK_SUM"",       ""targetRegion"": ""right_total"",       ""prompt"": ""Tap all regions containing <b>Oranges</b>."",       ""hint"": ""Click 'Both' (10) and 'Oranges Only' (20). Sum = 30.""     }   ] }",08-021.json,quest_08_application_of_sets
08-021_Q2,T1,Intersection Clicks,Quest 8-029: Fruit Clicks,E,Simulation,,2,Tap all regions containing Oranges.,,,,,,Click 'Both' (10) and 'Oranges Only' (20). Sum = 30.,,,[],SET_THEORY,quiz,content/math/set_theory/quest_08_application_of_sets/08-021.json,,No,,5,"{   ""engineType"": ""SET_THEORY"",   ""mode"": ""quiz"",   ""subject"": ""MATH"",   ""topic"": ""Intersection Clicks"",   ""variantTitle"": ""Quest 8-029: Fruit Clicks"",   ""sets"": { ""A"": { ""label"": ""M"", ""color"": ""#f59e0b"" }, ""B"": { ""label"": ""O"", ""color"": ""#10b981"" } },   ""zones"": { ""left"": [30], ""center"": [10], ""right"": [20], ""outside"": [0] },    ""questions"": [     {       ""interaction"": ""CLICK_SUM"",       ""targetRegion"": ""intersection"",       ""prompt"": ""Tap the region for fruits that are <b>Both</b> Mango and Orange."",       ""hint"": ""Click the middle overlap. Sum = 10.""     },     {       ""interaction"": ""CLICK_SUM"",       ""targetRegion"": ""right_total"",       ""prompt"": ""Tap all regions containing <b>Oranges</b>."",       ""hint"": ""Click 'Both' (10) and 'Oranges Only' (20). Sum = 30.""     }   ] }",08-021.json,quest_08_application_of_sets
study_applications_S1,T1,Applications,Word Problems in Sets,E,Read,,1,"From Words to Diagrams: In exams, Set Theory is often hidden inside stories about sports, food, or books.Let's learn the secret language of these word problems.",,,,,,,,,[],MATH_STUDY,study,content/math/set_theory/quest_08_application_of_sets/study_applications.json,,No,,0,"{   ""engineType"": ""MATH_STUDY"",   ""mode"": ""study"",   ""topic"": ""Applications"",   ""variantTitle"": ""Word Problems in Sets"",   ""slides"": [     {       ""title"": ""From Words to Diagrams"",       ""text"": ""In exams, Set Theory is often hidden inside stories about sports, food, or books.<br><br>Let's learn the secret language of these word problems."",       ""visualType"": ""VENN_DIAGRAM"",       ""labels"": [""Tea"", ""Cake""],       ""elements"": { ""left"": ""20"", ""center"": ""15"", ""right"": ""10"", ""outside"": ""5"" },       ""highlight"": []     },     {       ""title"": ""1. 'Only One Item'"",       ""text"": ""<b>Question:</b> How many guests took <b>only one</b> item?<br><br><b>Logic:</b> This means people who took Tea Only OR Cake Only.<br><br>20 + 10 = <b>30 guests</b>."",       ""visualType"": ""VENN_DIAGRAM"",       ""labels"": [""Tea"", ""Cake""],       ""elements"": { ""left"": ""20"", ""center"": ""15"", ""right"": ""10"", ""outside"": ""5"" },       ""highlight"": [""left"", ""right""]     },     {       ""title"": ""2. 'At Least One'"",       ""text"": ""<b>Question:</b> How many took <b>at least one</b> item?<br><br><b>Logic:</b> This implies the <b>Union</b>. It means 'Anyone who took anything'.<br><br>20 + 15 + 10 = <b>45 guests</b>."",       ""visualType"": ""VENN_DIAGRAM"",       ""labels"": [""Tea"", ""Cake""],       ""elements"": { ""left"": ""20"", ""center"": ""15"", ""right"": ""10"", ""outside"": ""5"" },       ""highlight"": [""left"", ""center"", ""right""]     },     {       ""title"": ""3. 'Neither' or 'None'"",       ""text"": ""<b>Question:</b> How many guests took <b>neither</b>?<br><br><b>Logic:</b> This is the region <b>outside</b> the circles but inside the Universal box.<br><br>Answer = <b>5 guests</b>."",       ""visualType"": ""VENN_DIAGRAM"",       ""labels"": [""Tea"", ""Cake""],       ""elements"": { ""left"": ""20"", ""center"": ""15"", ""right"": ""10"", ""outside"": ""5"" },       ""highlight"": [""outside""]     },     {       ""title"": ""4. Probability"",       ""text"": ""<b>Question:</b> What is the probability a guest took <b>Both</b>?<br><br><b>Step 1:</b> Find Total Guests. (20+15+10+5 = 50)<br><b>Step 2:</b> Find 'Both'. (15)<br><br>Probability = 15/50."",       ""visualType"": ""VENN_DIAGRAM"",       ""labels"": [""Tea"", ""Cake""],       ""elements"": { ""left"": ""20"", ""center"": ""15"", ""right"": ""10"", ""outside"": ""5"" },       ""highlight"": [""center""]     }   ] }",study_applications.json,quest_08_application_of_sets
study_applications_S2,T1,Applications,Word Problems in Sets,E,Read,,2,1. 'Only One Item': Question: How many guests took only one item?Logic: This means people who took Tea Only OR Cake Only.20 + 10 = 30 guests.,,,,,,,,,[],MATH_STUDY,study,content/math/set_theory/quest_08_application_of_sets/study_applications.json,,No,,0,"{   ""engineType"": ""MATH_STUDY"",   ""mode"": ""study"",   ""topic"": ""Applications"",   ""variantTitle"": ""Word Problems in Sets"",   ""slides"": [     {       ""title"": ""From Words to Diagrams"",       ""text"": ""In exams, Set Theory is often hidden inside stories about sports, food, or books.<br><br>Let's learn the secret language of these word problems."",       ""visualType"": ""VENN_DIAGRAM"",       ""labels"": [""Tea"", ""Cake""],       ""elements"": { ""left"": ""20"", ""center"": ""15"", ""right"": ""10"", ""outside"": ""5"" },       ""highlight"": []     },     {       ""title"": ""1. 'Only One Item'"",       ""text"": ""<b>Question:</b> How many guests took <b>only one</b> item?<br><br><b>Logic:</b> This means people who took Tea Only OR Cake Only.<br><br>20 + 10 = <b>30 guests</b>."",       ""visualType"": ""VENN_DIAGRAM"",       ""labels"": [""Tea"", ""Cake""],       ""elements"": { ""left"": ""20"", ""center"": ""15"", ""right"": ""10"", ""outside"": ""5"" },       ""highlight"": [""left"", ""right""]     },     {       ""title"": ""2. 'At Least One'"",       ""text"": ""<b>Question:</b> How many took <b>at least one</b> item?<br><br><b>Logic:</b> This implies the <b>Union</b>. It means 'Anyone who took anything'.<br><br>20 + 15 + 10 = <b>45 guests</b>."",       ""visualType"": ""VENN_DIAGRAM"",       ""labels"": [""Tea"", ""Cake""],       ""elements"": { ""left"": ""20"", ""center"": ""15"", ""right"": ""10"", ""outside"": ""5"" },       ""highlight"": [""left"", ""center"", ""right""]     },     {       ""title"": ""3. 'Neither' or 'None'"",       ""text"": ""<b>Question:</b> How many guests took <b>neither</b>?<br><br><b>Logic:</b> This is the region <b>outside</b> the circles but inside the Universal box.<br><br>Answer = <b>5 guests</b>."",       ""visualType"": ""VENN_DIAGRAM"",       ""labels"": [""Tea"", ""Cake""],       ""elements"": { ""left"": ""20"", ""center"": ""15"", ""right"": ""10"", ""outside"": ""5"" },       ""highlight"": [""outside""]     },     {       ""title"": ""4. Probability"",       ""text"": ""<b>Question:</b> What is the probability a guest took <b>Both</b>?<br><br><b>Step 1:</b> Find Total Guests. (20+15+10+5 = 50)<br><b>Step 2:</b> Find 'Both'. (15)<br><br>Probability = 15/50."",       ""visualType"": ""VENN_DIAGRAM"",       ""labels"": [""Tea"", ""Cake""],       ""elements"": { ""left"": ""20"", ""center"": ""15"", ""right"": ""10"", ""outside"": ""5"" },       ""highlight"": [""center""]     }   ] }",study_applications.json,quest_08_application_of_sets
study_applications_S3,T1,Applications,Word Problems in Sets,E,Read,,3,2. 'At Least One': Question: How many took at least one item?Logic: This implies the Union. It means 'Anyone who took anything'.20 + 15 + 10 = 45 guests.,,,,,,,,,[],MATH_STUDY,study,content/math/set_theory/quest_08_application_of_sets/study_applications.json,,No,,0,"{   ""engineType"": ""MATH_STUDY"",   ""mode"": ""study"",   ""topic"": ""Applications"",   ""variantTitle"": ""Word Problems in Sets"",   ""slides"": [     {       ""title"": ""From Words to Diagrams"",       ""text"": ""In exams, Set Theory is often hidden inside stories about sports, food, or books.<br><br>Let's learn the secret language of these word problems."",       ""visualType"": ""VENN_DIAGRAM"",       ""labels"": [""Tea"", ""Cake""],       ""elements"": { ""left"": ""20"", ""center"": ""15"", ""right"": ""10"", ""outside"": ""5"" },       ""highlight"": []     },     {       ""title"": ""1. 'Only One Item'"",       ""text"": ""<b>Question:</b> How many guests took <b>only one</b> item?<br><br><b>Logic:</b> This means people who took Tea Only OR Cake Only.<br><br>20 + 10 = <b>30 guests</b>."",       ""visualType"": ""VENN_DIAGRAM"",       ""labels"": [""Tea"", ""Cake""],       ""elements"": { ""left"": ""20"", ""center"": ""15"", ""right"": ""10"", ""outside"": ""5"" },       ""highlight"": [""left"", ""right""]     },     {       ""title"": ""2. 'At Least One'"",       ""text"": ""<b>Question:</b> How many took <b>at least one</b> item?<br><br><b>Logic:</b> This implies the <b>Union</b>. It means 'Anyone who took anything'.<br><br>20 + 15 + 10 = <b>45 guests</b>."",       ""visualType"": ""VENN_DIAGRAM"",       ""labels"": [""Tea"", ""Cake""],       ""elements"": { ""left"": ""20"", ""center"": ""15"", ""right"": ""10"", ""outside"": ""5"" },       ""highlight"": [""left"", ""center"", ""right""]     },     {       ""title"": ""3. 'Neither' or 'None'"",       ""text"": ""<b>Question:</b> How many guests took <b>neither</b>?<br><br><b>Logic:</b> This is the region <b>outside</b> the circles but inside the Universal box.<br><br>Answer = <b>5 guests</b>."",       ""visualType"": ""VENN_DIAGRAM"",       ""labels"": [""Tea"", ""Cake""],       ""elements"": { ""left"": ""20"", ""center"": ""15"", ""right"": ""10"", ""outside"": ""5"" },       ""highlight"": [""outside""]     },     {       ""title"": ""4. Probability"",       ""text"": ""<b>Question:</b> What is the probability a guest took <b>Both</b>?<br><br><b>Step 1:</b> Find Total Guests. (20+15+10+5 = 50)<br><b>Step 2:</b> Find 'Both'. (15)<br><br>Probability = 15/50."",       ""visualType"": ""VENN_DIAGRAM"",       ""labels"": [""Tea"", ""Cake""],       ""elements"": { ""left"": ""20"", ""center"": ""15"", ""right"": ""10"", ""outside"": ""5"" },       ""highlight"": [""center""]     }   ] }",study_applications.json,quest_08_application_of_sets
study_applications_S4,T1,Applications,Word Problems in Sets,E,Read,,4,3. 'Neither' or 'None': Question: How many guests took neither?Logic: This is the region outside the circles but inside the Universal box.Answer = 5 guests.,,,,,,,,,[],MATH_STUDY,study,content/math/set_theory/quest_08_application_of_sets/study_applications.json,,No,,0,"{   ""engineType"": ""MATH_STUDY"",   ""mode"": ""study"",   ""topic"": ""Applications"",   ""variantTitle"": ""Word Problems in Sets"",   ""slides"": [     {       ""title"": ""From Words to Diagrams"",       ""text"": ""In exams, Set Theory is often hidden inside stories about sports, food, or books.<br><br>Let's learn the secret language of these word problems."",       ""visualType"": ""VENN_DIAGRAM"",       ""labels"": [""Tea"", ""Cake""],       ""elements"": { ""left"": ""20"", ""center"": ""15"", ""right"": ""10"", ""outside"": ""5"" },       ""highlight"": []     },     {       ""title"": ""1. 'Only One Item'"",       ""text"": ""<b>Question:</b> How many guests took <b>only one</b> item?<br><br><b>Logic:</b> This means people who took Tea Only OR Cake Only.<br><br>20 + 10 = <b>30 guests</b>."",       ""visualType"": ""VENN_DIAGRAM"",       ""labels"": [""Tea"", ""Cake""],       ""elements"": { ""left"": ""20"", ""center"": ""15"", ""right"": ""10"", ""outside"": ""5"" },       ""highlight"": [""left"", ""right""]     },     {       ""title"": ""2. 'At Least One'"",       ""text"": ""<b>Question:</b> How many took <b>at least one</b> item?<br><br><b>Logic:</b> This implies the <b>Union</b>. It means 'Anyone who took anything'.<br><br>20 + 15 + 10 = <b>45 guests</b>."",       ""visualType"": ""VENN_DIAGRAM"",       ""labels"": [""Tea"", ""Cake""],       ""elements"": { ""left"": ""20"", ""center"": ""15"", ""right"": ""10"", ""outside"": ""5"" },       ""highlight"": [""left"", ""center"", ""right""]     },     {       ""title"": ""3. 'Neither' or 'None'"",       ""text"": ""<b>Question:</b> How many guests took <b>neither</b>?<br><br><b>Logic:</b> This is the region <b>outside</b> the circles but inside the Universal box.<br><br>Answer = <b>5 guests</b>."",       ""visualType"": ""VENN_DIAGRAM"",       ""labels"": [""Tea"", ""Cake""],       ""elements"": { ""left"": ""20"", ""center"": ""15"", ""right"": ""10"", ""outside"": ""5"" },       ""highlight"": [""outside""]     },     {       ""title"": ""4. Probability"",       ""text"": ""<b>Question:</b> What is the probability a guest took <b>Both</b>?<br><br><b>Step 1:</b> Find Total Guests. (20+15+10+5 = 50)<br><b>Step 2:</b> Find 'Both'. (15)<br><br>Probability = 15/50."",       ""visualType"": ""VENN_DIAGRAM"",       ""labels"": [""Tea"", ""Cake""],       ""elements"": { ""left"": ""20"", ""center"": ""15"", ""right"": ""10"", ""outside"": ""5"" },       ""highlight"": [""center""]     }   ] }",study_applications.json,quest_08_application_of_sets
study_applications_S5,T1,Applications,Word Problems in Sets,E,Read,,5,4. Probability: Question: What is the probability a guest took Both?Step 1: Find Total Guests. (20+15+10+5 = 50)Step 2: Find 'Both'. (15)Probability = 15/50.,,,,,,,,,[],MATH_STUDY,study,content/math/set_theory/quest_08_application_of_sets/study_applications.json,,No,,0,"{   ""engineType"": ""MATH_STUDY"",   ""mode"": ""study"",   ""topic"": ""Applications"",   ""variantTitle"": ""Word Problems in Sets"",   ""slides"": [     {       ""title"": ""From Words to Diagrams"",       ""text"": ""In exams, Set Theory is often hidden inside stories about sports, food, or books.<br><br>Let's learn the secret language of these word problems."",       ""visualType"": ""VENN_DIAGRAM"",       ""labels"": [""Tea"", ""Cake""],       ""elements"": { ""left"": ""20"", ""center"": ""15"", ""right"": ""10"", ""outside"": ""5"" },       ""highlight"": []     },     {       ""title"": ""1. 'Only One Item'"",       ""text"": ""<b>Question:</b> How many guests took <b>only one</b> item?<br><br><b>Logic:</b> This means people who took Tea Only OR Cake Only.<br><br>20 + 10 = <b>30 guests</b>."",       ""visualType"": ""VENN_DIAGRAM"",       ""labels"": [""Tea"", ""Cake""],       ""elements"": { ""left"": ""20"", ""center"": ""15"", ""right"": ""10"", ""outside"": ""5"" },       ""highlight"": [""left"", ""right""]     },     {       ""title"": ""2. 'At Least One'"",       ""text"": ""<b>Question:</b> How many took <b>at least one</b> item?<br><br><b>Logic:</b> This implies the <b>Union</b>. It means 'Anyone who took anything'.<br><br>20 + 15 + 10 = <b>45 guests</b>."",       ""visualType"": ""VENN_DIAGRAM"",       ""labels"": [""Tea"", ""Cake""],       ""elements"": { ""left"": ""20"", ""center"": ""15"", ""right"": ""10"", ""outside"": ""5"" },       ""highlight"": [""left"", ""center"", ""right""]     },     {       ""title"": ""3. 'Neither' or 'None'"",       ""text"": ""<b>Question:</b> How many guests took <b>neither</b>?<br><br><b>Logic:</b> This is the region <b>outside</b> the circles but inside the Universal box.<br><br>Answer = <b>5 guests</b>."",       ""visualType"": ""VENN_DIAGRAM"",       ""labels"": [""Tea"", ""Cake""],       ""elements"": { ""left"": ""20"", ""center"": ""15"", ""right"": ""10"", ""outside"": ""5"" },       ""highlight"": [""outside""]     },     {       ""title"": ""4. Probability"",       ""text"": ""<b>Question:</b> What is the probability a guest took <b>Both</b>?<br><br><b>Step 1:</b> Find Total Guests. (20+15+10+5 = 50)<br><b>Step 2:</b> Find 'Both'. (15)<br><br>Probability = 15/50."",       ""visualType"": ""VENN_DIAGRAM"",       ""labels"": [""Tea"", ""Cake""],       ""elements"": { ""left"": ""20"", ""center"": ""15"", ""right"": ""10"", ""outside"": ""5"" },       ""highlight"": [""center""]     }   ] }",study_applications.json,quest_08_application_of_sets
09-001_Q1,T1,Universal Sets & Complements,Quest 9-001: The Universal Box,E,Simulation,,1,"Drag numbers to correct places. Don't forget the Universal Set!F={1,2,3,6}, T={3,6,9,12,15}",,,,,,,,,[],SET_THEORY,quiz,content/math/set_theory/quest_09_difference_of_sets_complements/09-001.json,,No,,5,"{   ""engineType"": ""SET_THEORY"",   ""mode"": ""quiz"",   ""subject"": ""MATH"",   ""topic"": ""Universal Sets & Complements"",   ""variantTitle"": ""Quest 9-001: The Universal Box"",   ""sets"": {     ""A"": { ""label"": ""F"", ""color"": ""#9333ea"" },     ""B"": { ""label"": ""T"", ""color"": ""#db2777"" }   },   ""zones"": {     ""left"": [1, 2],     ""center"": [3, 6],     ""right"": [9, 12, 15],     ""outside"": [4, 5, 7, 8, 10, 11, 13, 14]   },   ""questions"": [     {       ""interaction"": ""DRAG_SORT"",       ""prompt"": ""Drag numbers to correct places. Don't forget the <b>Universal Set</b>!<br>F={1,2,3,6}, T={3,6,9,12,15}"",       ""items"": [         { ""val"": ""1"", ""target"": ""left"" }, { ""val"": ""2"", ""target"": ""left"" },         { ""val"": ""3"", ""target"": ""center"" }, { ""val"": ""6"", ""target"": ""center"" },         { ""val"": ""9"", ""target"": ""right"" }, { ""val"": ""12"", ""target"": ""right"" }, { ""val"": ""15"", ""target"": ""right"" },         { ""val"": ""4"", ""target"": ""outside"" }, { ""val"": ""5"", ""target"": ""outside"" }, { ""val"": ""7"", ""target"": ""outside"" }       ]     },     {       ""retain_visuals"": true,       ""type"": ""LIST"",       ""targetRegion"": ""intersection"",       ""prompt"": ""List members of Intersection <span style='color:#64748b'>F ∩ T</span>."",       ""hint"": ""Numbers inside BOTH circles.""     },     {       ""retain_visuals"": true,       ""type"": ""LIST"",       ""targetRegion"": ""universal_only"",       ""prompt"": ""List members of <span style='color:#64748b'>(F ∪ T)'</span> (Complement)."",       ""hint"": ""List numbers in the rectangle but outside the circles.""     }   ] }",09-001.json,quest_09_difference_of_sets_complements
09-001_Q2,T1,Universal Sets & Complements,Quest 9-001: The Universal Box,E,Simulation,,2,List members of Intersection F ∩ T.,,,,,,Numbers inside BOTH circles.,,,[],SET_THEORY,quiz,content/math/set_theory/quest_09_difference_of_sets_complements/09-001.json,,No,,5,"{   ""engineType"": ""SET_THEORY"",   ""mode"": ""quiz"",   ""subject"": ""MATH"",   ""topic"": ""Universal Sets & Complements"",   ""variantTitle"": ""Quest 9-001: The Universal Box"",   ""sets"": {     ""A"": { ""label"": ""F"", ""color"": ""#9333ea"" },     ""B"": { ""label"": ""T"", ""color"": ""#db2777"" }   },   ""zones"": {     ""left"": [1, 2],     ""center"": [3, 6],     ""right"": [9, 12, 15],     ""outside"": [4, 5, 7, 8, 10, 11, 13, 14]   },   ""questions"": [     {       ""interaction"": ""DRAG_SORT"",       ""prompt"": ""Drag numbers to correct places. Don't forget the <b>Universal Set</b>!<br>F={1,2,3,6}, T={3,6,9,12,15}"",       ""items"": [         { ""val"": ""1"", ""target"": ""left"" }, { ""val"": ""2"", ""target"": ""left"" },         { ""val"": ""3"", ""target"": ""center"" }, { ""val"": ""6"", ""target"": ""center"" },         { ""val"": ""9"", ""target"": ""right"" }, { ""val"": ""12"", ""target"": ""right"" }, { ""val"": ""15"", ""target"": ""right"" },         { ""val"": ""4"", ""target"": ""outside"" }, { ""val"": ""5"", ""target"": ""outside"" }, { ""val"": ""7"", ""target"": ""outside"" }       ]     },     {       ""retain_visuals"": true,       ""type"": ""LIST"",       ""targetRegion"": ""intersection"",       ""prompt"": ""List members of Intersection <span style='color:#64748b'>F ∩ T</span>."",       ""hint"": ""Numbers inside BOTH circles.""     },     {       ""retain_visuals"": true,       ""type"": ""LIST"",       ""targetRegion"": ""universal_only"",       ""prompt"": ""List members of <span style='color:#64748b'>(F ∪ T)'</span> (Complement)."",       ""hint"": ""List numbers in the rectangle but outside the circles.""     }   ] }",09-001.json,quest_09_difference_of_sets_complements
09-001_Q3,T1,Universal Sets & Complements,Quest 9-001: The Universal Box,E,Simulation,,3,List members of (F ∪ T)' (Complement).,,,,,,List numbers in the rectangle but outside the circles.,,,[],SET_THEORY,quiz,content/math/set_theory/quest_09_difference_of_sets_complements/09-001.json,,No,,5,"{   ""engineType"": ""SET_THEORY"",   ""mode"": ""quiz"",   ""subject"": ""MATH"",   ""topic"": ""Universal Sets & Complements"",   ""variantTitle"": ""Quest 9-001: The Universal Box"",   ""sets"": {     ""A"": { ""label"": ""F"", ""color"": ""#9333ea"" },     ""B"": { ""label"": ""T"", ""color"": ""#db2777"" }   },   ""zones"": {     ""left"": [1, 2],     ""center"": [3, 6],     ""right"": [9, 12, 15],     ""outside"": [4, 5, 7, 8, 10, 11, 13, 14]   },   ""questions"": [     {       ""interaction"": ""DRAG_SORT"",       ""prompt"": ""Drag numbers to correct places. Don't forget the <b>Universal Set</b>!<br>F={1,2,3,6}, T={3,6,9,12,15}"",       ""items"": [         { ""val"": ""1"", ""target"": ""left"" }, { ""val"": ""2"", ""target"": ""left"" },         { ""val"": ""3"", ""target"": ""center"" }, { ""val"": ""6"", ""target"": ""center"" },         { ""val"": ""9"", ""target"": ""right"" }, { ""val"": ""12"", ""target"": ""right"" }, { ""val"": ""15"", ""target"": ""right"" },         { ""val"": ""4"", ""target"": ""outside"" }, { ""val"": ""5"", ""target"": ""outside"" }, { ""val"": ""7"", ""target"": ""outside"" }       ]     },     {       ""retain_visuals"": true,       ""type"": ""LIST"",       ""targetRegion"": ""intersection"",       ""prompt"": ""List members of Intersection <span style='color:#64748b'>F ∩ T</span>."",       ""hint"": ""Numbers inside BOTH circles.""     },     {       ""retain_visuals"": true,       ""type"": ""LIST"",       ""targetRegion"": ""universal_only"",       ""prompt"": ""List members of <span style='color:#64748b'>(F ∪ T)'</span> (Complement)."",       ""hint"": ""List numbers in the rectangle but outside the circles.""     }   ] }",09-001.json,quest_09_difference_of_sets_complements
09-002_Q1,T1,Finding Complements,Quest 9-002: Science Lab,E,Simulation,,1,Phase 1: Both is 5. Fill Only regions.,,,,,,,,,[],SET_THEORY,quiz,content/math/set_theory/quest_09_difference_of_sets_complements/09-002.json,,No,,5,"{   ""engineType"": ""SET_THEORY"",   ""mode"": ""quiz"",   ""subject"": ""MATH"",   ""topic"": ""Finding Complements"",   ""variantTitle"": ""Quest 9-002: Science Lab"",   ""sets"": { ""A"": { ""label"": ""B (20)"", ""color"": ""#06b6d4"" }, ""B"": { ""label"": ""C (15)"", ""color"": ""#8b5cf6"" } },   ""zones"": { ""left"": [""15""], ""center"": [""5""], ""right"": [""10""], ""outside"": [""y""] },   ""questions"": [     {       ""interaction"": ""DIAGRAM_FILL"",       ""prompt"": ""<b>Phase 1:</b> Both is 5. Fill Only regions."",       ""inputs"": [         { ""region"": ""left"", ""expected"": ""15"" },         { ""region"": ""right"", ""expected"": ""10"" },         { ""region"": ""center"", ""expected"": ""5"" }       ]     },     {       ""type"": ""ALGEBRA_SOLVE"",       ""targetRegion"": ""universal_only"",       ""equation_target"": 40,       ""expected_x"": 10,       ""prompt"": ""<b>Phase 2:</b> Total = 40. Find <b>y</b> (Neither)."",       ""hint"": ""15 + 5 + 10 + y = 40""     }   ] }",09-002.json,quest_09_difference_of_sets_complements
09-002_Q2,T1,Finding Complements,Quest 9-002: Science Lab,E,Simulation,,2,Phase 2: Total = 40. Find y (Neither).,,,,,,15 + 5 + 10 + y = 40,,,[],SET_THEORY,quiz,content/math/set_theory/quest_09_difference_of_sets_complements/09-002.json,,No,,5,"{   ""engineType"": ""SET_THEORY"",   ""mode"": ""quiz"",   ""subject"": ""MATH"",   ""topic"": ""Finding Complements"",   ""variantTitle"": ""Quest 9-002: Science Lab"",   ""sets"": { ""A"": { ""label"": ""B (20)"", ""color"": ""#06b6d4"" }, ""B"": { ""label"": ""C (15)"", ""color"": ""#8b5cf6"" } },   ""zones"": { ""left"": [""15""], ""center"": [""5""], ""right"": [""10""], ""outside"": [""y""] },   ""questions"": [     {       ""interaction"": ""DIAGRAM_FILL"",       ""prompt"": ""<b>Phase 1:</b> Both is 5. Fill Only regions."",       ""inputs"": [         { ""region"": ""left"", ""expected"": ""15"" },         { ""region"": ""right"", ""expected"": ""10"" },         { ""region"": ""center"", ""expected"": ""5"" }       ]     },     {       ""type"": ""ALGEBRA_SOLVE"",       ""targetRegion"": ""universal_only"",       ""equation_target"": 40,       ""expected_x"": 10,       ""prompt"": ""<b>Phase 2:</b> Total = 40. Find <b>y</b> (Neither)."",       ""hint"": ""15 + 5 + 10 + y = 40""     }   ] }",09-002.json,quest_09_difference_of_sets_complements
09-003_Q1,T1,Complements,Quest 9-003: Debate Team,E,Simulation,,1,Phase 1: Both is 10. Outside is y. Fill Only regions.,,,,,,,,,[],SET_THEORY,quiz,content/math/set_theory/quest_09_difference_of_sets_complements/09-003.json,,No,,5,"{   ""engineType"": ""SET_THEORY"",   ""mode"": ""quiz"",   ""subject"": ""MATH"",   ""topic"": ""Complements"",   ""variantTitle"": ""Quest 9-003: Debate Team"",   ""sets"": { ""A"": { ""label"": ""S (25)"", ""color"": ""#2563eb"" }, ""B"": { ""label"": ""R (20)"", ""color"": ""#16a34a"" } },   ""zones"": { ""left"": [""15""], ""center"": [""10""], ""right"": [""10""], ""outside"": [""y""] },   ""questions"": [     {       ""interaction"": ""DIAGRAM_FILL"",       ""prompt"": ""<b>Phase 1:</b> Both is 10. Outside is y. Fill Only regions."",       ""inputs"": [         { ""region"": ""left"", ""expected"": ""15"" },         { ""region"": ""right"", ""expected"": ""10"" },         { ""region"": ""outside"", ""expected"": ""y"" }       ]     },     {       ""type"": ""ALGEBRA_SOLVE"",       ""targetRegion"": ""universal_only"",       ""equation_target"": 50,       ""expected_x"": 15,       ""prompt"": ""<b>Phase 2:</b> Total = 50. Find <b>y</b> (Neither)."",       ""hint"": ""15 + 10 + 10 + y = 50 -> 35 + y = 50""     }   ] }",09-003.json,quest_09_difference_of_sets_complements
09-003_Q2,T1,Complements,Quest 9-003: Debate Team,E,Simulation,,2,Phase 2: Total = 50. Find y (Neither).,,,,,,15 + 10 + 10 + y = 50 -> 35 + y = 50,,,[],SET_THEORY,quiz,content/math/set_theory/quest_09_difference_of_sets_complements/09-003.json,,No,,5,"{   ""engineType"": ""SET_THEORY"",   ""mode"": ""quiz"",   ""subject"": ""MATH"",   ""topic"": ""Complements"",   ""variantTitle"": ""Quest 9-003: Debate Team"",   ""sets"": { ""A"": { ""label"": ""S (25)"", ""color"": ""#2563eb"" }, ""B"": { ""label"": ""R (20)"", ""color"": ""#16a34a"" } },   ""zones"": { ""left"": [""15""], ""center"": [""10""], ""right"": [""10""], ""outside"": [""y""] },   ""questions"": [     {       ""interaction"": ""DIAGRAM_FILL"",       ""prompt"": ""<b>Phase 1:</b> Both is 10. Outside is y. Fill Only regions."",       ""inputs"": [         { ""region"": ""left"", ""expected"": ""15"" },         { ""region"": ""right"", ""expected"": ""10"" },         { ""region"": ""outside"", ""expected"": ""y"" }       ]     },     {       ""type"": ""ALGEBRA_SOLVE"",       ""targetRegion"": ""universal_only"",       ""equation_target"": 50,       ""expected_x"": 15,       ""prompt"": ""<b>Phase 2:</b> Total = 50. Find <b>y</b> (Neither)."",       ""hint"": ""15 + 10 + 10 + y = 50 -> 35 + y = 50""     }   ] }",09-003.json,quest_09_difference_of_sets_complements
09-004_Q1,T1,Probability,Quest 9-004: Sports Prob,E,Simulation,,1,Total = 100. Find x (Both).,,,,,,60 + 50 - x = 100,,,[],SET_THEORY,quiz,content/math/set_theory/quest_09_difference_of_sets_complements/09-004.json,,No,,5,"{   ""engineType"": ""SET_THEORY"",   ""mode"": ""quiz"",   ""subject"": ""MATH"",   ""topic"": ""Probability"",   ""variantTitle"": ""Quest 9-004: Sports Prob"",   ""sets"": { ""A"": { ""label"": ""T (60)"", ""color"": ""#8b5cf6"" }, ""B"": { ""label"": ""G (50)"", ""color"": ""#06b6d4"" } },   ""zones"": { ""left"": [""60-x""], ""center"": [""x""], ""right"": [""50-x""], ""outside"": [""0""] },   ""questions"": [     {       ""type"": ""ALGEBRA_SOLVE"",       ""targetRegion"": ""intersection"",       ""equation_target"": 100,       ""expected_x"": 10,       ""prompt"": ""Total = 100. Find <b>x</b> (Both)."",       ""hint"": ""60 + 50 - x = 100""     },     {       ""retain_visuals"": true,       ""type"": ""PROBABILITY"",       ""targetRegion"": ""right_only"",       ""x_val"": 10,       ""total"": 100,       ""expression"": ""50-x"",       ""prompt"": ""Probability of playing <b>Golf Only</b>?"",       ""hint"": ""(50-10)/100 = 40/100""     }   ] }",09-004.json,quest_09_difference_of_sets_complements
09-004_Q2,T1,Probability,Quest 9-004: Sports Prob,E,Simulation,,2,Probability of playing Golf Only?,,,,,,(50-10)/100 = 40/100,,,[],SET_THEORY,quiz,content/math/set_theory/quest_09_difference_of_sets_complements/09-004.json,,No,,5,"{   ""engineType"": ""SET_THEORY"",   ""mode"": ""quiz"",   ""subject"": ""MATH"",   ""topic"": ""Probability"",   ""variantTitle"": ""Quest 9-004: Sports Prob"",   ""sets"": { ""A"": { ""label"": ""T (60)"", ""color"": ""#8b5cf6"" }, ""B"": { ""label"": ""G (50)"", ""color"": ""#06b6d4"" } },   ""zones"": { ""left"": [""60-x""], ""center"": [""x""], ""right"": [""50-x""], ""outside"": [""0""] },   ""questions"": [     {       ""type"": ""ALGEBRA_SOLVE"",       ""targetRegion"": ""intersection"",       ""equation_target"": 100,       ""expected_x"": 10,       ""prompt"": ""Total = 100. Find <b>x</b> (Both)."",       ""hint"": ""60 + 50 - x = 100""     },     {       ""retain_visuals"": true,       ""type"": ""PROBABILITY"",       ""targetRegion"": ""right_only"",       ""x_val"": 10,       ""total"": 100,       ""expression"": ""50-x"",       ""prompt"": ""Probability of playing <b>Golf Only</b>?"",       ""hint"": ""(50-10)/100 = 40/100""     }   ] }",09-004.json,quest_09_difference_of_sets_complements
09-005_Q1,T1,Finding Complements,Quest 9-005: Library Books,E,Simulation,,1,Phase 1: Both is 10. Outside is y. Fill 'Only' regions.,,,,,,,,,[],SET_THEORY,quiz,content/math/set_theory/quest_09_difference_of_sets_complements/09-005.json,,No,,5,"{   ""engineType"": ""SET_THEORY"",   ""mode"": ""quiz"",   ""subject"": ""MATH"",   ""topic"": ""Finding Complements"",   ""variantTitle"": ""Quest 9-005: Library Books"",   ""sets"": { ""A"": { ""label"": ""N (30)"", ""color"": ""#2563eb"" }, ""B"": { ""label"": ""C (25)"", ""color"": ""#db2777"" } },   ""zones"": { ""left"": [""20""], ""center"": [""10""], ""right"": [""15""], ""outside"": [""y""] },    ""questions"": [     {       ""interaction"": ""DIAGRAM_FILL"",       ""prompt"": ""<b>Phase 1:</b> Both is 10. Outside is y. Fill 'Only' regions."",       ""inputs"": [         { ""region"": ""left"", ""expected"": ""20"" },          { ""region"": ""right"", ""expected"": ""15"" },          { ""region"": ""center"", ""expected"": ""10"" }       ]     },     {       ""type"": ""ALGEBRA_SOLVE"",       ""targetRegion"": ""universal_only"",        ""equation_target"": 50,       ""expected_x"": 5,       ""prompt"": ""<b>Phase 2:</b> Total = 50. Find <b>y</b> (Neither)."",       ""hint"": ""20 + 10 + 15 + y = 50 -> 45 + y = 50""     }   ] }",09-005.json,quest_09_difference_of_sets_complements
09-005_Q2,T1,Finding Complements,Quest 9-005: Library Books,E,Simulation,,2,Phase 2: Total = 50. Find y (Neither).,,,,,,20 + 10 + 15 + y = 50 -> 45 + y = 50,,,[],SET_THEORY,quiz,content/math/set_theory/quest_09_difference_of_sets_complements/09-005.json,,No,,5,"{   ""engineType"": ""SET_THEORY"",   ""mode"": ""quiz"",   ""subject"": ""MATH"",   ""topic"": ""Finding Complements"",   ""variantTitle"": ""Quest 9-005: Library Books"",   ""sets"": { ""A"": { ""label"": ""N (30)"", ""color"": ""#2563eb"" }, ""B"": { ""label"": ""C (25)"", ""color"": ""#db2777"" } },   ""zones"": { ""left"": [""20""], ""center"": [""10""], ""right"": [""15""], ""outside"": [""y""] },    ""questions"": [     {       ""interaction"": ""DIAGRAM_FILL"",       ""prompt"": ""<b>Phase 1:</b> Both is 10. Outside is y. Fill 'Only' regions."",       ""inputs"": [         { ""region"": ""left"", ""expected"": ""20"" },          { ""region"": ""right"", ""expected"": ""15"" },          { ""region"": ""center"", ""expected"": ""10"" }       ]     },     {       ""type"": ""ALGEBRA_SOLVE"",       ""targetRegion"": ""universal_only"",        ""equation_target"": 50,       ""expected_x"": 5,       ""prompt"": ""<b>Phase 2:</b> Total = 50. Find <b>y</b> (Neither)."",       ""hint"": ""20 + 10 + 15 + y = 50 -> 45 + y = 50""     }   ] }",09-005.json,quest_09_difference_of_sets_complements
09-006_Q1,T1,Difference of Sets,Quest 9-006: The Garden,E,Simulation,,1,Phase 1: M-only is x+5. B-only is x+10. Both is x.,,,,,,,,,[],SET_THEORY,quiz,content/math/set_theory/quest_09_difference_of_sets_complements/09-006.json,,No,,5,"{   ""engineType"": ""SET_THEORY"",   ""mode"": ""quiz"",   ""subject"": ""MATH"",   ""topic"": ""Difference of Sets"",   ""variantTitle"": ""Quest 9-006: The Garden"",   ""sets"": { ""A"": { ""label"": ""M"", ""color"": ""#16a34a"" }, ""B"": { ""label"": ""B"", ""color"": ""#d97706"" } },   ""zones"": { ""left"": [""x+5""], ""center"": [""x""], ""right"": [""x+10""], ""outside"": [""0""] },    ""questions"": [     {       ""interaction"": ""DIAGRAM_FILL"",       ""prompt"": ""<b>Phase 1:</b> M-only is x+5. B-only is x+10. Both is x."",       ""inputs"": [         { ""region"": ""left"", ""expected"": ""x+5"" },         { ""region"": ""right"", ""expected"": ""x+10"" },         { ""region"": ""center"", ""expected"": ""x"" }       ]     },     {       ""type"": ""ALGEBRA_SOLVE"",       ""targetRegion"": ""union"",        ""equation_target"": 45,       ""expected_x"": 10,       ""prompt"": ""<b>Phase 2:</b> Total gardeners = 45. Find <b>x</b>."",       ""hint"": ""(x+5) + x + (x+10) = 45 -> 3x + 15 = 45""     },     {       ""retain_visuals"": true,       ""type"": ""ALGEBRA_SUBSTITUTE"",       ""targetRegion"": ""left_only"",       ""x_val"": 10,       ""expression"": ""x+5"",       ""prompt"": ""How many grow <span style='color:#16a34a'>Maize Only</span>?"",       ""hint"": ""x + 5 = 10 + 5""     }   ] }",09-006.json,quest_09_difference_of_sets_complements
09-006_Q2,T1,Difference of Sets,Quest 9-006: The Garden,E,Simulation,,2,Phase 2: Total gardeners = 45. Find x.,,,,,,(x+5) + x + (x+10) = 45 -> 3x + 15 = 45,,,[],SET_THEORY,quiz,content/math/set_theory/quest_09_difference_of_sets_complements/09-006.json,,No,,5,"{   ""engineType"": ""SET_THEORY"",   ""mode"": ""quiz"",   ""subject"": ""MATH"",   ""topic"": ""Difference of Sets"",   ""variantTitle"": ""Quest 9-006: The Garden"",   ""sets"": { ""A"": { ""label"": ""M"", ""color"": ""#16a34a"" }, ""B"": { ""label"": ""B"", ""color"": ""#d97706"" } },   ""zones"": { ""left"": [""x+5""], ""center"": [""x""], ""right"": [""x+10""], ""outside"": [""0""] },    ""questions"": [     {       ""interaction"": ""DIAGRAM_FILL"",       ""prompt"": ""<b>Phase 1:</b> M-only is x+5. B-only is x+10. Both is x."",       ""inputs"": [         { ""region"": ""left"", ""expected"": ""x+5"" },         { ""region"": ""right"", ""expected"": ""x+10"" },         { ""region"": ""center"", ""expected"": ""x"" }       ]     },     {       ""type"": ""ALGEBRA_SOLVE"",       ""targetRegion"": ""union"",        ""equation_target"": 45,       ""expected_x"": 10,       ""prompt"": ""<b>Phase 2:</b> Total gardeners = 45. Find <b>x</b>."",       ""hint"": ""(x+5) + x + (x+10) = 45 -> 3x + 15 = 45""     },     {       ""retain_visuals"": true,       ""type"": ""ALGEBRA_SUBSTITUTE"",       ""targetRegion"": ""left_only"",       ""x_val"": 10,       ""expression"": ""x+5"",       ""prompt"": ""How many grow <span style='color:#16a34a'>Maize Only</span>?"",       ""hint"": ""x + 5 = 10 + 5""     }   ] }",09-006.json,quest_09_difference_of_sets_complements
09-006_Q3,T1,Difference of Sets,Quest 9-006: The Garden,E,Simulation,,3,How many grow Maize Only?,,,,,,x + 5 = 10 + 5,,,[],SET_THEORY,quiz,content/math/set_theory/quest_09_difference_of_sets_complements/09-006.json,,No,,5,"{   ""engineType"": ""SET_THEORY"",   ""mode"": ""quiz"",   ""subject"": ""MATH"",   ""topic"": ""Difference of Sets"",   ""variantTitle"": ""Quest 9-006: The Garden"",   ""sets"": { ""A"": { ""label"": ""M"", ""color"": ""#16a34a"" }, ""B"": { ""label"": ""B"", ""color"": ""#d97706"" } },   ""zones"": { ""left"": [""x+5""], ""center"": [""x""], ""right"": [""x+10""], ""outside"": [""0""] },    ""questions"": [     {       ""interaction"": ""DIAGRAM_FILL"",       ""prompt"": ""<b>Phase 1:</b> M-only is x+5. B-only is x+10. Both is x."",       ""inputs"": [         { ""region"": ""left"", ""expected"": ""x+5"" },         { ""region"": ""right"", ""expected"": ""x+10"" },         { ""region"": ""center"", ""expected"": ""x"" }       ]     },     {       ""type"": ""ALGEBRA_SOLVE"",       ""targetRegion"": ""union"",        ""equation_target"": 45,       ""expected_x"": 10,       ""prompt"": ""<b>Phase 2:</b> Total gardeners = 45. Find <b>x</b>."",       ""hint"": ""(x+5) + x + (x+10) = 45 -> 3x + 15 = 45""     },     {       ""retain_visuals"": true,       ""type"": ""ALGEBRA_SUBSTITUTE"",       ""targetRegion"": ""left_only"",       ""x_val"": 10,       ""expression"": ""x+5"",       ""prompt"": ""How many grow <span style='color:#16a34a'>Maize Only</span>?"",       ""hint"": ""x + 5 = 10 + 5""     }   ] }",09-006.json,quest_09_difference_of_sets_complements
09-007_Q1,T1,Set Difference,Quest 9-007: Science Test,E,Simulation,,1,Total Math = 25. Find x.,,,,,,(x+5) + x = 25 -> 2x = 20,,,[],SET_THEORY,quiz,content/math/set_theory/quest_09_difference_of_sets_complements/09-007.json,,No,,5,"{   ""engineType"": ""SET_THEORY"",   ""mode"": ""quiz"",   ""subject"": ""MATH"",   ""topic"": ""Set Difference"",   ""variantTitle"": ""Quest 9-007: Science Test"",   ""sets"": { ""A"": { ""label"": ""M (25)"", ""color"": ""#2563eb"" }, ""B"": { ""label"": ""S"", ""color"": ""#db2777"" } },   ""zones"": { ""left"": [""x+5""], ""center"": [""x""], ""right"": [], ""outside"": [] },   ""questions"": [     {       ""type"": ""ALGEBRA_SOLVE"",       ""targetRegion"": ""left_total"",       ""equation_target"": 25,       ""expected_x"": 10,       ""prompt"": ""Total Math = 25. Find <b>x</b>."",       ""hint"": ""(x+5) + x = 25 -> 2x = 20""     },     {       ""retain_visuals"": true,       ""type"": ""ALGEBRA_SUBSTITUTE"",       ""targetRegion"": ""left_only"",       ""x_val"": 10,       ""expression"": ""x+5"",       ""prompt"": ""How many passed <span style='color:#2563eb'>Math ONLY</span>?"",       ""hint"": ""10 + 5 = 15""     }   ] } ",09-007.json,quest_09_difference_of_sets_complements
09-007_Q2,T1,Set Difference,Quest 9-007: Science Test,E,Simulation,,2,How many passed Math ONLY?,,,,,,10 + 5 = 15,,,[],SET_THEORY,quiz,content/math/set_theory/quest_09_difference_of_sets_complements/09-007.json,,No,,5,"{   ""engineType"": ""SET_THEORY"",   ""mode"": ""quiz"",   ""subject"": ""MATH"",   ""topic"": ""Set Difference"",   ""variantTitle"": ""Quest 9-007: Science Test"",   ""sets"": { ""A"": { ""label"": ""M (25)"", ""color"": ""#2563eb"" }, ""B"": { ""label"": ""S"", ""color"": ""#db2777"" } },   ""zones"": { ""left"": [""x+5""], ""center"": [""x""], ""right"": [], ""outside"": [] },   ""questions"": [     {       ""type"": ""ALGEBRA_SOLVE"",       ""targetRegion"": ""left_total"",       ""equation_target"": 25,       ""expected_x"": 10,       ""prompt"": ""Total Math = 25. Find <b>x</b>."",       ""hint"": ""(x+5) + x = 25 -> 2x = 20""     },     {       ""retain_visuals"": true,       ""type"": ""ALGEBRA_SUBSTITUTE"",       ""targetRegion"": ""left_only"",       ""x_val"": 10,       ""expression"": ""x+5"",       ""prompt"": ""How many passed <span style='color:#2563eb'>Math ONLY</span>?"",       ""hint"": ""10 + 5 = 15""     }   ] } ",09-007.json,quest_09_difference_of_sets_complements
09-008_Q1,T1,Finding Complements,Quest 9-008: Book Fair,E,Simulation,,1,Total Fiction = 25. Find x.,,,,,,(x+5) + x = 25 -> 2x = 20.,,,[],SET_THEORY,quiz,content/math/set_theory/quest_09_difference_of_sets_complements/09-008.json,,No,,5,"{   ""engineType"": ""SET_THEORY"",   ""mode"": ""quiz"",   ""subject"": ""MATH"",   ""topic"": ""Finding Complements"",   ""variantTitle"": ""Quest 9-008: Book Fair"",   ""sets"": { ""A"": { ""label"": ""F (25)"", ""color"": ""#7c3aed"" }, ""B"": { ""label"": ""N"", ""color"": ""#db2777"" } },   ""zones"": { ""left"": [""x+5""], ""center"": [""x""], ""right"": [""10""], ""outside"": [""5""] },   ""questions"": [     {       ""type"": ""ALGEBRA_SOLVE"",       ""targetRegion"": ""left_total"",       ""equation_target"": 25,       ""expected_x"": 10,       ""prompt"": ""Total Fiction = 25. Find <b>x</b>."",       ""hint"": ""(x+5) + x = 25 -> 2x = 20.""     },     {       ""retain_visuals"": true,       ""type"": ""COUNT_SUM"",       ""targetRegion"": ""universal_only"",       ""x_val"": 10,       ""prompt"": ""Find <span style='color:#7c3aed'>n(F')</span> (Not Fiction)."",       ""hint"": ""Non-Fiction Only (10) + Neither (5).""     }   ] }",09-008.json,quest_09_difference_of_sets_complements
09-008_Q2,T1,Finding Complements,Quest 9-008: Book Fair,E,Simulation,,2,Find n(F') (Not Fiction).,,,,,,Non-Fiction Only (10) + Neither (5).,,,[],SET_THEORY,quiz,content/math/set_theory/quest_09_difference_of_sets_complements/09-008.json,,No,,5,"{   ""engineType"": ""SET_THEORY"",   ""mode"": ""quiz"",   ""subject"": ""MATH"",   ""topic"": ""Finding Complements"",   ""variantTitle"": ""Quest 9-008: Book Fair"",   ""sets"": { ""A"": { ""label"": ""F (25)"", ""color"": ""#7c3aed"" }, ""B"": { ""label"": ""N"", ""color"": ""#db2777"" } },   ""zones"": { ""left"": [""x+5""], ""center"": [""x""], ""right"": [""10""], ""outside"": [""5""] },   ""questions"": [     {       ""type"": ""ALGEBRA_SOLVE"",       ""targetRegion"": ""left_total"",       ""equation_target"": 25,       ""expected_x"": 10,       ""prompt"": ""Total Fiction = 25. Find <b>x</b>."",       ""hint"": ""(x+5) + x = 25 -> 2x = 20.""     },     {       ""retain_visuals"": true,       ""type"": ""COUNT_SUM"",       ""targetRegion"": ""universal_only"",       ""x_val"": 10,       ""prompt"": ""Find <span style='color:#7c3aed'>n(F')</span> (Not Fiction)."",       ""hint"": ""Non-Fiction Only (10) + Neither (5).""     }   ] }",09-008.json,quest_09_difference_of_sets_complements
09-009_Q1,T1,Voting Probability,Quest 9-009: Election Day,E,Simulation,,1,"Phase 1: Both is 10. Fill Only regions. (A=40, B=30)",,,,,,,,,[],SET_THEORY,quiz,content/math/set_theory/quest_09_difference_of_sets_complements/09-009.json,,No,,5,"{   ""engineType"": ""SET_THEORY"",   ""mode"": ""quiz"",   ""subject"": ""MATH"",   ""topic"": ""Voting Probability"",   ""variantTitle"": ""Quest 9-009: Election Day"",   ""sets"": { ""A"": { ""label"": ""A (40)"", ""color"": ""#9333ea"" }, ""B"": { ""label"": ""B (30)"", ""color"": ""#db2777"" } },   ""zones"": { ""left"": [""30""], ""center"": [""10""], ""right"": [""20""], ""outside"": [""y""] },   ""questions"": [     {       ""interaction"": ""DIAGRAM_FILL"",       ""prompt"": ""<b>Phase 1:</b> Both is 10. Fill Only regions. (A=40, B=30)"",       ""inputs"": [         { ""region"": ""left"", ""expected"": ""30"" },          { ""region"": ""right"", ""expected"": ""20"" },          { ""region"": ""center"", ""expected"": ""10"" }       ]     },     {       ""type"": ""ALGEBRA_SOLVE"",       ""targetRegion"": ""universal_only"",       ""equation_target"": 80,       ""expected_x"": 20,       ""prompt"": ""<b>Phase 2:</b> Total = 80. Find <b>y</b> (Invalid Votes)."",       ""hint"": ""30 + 10 + 20 + y = 80 -> 60 + y = 80.""     },     {       ""retain_visuals"": true,       ""type"": ""PROBABILITY"",       ""targetRegion"": ""universal_only"",       ""x_val"": 20,       ""total"": 80,       ""expression"": ""y"",       ""prompt"": ""Probability of an <b>Invalid Vote</b>?"",       ""hint"": ""20/80 = 1/4""     }   ] }",09-009.json,quest_09_difference_of_sets_complements
09-009_Q2,T1,Voting Probability,Quest 9-009: Election Day,E,Simulation,,2,Phase 2: Total = 80. Find y (Invalid Votes).,,,,,,30 + 10 + 20 + y = 80 -> 60 + y = 80.,,,[],SET_THEORY,quiz,content/math/set_theory/quest_09_difference_of_sets_complements/09-009.json,,No,,5,"{   ""engineType"": ""SET_THEORY"",   ""mode"": ""quiz"",   ""subject"": ""MATH"",   ""topic"": ""Voting Probability"",   ""variantTitle"": ""Quest 9-009: Election Day"",   ""sets"": { ""A"": { ""label"": ""A (40)"", ""color"": ""#9333ea"" }, ""B"": { ""label"": ""B (30)"", ""color"": ""#db2777"" } },   ""zones"": { ""left"": [""30""], ""center"": [""10""], ""right"": [""20""], ""outside"": [""y""] },   ""questions"": [     {       ""interaction"": ""DIAGRAM_FILL"",       ""prompt"": ""<b>Phase 1:</b> Both is 10. Fill Only regions. (A=40, B=30)"",       ""inputs"": [         { ""region"": ""left"", ""expected"": ""30"" },          { ""region"": ""right"", ""expected"": ""20"" },          { ""region"": ""center"", ""expected"": ""10"" }       ]     },     {       ""type"": ""ALGEBRA_SOLVE"",       ""targetRegion"": ""universal_only"",       ""equation_target"": 80,       ""expected_x"": 20,       ""prompt"": ""<b>Phase 2:</b> Total = 80. Find <b>y</b> (Invalid Votes)."",       ""hint"": ""30 + 10 + 20 + y = 80 -> 60 + y = 80.""     },     {       ""retain_visuals"": true,       ""type"": ""PROBABILITY"",       ""targetRegion"": ""universal_only"",       ""x_val"": 20,       ""total"": 80,       ""expression"": ""y"",       ""prompt"": ""Probability of an <b>Invalid Vote</b>?"",       ""hint"": ""20/80 = 1/4""     }   ] }",09-009.json,quest_09_difference_of_sets_complements
09-009_Q3,T1,Voting Probability,Quest 9-009: Election Day,E,Simulation,,3,Probability of an Invalid Vote?,,,,,,20/80 = 1/4,,,[],SET_THEORY,quiz,content/math/set_theory/quest_09_difference_of_sets_complements/09-009.json,,No,,5,"{   ""engineType"": ""SET_THEORY"",   ""mode"": ""quiz"",   ""subject"": ""MATH"",   ""topic"": ""Voting Probability"",   ""variantTitle"": ""Quest 9-009: Election Day"",   ""sets"": { ""A"": { ""label"": ""A (40)"", ""color"": ""#9333ea"" }, ""B"": { ""label"": ""B (30)"", ""color"": ""#db2777"" } },   ""zones"": { ""left"": [""30""], ""center"": [""10""], ""right"": [""20""], ""outside"": [""y""] },   ""questions"": [     {       ""interaction"": ""DIAGRAM_FILL"",       ""prompt"": ""<b>Phase 1:</b> Both is 10. Fill Only regions. (A=40, B=30)"",       ""inputs"": [         { ""region"": ""left"", ""expected"": ""30"" },          { ""region"": ""right"", ""expected"": ""20"" },          { ""region"": ""center"", ""expected"": ""10"" }       ]     },     {       ""type"": ""ALGEBRA_SOLVE"",       ""targetRegion"": ""universal_only"",       ""equation_target"": 80,       ""expected_x"": 20,       ""prompt"": ""<b>Phase 2:</b> Total = 80. Find <b>y</b> (Invalid Votes)."",       ""hint"": ""30 + 10 + 20 + y = 80 -> 60 + y = 80.""     },     {       ""retain_visuals"": true,       ""type"": ""PROBABILITY"",       ""targetRegion"": ""universal_only"",       ""x_val"": 20,       ""total"": 80,       ""expression"": ""y"",       ""prompt"": ""Probability of an <b>Invalid Vote</b>?"",       ""hint"": ""20/80 = 1/4""     }   ] }",09-009.json,quest_09_difference_of_sets_complements
09-010_Q1,T1,Complement Algebra,Quest 9-010: Party Drinks,E,Simulation,,1,"If n(S ∩ W)' = 32 (Not Both), find x.",,,,,,Total (42) - Both (10) = 32. Or sum Left+Right+Outside.,,,[],SET_THEORY,quiz,content/math/set_theory/quest_09_difference_of_sets_complements/09-010.json,,No,,5,"{   ""engineType"": ""SET_THEORY"",   ""mode"": ""quiz"",   ""subject"": ""MATH"",   ""topic"": ""Complement Algebra"",   ""variantTitle"": ""Quest 9-010: Party Drinks"",   ""sets"": { ""A"": { ""label"": ""S"", ""color"": ""#9333ea"" }, ""B"": { ""label"": ""W"", ""color"": ""#db2777"" } },   ""zones"": { ""left"": [""3x""], ""center"": [""10""], ""right"": [""x+2""], ""outside"": [""2x""] },   ""questions"": [     {       ""type"": ""ALGEBRA_SOLVE"",       ""targetRegion"": ""complement_left"",        ""equation_target"": 42,        ""expected_x"": 5,       ""prompt"": ""If n(S ∩ W)' = 32 (Not Both), find <b>x</b>."",       ""hint"": ""Total (42) - Both (10) = 32. Or sum Left+Right+Outside.""     },     {       ""retain_visuals"": true,       ""type"": ""COUNT_SUM"",       ""targetRegion"": ""union"",       ""x_val"": 5,       ""prompt"": ""How many guests attended <b>altogether</b>?"",       ""hint"": ""32 + 10 = 42.""     },     {       ""retain_visuals"": true,       ""type"": ""ALGEBRA_SUBSTITUTE"",       ""targetRegion"": ""complement_left"",        ""expression"": ""x+2 + 2x"",       ""prompt"": ""How many did <span style='color:#ef4444'>NOT</span> take Soda?"",       ""hint"": ""(Water Only) + (Neither) = 7 + 10 = 17.""     }   ] }",09-010.json,quest_09_difference_of_sets_complements
09-010_Q2,T1,Complement Algebra,Quest 9-010: Party Drinks,E,Simulation,,2,How many guests attended altogether?,,,,,,32 + 10 = 42.,,,[],SET_THEORY,quiz,content/math/set_theory/quest_09_difference_of_sets_complements/09-010.json,,No,,5,"{   ""engineType"": ""SET_THEORY"",   ""mode"": ""quiz"",   ""subject"": ""MATH"",   ""topic"": ""Complement Algebra"",   ""variantTitle"": ""Quest 9-010: Party Drinks"",   ""sets"": { ""A"": { ""label"": ""S"", ""color"": ""#9333ea"" }, ""B"": { ""label"": ""W"", ""color"": ""#db2777"" } },   ""zones"": { ""left"": [""3x""], ""center"": [""10""], ""right"": [""x+2""], ""outside"": [""2x""] },   ""questions"": [     {       ""type"": ""ALGEBRA_SOLVE"",       ""targetRegion"": ""complement_left"",        ""equation_target"": 42,        ""expected_x"": 5,       ""prompt"": ""If n(S ∩ W)' = 32 (Not Both), find <b>x</b>."",       ""hint"": ""Total (42) - Both (10) = 32. Or sum Left+Right+Outside.""     },     {       ""retain_visuals"": true,       ""type"": ""COUNT_SUM"",       ""targetRegion"": ""union"",       ""x_val"": 5,       ""prompt"": ""How many guests attended <b>altogether</b>?"",       ""hint"": ""32 + 10 = 42.""     },     {       ""retain_visuals"": true,       ""type"": ""ALGEBRA_SUBSTITUTE"",       ""targetRegion"": ""complement_left"",        ""expression"": ""x+2 + 2x"",       ""prompt"": ""How many did <span style='color:#ef4444'>NOT</span> take Soda?"",       ""hint"": ""(Water Only) + (Neither) = 7 + 10 = 17.""     }   ] }",09-010.json,quest_09_difference_of_sets_complements
09-010_Q3,T1,Complement Algebra,Quest 9-010: Party Drinks,E,Simulation,,3,How many did NOT take Soda?,,,,,,(Water Only) + (Neither) = 7 + 10 = 17.,,,[],SET_THEORY,quiz,content/math/set_theory/quest_09_difference_of_sets_complements/09-010.json,,No,,5,"{   ""engineType"": ""SET_THEORY"",   ""mode"": ""quiz"",   ""subject"": ""MATH"",   ""topic"": ""Complement Algebra"",   ""variantTitle"": ""Quest 9-010: Party Drinks"",   ""sets"": { ""A"": { ""label"": ""S"", ""color"": ""#9333ea"" }, ""B"": { ""label"": ""W"", ""color"": ""#db2777"" } },   ""zones"": { ""left"": [""3x""], ""center"": [""10""], ""right"": [""x+2""], ""outside"": [""2x""] },   ""questions"": [     {       ""type"": ""ALGEBRA_SOLVE"",       ""targetRegion"": ""complement_left"",        ""equation_target"": 42,        ""expected_x"": 5,       ""prompt"": ""If n(S ∩ W)' = 32 (Not Both), find <b>x</b>."",       ""hint"": ""Total (42) - Both (10) = 32. Or sum Left+Right+Outside.""     },     {       ""retain_visuals"": true,       ""type"": ""COUNT_SUM"",       ""targetRegion"": ""union"",       ""x_val"": 5,       ""prompt"": ""How many guests attended <b>altogether</b>?"",       ""hint"": ""32 + 10 = 42.""     },     {       ""retain_visuals"": true,       ""type"": ""ALGEBRA_SUBSTITUTE"",       ""targetRegion"": ""complement_left"",        ""expression"": ""x+2 + 2x"",       ""prompt"": ""How many did <span style='color:#ef4444'>NOT</span> take Soda?"",       ""hint"": ""(Water Only) + (Neither) = 7 + 10 = 17.""     }   ] }",09-010.json,quest_09_difference_of_sets_complements
09-011_Q1,T1,Finding Complements,Quest 9-011: Transport,E,Simulation,,1,Phase 1: Both=5. Outside=x. Fill Only regions.,,,,,,,,,[],SET_THEORY,quiz,content/math/set_theory/quest_09_difference_of_sets_complements/09-011.json,,No,,5,"{   ""engineType"": ""SET_THEORY"",   ""mode"": ""quiz"",   ""subject"": ""MATH"",   ""topic"": ""Finding Complements"",   ""variantTitle"": ""Quest 9-011: Transport"",   ""sets"": { ""A"": { ""label"": ""B (30)"", ""color"": ""#2563eb"" }, ""B"": { ""label"": ""T (25)"", ""color"": ""#f59e0b"" } },   ""zones"": { ""left"": [""25""], ""center"": [""5""], ""right"": [""20""], ""outside"": [""x""] },   ""questions"": [     {       ""interaction"": ""DIAGRAM_FILL"",       ""prompt"": ""<b>Phase 1:</b> Both=5. Outside=x. Fill Only regions."",       ""inputs"": [         { ""region"": ""left"", ""expected"": ""25"" },         { ""region"": ""right"", ""expected"": ""20"" },         { ""region"": ""center"", ""expected"": ""5"" }       ]     },     {       ""type"": ""ALGEBRA_SOLVE"",       ""targetRegion"": ""universal_only"",       ""equation_target"": 60,       ""expected_x"": 10,       ""prompt"": ""<b>Phase 2:</b> Total=60. Find <b>x</b>."",       ""hint"": ""25 + 5 + 20 + x = 60.""     },     {       ""retain_visuals"": true,       ""type"": ""COUNT_SUM"",       ""targetRegion"": ""complement_left"",        ""x_val"": 10,       ""prompt"": ""How many do <b>NOT</b> take the Bus?"",       ""hint"": ""(Taxi Only) + (Neither) = 20 + 10.""     }   ] }",09-011.json,quest_09_difference_of_sets_complements
09-011_Q2,T1,Finding Complements,Quest 9-011: Transport,E,Simulation,,2,Phase 2: Total=60. Find x.,,,,,,25 + 5 + 20 + x = 60.,,,[],SET_THEORY,quiz,content/math/set_theory/quest_09_difference_of_sets_complements/09-011.json,,No,,5,"{   ""engineType"": ""SET_THEORY"",   ""mode"": ""quiz"",   ""subject"": ""MATH"",   ""topic"": ""Finding Complements"",   ""variantTitle"": ""Quest 9-011: Transport"",   ""sets"": { ""A"": { ""label"": ""B (30)"", ""color"": ""#2563eb"" }, ""B"": { ""label"": ""T (25)"", ""color"": ""#f59e0b"" } },   ""zones"": { ""left"": [""25""], ""center"": [""5""], ""right"": [""20""], ""outside"": [""x""] },   ""questions"": [     {       ""interaction"": ""DIAGRAM_FILL"",       ""prompt"": ""<b>Phase 1:</b> Both=5. Outside=x. Fill Only regions."",       ""inputs"": [         { ""region"": ""left"", ""expected"": ""25"" },         { ""region"": ""right"", ""expected"": ""20"" },         { ""region"": ""center"", ""expected"": ""5"" }       ]     },     {       ""type"": ""ALGEBRA_SOLVE"",       ""targetRegion"": ""universal_only"",       ""equation_target"": 60,       ""expected_x"": 10,       ""prompt"": ""<b>Phase 2:</b> Total=60. Find <b>x</b>."",       ""hint"": ""25 + 5 + 20 + x = 60.""     },     {       ""retain_visuals"": true,       ""type"": ""COUNT_SUM"",       ""targetRegion"": ""complement_left"",        ""x_val"": 10,       ""prompt"": ""How many do <b>NOT</b> take the Bus?"",       ""hint"": ""(Taxi Only) + (Neither) = 20 + 10.""     }   ] }",09-011.json,quest_09_difference_of_sets_complements
09-011_Q3,T1,Finding Complements,Quest 9-011: Transport,E,Simulation,,3,How many do NOT take the Bus?,,,,,,(Taxi Only) + (Neither) = 20 + 10.,,,[],SET_THEORY,quiz,content/math/set_theory/quest_09_difference_of_sets_complements/09-011.json,,No,,5,"{   ""engineType"": ""SET_THEORY"",   ""mode"": ""quiz"",   ""subject"": ""MATH"",   ""topic"": ""Finding Complements"",   ""variantTitle"": ""Quest 9-011: Transport"",   ""sets"": { ""A"": { ""label"": ""B (30)"", ""color"": ""#2563eb"" }, ""B"": { ""label"": ""T (25)"", ""color"": ""#f59e0b"" } },   ""zones"": { ""left"": [""25""], ""center"": [""5""], ""right"": [""20""], ""outside"": [""x""] },   ""questions"": [     {       ""interaction"": ""DIAGRAM_FILL"",       ""prompt"": ""<b>Phase 1:</b> Both=5. Outside=x. Fill Only regions."",       ""inputs"": [         { ""region"": ""left"", ""expected"": ""25"" },         { ""region"": ""right"", ""expected"": ""20"" },         { ""region"": ""center"", ""expected"": ""5"" }       ]     },     {       ""type"": ""ALGEBRA_SOLVE"",       ""targetRegion"": ""universal_only"",       ""equation_target"": 60,       ""expected_x"": 10,       ""prompt"": ""<b>Phase 2:</b> Total=60. Find <b>x</b>."",       ""hint"": ""25 + 5 + 20 + x = 60.""     },     {       ""retain_visuals"": true,       ""type"": ""COUNT_SUM"",       ""targetRegion"": ""complement_left"",        ""x_val"": 10,       ""prompt"": ""How many do <b>NOT</b> take the Bus?"",       ""hint"": ""(Taxi Only) + (Neither) = 20 + 10.""     }   ] }",09-011.json,quest_09_difference_of_sets_complements
09-012_Q1,T1,Complement Logic,Quest 9-013: Lunch Logic,E,Simulation,,1,Total=50. Neither=10. Find x (Both).,,,,,,(Total Rice) + (Total Posho) - x + Neither = Total. 30 + 25 - x + 10 = 50.,,,[],SET_THEORY,quiz,content/math/set_theory/quest_09_difference_of_sets_complements/09-012.json,,No,,5,"{   ""engineType"": ""SET_THEORY"",   ""mode"": ""quiz"",   ""subject"": ""MATH"",   ""topic"": ""Complement Logic"",   ""variantTitle"": ""Quest 9-013: Lunch Logic"",   ""sets"": { ""A"": { ""label"": ""R (30)"", ""color"": ""#f59e0b"" }, ""B"": { ""label"": ""P (25)"", ""color"": ""#10b981"" } },   ""zones"": { ""left"": [""30-x""], ""center"": [""x""], ""right"": [""25-x""], ""outside"": [""10""] },    ""questions"": [     {       ""type"": ""ALGEBRA_SOLVE"",       ""targetRegion"": ""intersection"",       ""equation_target"": 50,       ""expected_x"": 15,       ""prompt"": ""Total=50. Neither=10. Find <b>x</b> (Both)."",       ""hint"": ""(Total Rice) + (Total Posho) - x + Neither = Total. 30 + 25 - x + 10 = 50.""     }   ] } ",09-012.json,quest_09_difference_of_sets_complements
09-013_Q1,T1,Finding Complements,Quest 9-014: Music Class,E,Simulation,,1,"Phase 1: P=25, V=10, Both=5. Fill Only regions.",,,,,,,,,[],SET_THEORY,quiz,content/math/set_theory/quest_09_difference_of_sets_complements/09-013.json,,No,,5,"{   ""engineType"": ""SET_THEORY"",   ""mode"": ""quiz"",   ""subject"": ""MATH"",   ""topic"": ""Finding Complements"",   ""variantTitle"": ""Quest 9-014: Music Class"",   ""sets"": { ""A"": { ""label"": ""P (25)"", ""color"": ""#2563eb"" }, ""B"": { ""label"": ""V (10)"", ""color"": ""#ea580c"" } },   ""zones"": { ""left"": [""20""], ""center"": [""5""], ""right"": [""5""], ""outside"": [""x""] },    ""questions"": [     {       ""interaction"": ""DIAGRAM_FILL"",       ""prompt"": ""<b>Phase 1:</b> P=25, V=10, Both=5. Fill Only regions."",       ""inputs"": [         { ""region"": ""left"", ""expected"": ""20"" },         { ""region"": ""right"", ""expected"": ""5"" },         { ""region"": ""center"", ""expected"": ""5"" }       ]     },     {       ""type"": ""ALGEBRA_SOLVE"",       ""targetRegion"": ""universal_only"",       ""equation_target"": 50,       ""expected_x"": 20,       ""prompt"": ""<b>Phase 2:</b> Total=50. Find <b>x</b> (Neither)."",       ""hint"": ""20 + 5 + 5 + x = 50.""     }   ] }",09-013.json,quest_09_difference_of_sets_complements
09-013_Q2,T1,Finding Complements,Quest 9-014: Music Class,E,Simulation,,2,Phase 2: Total=50. Find x (Neither).,,,,,,20 + 5 + 5 + x = 50.,,,[],SET_THEORY,quiz,content/math/set_theory/quest_09_difference_of_sets_complements/09-013.json,,No,,5,"{   ""engineType"": ""SET_THEORY"",   ""mode"": ""quiz"",   ""subject"": ""MATH"",   ""topic"": ""Finding Complements"",   ""variantTitle"": ""Quest 9-014: Music Class"",   ""sets"": { ""A"": { ""label"": ""P (25)"", ""color"": ""#2563eb"" }, ""B"": { ""label"": ""V (10)"", ""color"": ""#ea580c"" } },   ""zones"": { ""left"": [""20""], ""center"": [""5""], ""right"": [""5""], ""outside"": [""x""] },    ""questions"": [     {       ""interaction"": ""DIAGRAM_FILL"",       ""prompt"": ""<b>Phase 1:</b> P=25, V=10, Both=5. Fill Only regions."",       ""inputs"": [         { ""region"": ""left"", ""expected"": ""20"" },         { ""region"": ""right"", ""expected"": ""5"" },         { ""region"": ""center"", ""expected"": ""5"" }       ]     },     {       ""type"": ""ALGEBRA_SOLVE"",       ""targetRegion"": ""universal_only"",       ""equation_target"": 50,       ""expected_x"": 20,       ""prompt"": ""<b>Phase 2:</b> Total=50. Find <b>x</b> (Neither)."",       ""hint"": ""20 + 5 + 5 + x = 50.""     }   ] }",09-013.json,quest_09_difference_of_sets_complements
09-014_Q1,T1,Complement Logic,Quest 9-015: Exam Results,E,Simulation,,1,Total=50. Neither=5. Find x (Both).,,,,,,(30+25-x) + 5 = 50.,,,[],SET_THEORY,quiz,content/math/set_theory/quest_09_difference_of_sets_complements/09-014.json,,No,,5,"{   ""engineType"": ""SET_THEORY"",   ""mode"": ""quiz"",   ""subject"": ""MATH"",   ""topic"": ""Complement Logic"",   ""variantTitle"": ""Quest 9-015: Exam Results"",   ""sets"": { ""A"": { ""label"": ""M (30)"", ""color"": ""#2563eb"" }, ""B"": { ""label"": ""E (25)"", ""color"": ""#0891b2"" } },   ""zones"": { ""left"": [""30-x""], ""center"": [""x""], ""right"": [""25-x""], ""outside"": [""5""] },   ""questions"": [     {       ""type"": ""ALGEBRA_SOLVE"",       ""targetRegion"": ""intersection"",       ""equation_target"": 50,       ""expected_x"": 10,       ""prompt"": ""Total=50. Neither=5. Find <b>x</b> (Both)."",       ""hint"": ""(30+25-x) + 5 = 50.""     },     {       ""retain_visuals"": true,       ""type"": ""COUNT_SUM"",       ""targetRegion"": ""symmetric_difference"",       ""x_val"": 10,       ""prompt"": ""How many passed <b>exactly one</b> subject?"",       ""hint"": ""(Math Only) + (Eng Only). 20 + 15.""     }   ] }",09-014.json,quest_09_difference_of_sets_complements
09-014_Q2,T1,Complement Logic,Quest 9-015: Exam Results,E,Simulation,,2,How many passed exactly one subject?,,,,,,(Math Only) + (Eng Only). 20 + 15.,,,[],SET_THEORY,quiz,content/math/set_theory/quest_09_difference_of_sets_complements/09-014.json,,No,,5,"{   ""engineType"": ""SET_THEORY"",   ""mode"": ""quiz"",   ""subject"": ""MATH"",   ""topic"": ""Complement Logic"",   ""variantTitle"": ""Quest 9-015: Exam Results"",   ""sets"": { ""A"": { ""label"": ""M (30)"", ""color"": ""#2563eb"" }, ""B"": { ""label"": ""E (25)"", ""color"": ""#0891b2"" } },   ""zones"": { ""left"": [""30-x""], ""center"": [""x""], ""right"": [""25-x""], ""outside"": [""5""] },   ""questions"": [     {       ""type"": ""ALGEBRA_SOLVE"",       ""targetRegion"": ""intersection"",       ""equation_target"": 50,       ""expected_x"": 10,       ""prompt"": ""Total=50. Neither=5. Find <b>x</b> (Both)."",       ""hint"": ""(30+25-x) + 5 = 50.""     },     {       ""retain_visuals"": true,       ""type"": ""COUNT_SUM"",       ""targetRegion"": ""symmetric_difference"",       ""x_val"": 10,       ""prompt"": ""How many passed <b>exactly one</b> subject?"",       ""hint"": ""(Math Only) + (Eng Only). 20 + 15.""     }   ] }",09-014.json,quest_09_difference_of_sets_complements
09-015_Q1,T1,Total & Complements,Quest 9-016: Market Data,E,Simulation,,1,Find the Total Number of people.,,,,,,20 + 5 + 15 + 10.,,,[],SET_THEORY,quiz,content/math/set_theory/quest_09_difference_of_sets_complements/09-015.json,,No,,5,"{   ""engineType"": ""SET_THEORY"",   ""mode"": ""quiz"",   ""subject"": ""MATH"",   ""topic"": ""Total & Complements"",   ""variantTitle"": ""Quest 9-016: Market Data"",   ""sets"": { ""A"": { ""label"": ""A"", ""color"": ""#9333ea"" }, ""B"": { ""label"": ""B"", ""color"": ""#db2777"" } },   ""zones"": { ""left"": [""20""], ""center"": [""5""], ""right"": [""15""], ""outside"": [""10""] },   ""questions"": [     {       ""type"": ""COUNT_SUM"",       ""targetRegion"": ""union"",       ""prompt"": ""Find the <b>Total Number</b> of people."",       ""hint"": ""20 + 5 + 15 + 10.""     },     {       ""type"": ""COUNT_SUM"",       ""targetRegion"": ""universal_only"",        ""prompt"": ""Find <span style='color:#64748b'>n(A ∩ B)'</span>."",       ""hint"": ""Total (50) - Intersection (5) = 45.""     }   ] }",09-015.json,quest_09_difference_of_sets_complements
09-015_Q2,T1,Total & Complements,Quest 9-016: Market Data,E,Simulation,,2,Find n(A ∩ B)'.,,,,,,Total (50) - Intersection (5) = 45.,,,[],SET_THEORY,quiz,content/math/set_theory/quest_09_difference_of_sets_complements/09-015.json,,No,,5,"{   ""engineType"": ""SET_THEORY"",   ""mode"": ""quiz"",   ""subject"": ""MATH"",   ""topic"": ""Total & Complements"",   ""variantTitle"": ""Quest 9-016: Market Data"",   ""sets"": { ""A"": { ""label"": ""A"", ""color"": ""#9333ea"" }, ""B"": { ""label"": ""B"", ""color"": ""#db2777"" } },   ""zones"": { ""left"": [""20""], ""center"": [""5""], ""right"": [""15""], ""outside"": [""10""] },   ""questions"": [     {       ""type"": ""COUNT_SUM"",       ""targetRegion"": ""union"",       ""prompt"": ""Find the <b>Total Number</b> of people."",       ""hint"": ""20 + 5 + 15 + 10.""     },     {       ""type"": ""COUNT_SUM"",       ""targetRegion"": ""universal_only"",        ""prompt"": ""Find <span style='color:#64748b'>n(A ∩ B)'</span>."",       ""hint"": ""Total (50) - Intersection (5) = 45.""     }   ] }",09-015.json,quest_09_difference_of_sets_complements
09-016_Q1,T1,De Morgan Law,Quest 9-017: Complements,E,Simulation,,1,List elements of (A ∪ B)'.,,,,,,Elements outside both circles.,,,[],SET_THEORY,quiz,content/math/set_theory/quest_09_difference_of_sets_complements/09-016.json,,No,,5,"{   ""engineType"": ""SET_THEORY"",   ""mode"": ""quiz"",   ""subject"": ""MATH"",   ""topic"": ""De Morgan Law"",   ""variantTitle"": ""Quest 9-017: Complements"",   ""sets"": { ""A"": { ""label"": ""A"", ""color"": ""#0891b2"" }, ""B"": { ""label"": ""B"", ""color"": ""#7c3aed"" } },   ""zones"": { ""left"": [1,2], ""center"": [3], ""right"": [4,5], ""outside"": [6,7] },   ""questions"": [     {       ""type"": ""LIST"",       ""targetRegion"": ""universal_only"",       ""prompt"": ""List elements of <span style='color:#64748b'>(A ∪ B)'</span>."",       ""hint"": ""Elements outside both circles.""     },     {       ""retain_visuals"": true,       ""type"": ""COUNT"",       ""targetRegion"": ""universal_only"",       ""prompt"": ""Find <span style='color:#64748b'>n(A' ∩ B')</span>."",       ""hint"": ""A' ∩ B' is the same as (A ∪ B)'. Count is 2.""     }   ] }",09-016.json,quest_09_difference_of_sets_complements
09-016_Q2,T1,De Morgan Law,Quest 9-017: Complements,E,Simulation,,2,Find n(A' ∩ B').,,,,,,A' ∩ B' is the same as (A ∪ B)'. Count is 2.,,,[],SET_THEORY,quiz,content/math/set_theory/quest_09_difference_of_sets_complements/09-016.json,,No,,5,"{   ""engineType"": ""SET_THEORY"",   ""mode"": ""quiz"",   ""subject"": ""MATH"",   ""topic"": ""De Morgan Law"",   ""variantTitle"": ""Quest 9-017: Complements"",   ""sets"": { ""A"": { ""label"": ""A"", ""color"": ""#0891b2"" }, ""B"": { ""label"": ""B"", ""color"": ""#7c3aed"" } },   ""zones"": { ""left"": [1,2], ""center"": [3], ""right"": [4,5], ""outside"": [6,7] },   ""questions"": [     {       ""type"": ""LIST"",       ""targetRegion"": ""universal_only"",       ""prompt"": ""List elements of <span style='color:#64748b'>(A ∪ B)'</span>."",       ""hint"": ""Elements outside both circles.""     },     {       ""retain_visuals"": true,       ""type"": ""COUNT"",       ""targetRegion"": ""universal_only"",       ""prompt"": ""Find <span style='color:#64748b'>n(A' ∩ B')</span>."",       ""hint"": ""A' ∩ B' is the same as (A ∪ B)'. Count is 2.""     }   ] }",09-016.json,quest_09_difference_of_sets_complements
09-017_Q1,T1,Complement Construction,Quest 9-019: Party Build,E,Simulation,,1,Phase 1: Build It• J-only: 15 &nbsp; • W-only: 10• Both: 5 &nbsp; • Outside: p,,,,,,,,,[],SET_THEORY,quiz,content/math/set_theory/quest_09_difference_of_sets_complements/09-017.json,,No,,5,"{   ""engineType"": ""SET_THEORY"",   ""mode"": ""quiz"",   ""subject"": ""MATH"",   ""topic"": ""Complement Construction"",   ""variantTitle"": ""Quest 9-019: Party Build"",   ""sets"": { ""A"": { ""label"": ""J"", ""color"": ""#f59e0b"" }, ""B"": { ""label"": ""W"", ""color"": ""#06b6d4"" } },   ""zones"": { ""left"": [""15""], ""center"": [""5""], ""right"": [""10""], ""outside"": [""p""] },   ""questions"": [     {       ""interaction"": ""DRAG_SORT"",       ""prompt"": ""<b>Phase 1: Build It</b><br>• J-only: 15 &nbsp; • W-only: 10<br>• Both: 5 &nbsp; • Outside: <b>p</b>"",       ""items"": [         { ""val"": ""15"", ""target"": ""left"" },         { ""val"": ""5"", ""target"": ""center"" },         { ""val"": ""10"", ""target"": ""right"" },         { ""val"": ""p"", ""target"": ""outside"" }       ]     },     {       ""retain_visuals"": false,       ""type"": ""ALGEBRA_SOLVE"",       ""targetRegion"": ""universal_only"",       ""equation_target"": 40,       ""expected_x"": 10,       ""prompt"": ""<b>Phase 2:</b> Total=40. Find <b>p</b>."",       ""hint"": ""15 + 5 + 10 + p = 40 -> 30 + p = 40.""     }   ] }",09-017.json,quest_09_difference_of_sets_complements
09-017_Q2,T1,Complement Construction,Quest 9-019: Party Build,E,Simulation,,2,Phase 2: Total=40. Find p.,,,,,,15 + 5 + 10 + p = 40 -> 30 + p = 40.,,,[],SET_THEORY,quiz,content/math/set_theory/quest_09_difference_of_sets_complements/09-017.json,,No,,5,"{   ""engineType"": ""SET_THEORY"",   ""mode"": ""quiz"",   ""subject"": ""MATH"",   ""topic"": ""Complement Construction"",   ""variantTitle"": ""Quest 9-019: Party Build"",   ""sets"": { ""A"": { ""label"": ""J"", ""color"": ""#f59e0b"" }, ""B"": { ""label"": ""W"", ""color"": ""#06b6d4"" } },   ""zones"": { ""left"": [""15""], ""center"": [""5""], ""right"": [""10""], ""outside"": [""p""] },   ""questions"": [     {       ""interaction"": ""DRAG_SORT"",       ""prompt"": ""<b>Phase 1: Build It</b><br>• J-only: 15 &nbsp; • W-only: 10<br>• Both: 5 &nbsp; • Outside: <b>p</b>"",       ""items"": [         { ""val"": ""15"", ""target"": ""left"" },         { ""val"": ""5"", ""target"": ""center"" },         { ""val"": ""10"", ""target"": ""right"" },         { ""val"": ""p"", ""target"": ""outside"" }       ]     },     {       ""retain_visuals"": false,       ""type"": ""ALGEBRA_SOLVE"",       ""targetRegion"": ""universal_only"",       ""equation_target"": 40,       ""expected_x"": 10,       ""prompt"": ""<b>Phase 2:</b> Total=40. Find <b>p</b>."",       ""hint"": ""15 + 5 + 10 + p = 40 -> 30 + p = 40.""     }   ] }",09-017.json,quest_09_difference_of_sets_complements
09-018_Q1,T1,Finding Neither,Quest 9-022: Library Data,E,Simulation,,1,Phase 1: Both is 20. Outside is k. Fill Only regions.,,,,,,,,,[],SET_THEORY,quiz,content/math/set_theory/quest_09_difference_of_sets_complements/09-018.json,,No,,5,"{   ""engineType"": ""SET_THEORY"",   ""mode"": ""quiz"",   ""subject"": ""MATH"",   ""topic"": ""Finding Neither"",   ""variantTitle"": ""Quest 9-022: Library Data"",   ""sets"": { ""A"": { ""label"": ""B (40)"", ""color"": ""#7c3aed"" }, ""B"": { ""label"": ""P (30)"", ""color"": ""#db2777"" } },   ""zones"": { ""left"": [""20""], ""center"": [""20""], ""right"": [""10""], ""outside"": [""k""] },    ""questions"": [     {       ""interaction"": ""DIAGRAM_FILL"",       ""prompt"": ""<b>Phase 1:</b> Both is 20. Outside is k. Fill Only regions."",       ""inputs"": [         { ""region"": ""left"", ""expected"": ""20"" },          { ""region"": ""right"", ""expected"": ""10"" },          { ""region"": ""center"", ""expected"": ""20"" }       ]     },     {       ""type"": ""ALGEBRA_SOLVE"",       ""targetRegion"": ""universal_only"",       ""equation_target"": 60,       ""expected_x"": 10,       ""prompt"": ""<b>Phase 2:</b> Total = 60. Find <b>k</b> (Neither)."",       ""hint"": ""20 + 20 + 10 + k = 60 -> 50 + k = 60.""     },     {       ""retain_visuals"": true,       ""type"": ""COUNT_SUM"",       ""targetRegion"": ""complement_left"",        ""x_val"": 10,       ""prompt"": ""How many do <b>NOT</b> read Books?"",       ""hint"": ""(Papers Only) + (Neither). 10 + 10 = 20.""     }   ] }",09-018.json,quest_09_difference_of_sets_complements
09-018_Q2,T1,Finding Neither,Quest 9-022: Library Data,E,Simulation,,2,Phase 2: Total = 60. Find k (Neither).,,,,,,20 + 20 + 10 + k = 60 -> 50 + k = 60.,,,[],SET_THEORY,quiz,content/math/set_theory/quest_09_difference_of_sets_complements/09-018.json,,No,,5,"{   ""engineType"": ""SET_THEORY"",   ""mode"": ""quiz"",   ""subject"": ""MATH"",   ""topic"": ""Finding Neither"",   ""variantTitle"": ""Quest 9-022: Library Data"",   ""sets"": { ""A"": { ""label"": ""B (40)"", ""color"": ""#7c3aed"" }, ""B"": { ""label"": ""P (30)"", ""color"": ""#db2777"" } },   ""zones"": { ""left"": [""20""], ""center"": [""20""], ""right"": [""10""], ""outside"": [""k""] },    ""questions"": [     {       ""interaction"": ""DIAGRAM_FILL"",       ""prompt"": ""<b>Phase 1:</b> Both is 20. Outside is k. Fill Only regions."",       ""inputs"": [         { ""region"": ""left"", ""expected"": ""20"" },          { ""region"": ""right"", ""expected"": ""10"" },          { ""region"": ""center"", ""expected"": ""20"" }       ]     },     {       ""type"": ""ALGEBRA_SOLVE"",       ""targetRegion"": ""universal_only"",       ""equation_target"": 60,       ""expected_x"": 10,       ""prompt"": ""<b>Phase 2:</b> Total = 60. Find <b>k</b> (Neither)."",       ""hint"": ""20 + 20 + 10 + k = 60 -> 50 + k = 60.""     },     {       ""retain_visuals"": true,       ""type"": ""COUNT_SUM"",       ""targetRegion"": ""complement_left"",        ""x_val"": 10,       ""prompt"": ""How many do <b>NOT</b> read Books?"",       ""hint"": ""(Papers Only) + (Neither). 10 + 10 = 20.""     }   ] }",09-018.json,quest_09_difference_of_sets_complements
09-018_Q3,T1,Finding Neither,Quest 9-022: Library Data,E,Simulation,,3,How many do NOT read Books?,,,,,,(Papers Only) + (Neither). 10 + 10 = 20.,,,[],SET_THEORY,quiz,content/math/set_theory/quest_09_difference_of_sets_complements/09-018.json,,No,,5,"{   ""engineType"": ""SET_THEORY"",   ""mode"": ""quiz"",   ""subject"": ""MATH"",   ""topic"": ""Finding Neither"",   ""variantTitle"": ""Quest 9-022: Library Data"",   ""sets"": { ""A"": { ""label"": ""B (40)"", ""color"": ""#7c3aed"" }, ""B"": { ""label"": ""P (30)"", ""color"": ""#db2777"" } },   ""zones"": { ""left"": [""20""], ""center"": [""20""], ""right"": [""10""], ""outside"": [""k""] },    ""questions"": [     {       ""interaction"": ""DIAGRAM_FILL"",       ""prompt"": ""<b>Phase 1:</b> Both is 20. Outside is k. Fill Only regions."",       ""inputs"": [         { ""region"": ""left"", ""expected"": ""20"" },          { ""region"": ""right"", ""expected"": ""10"" },          { ""region"": ""center"", ""expected"": ""20"" }       ]     },     {       ""type"": ""ALGEBRA_SOLVE"",       ""targetRegion"": ""universal_only"",       ""equation_target"": 60,       ""expected_x"": 10,       ""prompt"": ""<b>Phase 2:</b> Total = 60. Find <b>k</b> (Neither)."",       ""hint"": ""20 + 20 + 10 + k = 60 -> 50 + k = 60.""     },     {       ""retain_visuals"": true,       ""type"": ""COUNT_SUM"",       ""targetRegion"": ""complement_left"",        ""x_val"": 10,       ""prompt"": ""How many do <b>NOT</b> read Books?"",       ""hint"": ""(Papers Only) + (Neither). 10 + 10 = 20.""     }   ] }",09-018.json,quest_09_difference_of_sets_complements
09-019_Q1,T1,Not Set A,Quest 9-023: Not A,E,Simulation,,1,Total=50. Neither=5. Find x (Both).,,,,,,(30-x) + x + (25-x) + 5 = 50 -> 60 - x = 50.,,,[],SET_THEORY,quiz,content/math/set_theory/quest_09_difference_of_sets_complements/09-019.json,,No,,5,"{   ""engineType"": ""SET_THEORY"",   ""mode"": ""quiz"",   ""subject"": ""MATH"",   ""topic"": ""Not Set A"",   ""variantTitle"": ""Quest 9-023: Not A"",   ""sets"": { ""A"": { ""label"": ""A (30)"", ""color"": ""#059669"" }, ""B"": { ""label"": ""B (25)"", ""color"": ""#0891b2"" } },   ""zones"": { ""left"": [""30-x""], ""center"": [""x""], ""right"": [""25-x""], ""outside"": [""5""] },    ""questions"": [     {       ""type"": ""ALGEBRA_SOLVE"",       ""targetRegion"": ""intersection"",       ""equation_target"": 50,       ""expected_x"": 10,       ""prompt"": ""Total=50. Neither=5. Find <b>x</b> (Both)."",       ""hint"": ""(30-x) + x + (25-x) + 5 = 50 -> 60 - x = 50.""     },     {       ""retain_visuals"": true,       ""type"": ""ALGEBRA_SUBSTITUTE"",       ""targetRegion"": ""complement_left"",        ""x_val"": 10,       ""expression"": ""(25-x) + 5"",       ""prompt"": ""Find <span style='color:#059669'>n(A')</span> (Not A)."",       ""hint"": ""(B Only) + (Outside). (15) + 5 = 20.""     }   ] }",09-019.json,quest_09_difference_of_sets_complements
09-019_Q2,T1,Not Set A,Quest 9-023: Not A,E,Simulation,,2,Find n(A') (Not A).,,,,,,(B Only) + (Outside). (15) + 5 = 20.,,,[],SET_THEORY,quiz,content/math/set_theory/quest_09_difference_of_sets_complements/09-019.json,,No,,5,"{   ""engineType"": ""SET_THEORY"",   ""mode"": ""quiz"",   ""subject"": ""MATH"",   ""topic"": ""Not Set A"",   ""variantTitle"": ""Quest 9-023: Not A"",   ""sets"": { ""A"": { ""label"": ""A (30)"", ""color"": ""#059669"" }, ""B"": { ""label"": ""B (25)"", ""color"": ""#0891b2"" } },   ""zones"": { ""left"": [""30-x""], ""center"": [""x""], ""right"": [""25-x""], ""outside"": [""5""] },    ""questions"": [     {       ""type"": ""ALGEBRA_SOLVE"",       ""targetRegion"": ""intersection"",       ""equation_target"": 50,       ""expected_x"": 10,       ""prompt"": ""Total=50. Neither=5. Find <b>x</b> (Both)."",       ""hint"": ""(30-x) + x + (25-x) + 5 = 50 -> 60 - x = 50.""     },     {       ""retain_visuals"": true,       ""type"": ""ALGEBRA_SUBSTITUTE"",       ""targetRegion"": ""complement_left"",        ""x_val"": 10,       ""expression"": ""(25-x) + 5"",       ""prompt"": ""Find <span style='color:#059669'>n(A')</span> (Not A)."",       ""hint"": ""(B Only) + (Outside). (15) + 5 = 20.""     }   ] }",09-019.json,quest_09_difference_of_sets_complements
09-020_Q1,T1,Finding Complement,Quest 9-024: Missing Group,E,Simulation,,1,Total=80. Intersection=15. Find y (Neither).,,,,,,(40+35-15) + y = 80 -> 60 + y = 80.,,,[],SET_THEORY,quiz,content/math/set_theory/quest_09_difference_of_sets_complements/09-020.json,,No,,5,"{   ""engineType"": ""SET_THEORY"",   ""mode"": ""quiz"",   ""subject"": ""MATH"",   ""topic"": ""Finding Complement"",   ""variantTitle"": ""Quest 9-024: Missing Group"",   ""sets"": { ""A"": { ""label"": ""A (40)"", ""color"": ""#f59e0b"" }, ""B"": { ""label"": ""B (35)"", ""color"": ""#10b981"" } },   ""zones"": { ""left"": [""25""], ""center"": [""15""], ""right"": [""20""], ""outside"": [""y""] },   ""questions"": [     {       ""type"": ""ALGEBRA_SOLVE"",       ""targetRegion"": ""universal_only"",       ""equation_target"": 80,       ""expected_x"": 20,       ""prompt"": ""Total=80. Intersection=15. Find <b>y</b> (Neither)."",       ""hint"": ""(40+35-15) + y = 80 -> 60 + y = 80.""     }   ] }",09-020.json,quest_09_difference_of_sets_complements
09-021_Q1,T1,Complement Algebra,Quest 9-025: Travel Plans,E,Simulation,,1,"Phase 1: USA(30), UK(25), Both(5). Fill Only regions.",,,,,,,,,[],SET_THEORY,quiz,content/math/set_theory/quest_09_difference_of_sets_complements/09-021.json,,No,,5,"{   ""engineType"": ""SET_THEORY"",   ""mode"": ""quiz"",   ""subject"": ""MATH"",   ""topic"": ""Complement Algebra"",   ""variantTitle"": ""Quest 9-025: Travel Plans"",   ""sets"": { ""A"": { ""label"": ""USA"", ""color"": ""#2563eb"" }, ""B"": { ""label"": ""UK"", ""color"": ""#dc2626"" } },   ""zones"": { ""left"": [""25""], ""center"": [""5""], ""right"": [""20""], ""outside"": [""y""] },   ""questions"": [     {       ""interaction"": ""DIAGRAM_FILL"",       ""prompt"": ""<b>Phase 1:</b> USA(30), UK(25), Both(5). Fill Only regions."",       ""inputs"": [         { ""region"": ""left"", ""expected"": ""25"" },          { ""region"": ""right"", ""expected"": ""20"" },          { ""region"": ""center"", ""expected"": ""5"" }       ]     },     {       ""type"": ""ALGEBRA_SOLVE"",       ""targetRegion"": ""universal_only"",       ""equation_target"": 60,       ""expected_x"": 10,       ""prompt"": ""<b>Phase 2:</b> Total=60. Find <b>y</b> (Neither)."",       ""hint"": ""25 + 5 + 20 + y = 60 -> 50 + y = 60.""     }   ] }",09-021.json,quest_09_difference_of_sets_complements
09-021_Q2,T1,Complement Algebra,Quest 9-025: Travel Plans,E,Simulation,,2,Phase 2: Total=60. Find y (Neither).,,,,,,25 + 5 + 20 + y = 60 -> 50 + y = 60.,,,[],SET_THEORY,quiz,content/math/set_theory/quest_09_difference_of_sets_complements/09-021.json,,No,,5,"{   ""engineType"": ""SET_THEORY"",   ""mode"": ""quiz"",   ""subject"": ""MATH"",   ""topic"": ""Complement Algebra"",   ""variantTitle"": ""Quest 9-025: Travel Plans"",   ""sets"": { ""A"": { ""label"": ""USA"", ""color"": ""#2563eb"" }, ""B"": { ""label"": ""UK"", ""color"": ""#dc2626"" } },   ""zones"": { ""left"": [""25""], ""center"": [""5""], ""right"": [""20""], ""outside"": [""y""] },   ""questions"": [     {       ""interaction"": ""DIAGRAM_FILL"",       ""prompt"": ""<b>Phase 1:</b> USA(30), UK(25), Both(5). Fill Only regions."",       ""inputs"": [         { ""region"": ""left"", ""expected"": ""25"" },          { ""region"": ""right"", ""expected"": ""20"" },          { ""region"": ""center"", ""expected"": ""5"" }       ]     },     {       ""type"": ""ALGEBRA_SOLVE"",       ""targetRegion"": ""universal_only"",       ""equation_target"": 60,       ""expected_x"": 10,       ""prompt"": ""<b>Phase 2:</b> Total=60. Find <b>y</b> (Neither)."",       ""hint"": ""25 + 5 + 20 + y = 60 -> 50 + y = 60.""     }   ] }",09-021.json,quest_09_difference_of_sets_complements
09-022_Q1,T1,Visual Complements,Quest 9-026: Food Clicks,E,Simulation,,1,Tap regions representing people who did NOT eat Pizza.,,,,,,Click 'Burger Only' (10) and 'Neither' (15). Sum = 25.,,,[],SET_THEORY,quiz,content/math/set_theory/quest_09_difference_of_sets_complements/09-022.json,,No,,5,"{   ""engineType"": ""SET_THEORY"",   ""mode"": ""quiz"",   ""subject"": ""MATH"",   ""topic"": ""Visual Complements"",   ""variantTitle"": ""Quest 9-026: Food Clicks"",   ""sets"": { ""A"": { ""label"": ""P"", ""color"": ""#16a34a"" }, ""B"": { ""label"": ""B"", ""color"": ""#ea580c"" } },   ""zones"": { ""left"": [20], ""center"": [15], ""right"": [10], ""outside"": [15] },    ""questions"": [     {       ""interaction"": ""CLICK_SUM"",       ""targetRegion"": ""complement_left"",        ""prompt"": ""Tap regions representing people who did <b>NOT</b> eat Pizza."",       ""hint"": ""Click 'Burger Only' (10) and 'Neither' (15). Sum = 25.""     },     {       ""interaction"": ""CLICK_SUM"",       ""targetRegion"": ""complement_right"",        ""prompt"": ""Tap regions representing people who did <b>NOT</b> eat Burgers."",       ""hint"": ""Click 'Pizza Only' (20) and 'Neither' (15). Sum = 35.""     }   ] }",09-022.json,quest_09_difference_of_sets_complements
09-022_Q2,T1,Visual Complements,Quest 9-026: Food Clicks,E,Simulation,,2,Tap regions representing people who did NOT eat Burgers.,,,,,,Click 'Pizza Only' (20) and 'Neither' (15). Sum = 35.,,,[],SET_THEORY,quiz,content/math/set_theory/quest_09_difference_of_sets_complements/09-022.json,,No,,5,"{   ""engineType"": ""SET_THEORY"",   ""mode"": ""quiz"",   ""subject"": ""MATH"",   ""topic"": ""Visual Complements"",   ""variantTitle"": ""Quest 9-026: Food Clicks"",   ""sets"": { ""A"": { ""label"": ""P"", ""color"": ""#16a34a"" }, ""B"": { ""label"": ""B"", ""color"": ""#ea580c"" } },   ""zones"": { ""left"": [20], ""center"": [15], ""right"": [10], ""outside"": [15] },    ""questions"": [     {       ""interaction"": ""CLICK_SUM"",       ""targetRegion"": ""complement_left"",        ""prompt"": ""Tap regions representing people who did <b>NOT</b> eat Pizza."",       ""hint"": ""Click 'Burger Only' (10) and 'Neither' (15). Sum = 25.""     },     {       ""interaction"": ""CLICK_SUM"",       ""targetRegion"": ""complement_right"",        ""prompt"": ""Tap regions representing people who did <b>NOT</b> eat Burgers."",       ""hint"": ""Click 'Pizza Only' (20) and 'Neither' (15). Sum = 35.""     }   ] }",09-022.json,quest_09_difference_of_sets_complements
09-023_Q1,T1,Outside Logic,Quest 9-027: Sports Clicks,E,Simulation,,1,Tap the region for people who play Neither sport.,,,,,,Click the box background area. Sum = 10.,,,[],SET_THEORY,quiz,content/math/set_theory/quest_09_difference_of_sets_complements/09-023.json,,No,,5,"{   ""engineType"": ""SET_THEORY"",   ""mode"": ""quiz"",   ""subject"": ""MATH"",   ""topic"": ""Outside Logic"",   ""variantTitle"": ""Quest 9-027: Sports Clicks"",   ""sets"": { ""A"": { ""label"": ""T"", ""color"": ""#2563eb"" }, ""B"": { ""label"": ""G"", ""color"": ""#7c3aed"" } },   ""zones"": { ""left"": [40], ""center"": [20], ""right"": [30], ""outside"": [10] },    ""questions"": [     {       ""interaction"": ""CLICK_SUM"",       ""targetRegion"": ""universal_only"",       ""prompt"": ""Tap the region for people who play <b>Neither</b> sport."",       ""hint"": ""Click the box background area. Sum = 10.""     },     {       ""interaction"": ""CLICK_SUM"",       ""targetRegion"": ""union"",       ""prompt"": ""Tap everyone who plays <b>a sport</b>."",       ""hint"": ""Click Left, Center, and Right. 40 + 20 + 30 = 90.""     }   ] }",09-023.json,quest_09_difference_of_sets_complements
09-023_Q2,T1,Outside Logic,Quest 9-027: Sports Clicks,E,Simulation,,2,Tap everyone who plays a sport.,,,,,,"Click Left, Center, and Right. 40 + 20 + 30 = 90.",,,[],SET_THEORY,quiz,content/math/set_theory/quest_09_difference_of_sets_complements/09-023.json,,No,,5,"{   ""engineType"": ""SET_THEORY"",   ""mode"": ""quiz"",   ""subject"": ""MATH"",   ""topic"": ""Outside Logic"",   ""variantTitle"": ""Quest 9-027: Sports Clicks"",   ""sets"": { ""A"": { ""label"": ""T"", ""color"": ""#2563eb"" }, ""B"": { ""label"": ""G"", ""color"": ""#7c3aed"" } },   ""zones"": { ""left"": [40], ""center"": [20], ""right"": [30], ""outside"": [10] },    ""questions"": [     {       ""interaction"": ""CLICK_SUM"",       ""targetRegion"": ""universal_only"",       ""prompt"": ""Tap the region for people who play <b>Neither</b> sport."",       ""hint"": ""Click the box background area. Sum = 10.""     },     {       ""interaction"": ""CLICK_SUM"",       ""targetRegion"": ""union"",       ""prompt"": ""Tap everyone who plays <b>a sport</b>."",       ""hint"": ""Click Left, Center, and Right. 40 + 20 + 30 = 90.""     }   ] }",09-023.json,quest_09_difference_of_sets_complements
study_complements_S1,T1,Complements,Understanding 'Not',E,Read,,1,What is a Complement?: The Complement of Set A (written A') means everything that is NOT in Circle A.Imagine covering Circle A with your hand. What is left?,,,,,,,,,[],MATH_STUDY,study,content/math/set_theory/quest_09_difference_of_sets_complements/study_complements.json,,No,,0,"{   ""engineType"": ""MATH_STUDY"",   ""mode"": ""study"",   ""topic"": ""Complements"",   ""variantTitle"": ""Understanding 'Not'"",   ""slides"": [     {       ""title"": ""What is a Complement?"",       ""text"": ""The <b>Complement of Set A</b> (written A') means everything that is <b>NOT</b> in Circle A.<br><br>Imagine covering Circle A with your hand. What is left?"",       ""visualType"": ""VENN_DIAGRAM"",       ""labels"": [""A"", ""B""],       ""elements"": { ""left"": ""Left"", ""center"": ""Mid"", ""right"": ""Right"", ""outside"": ""Out"" },       ""highlight"": [""right"", ""outside""]     },     {       ""title"": ""Case 1: The Visual Test"",       ""text"": ""<b>Question:</b> Identify regions for \""Not Pizza\"".<br><br><b>Logic:</b> We must exclude the Pizza Circle completely.<br>This leaves: <b>Burger Only</b> + <b>Neither</b>."",       ""visualType"": ""VENN_DIAGRAM"",       ""labels"": [""Pizza"", ""Burger""],       ""elements"": { ""left"": ""20"", ""center"": ""15"", ""right"": ""10"", ""outside"": ""15"" },       ""highlight"": [""right"", ""outside""]     },     {       ""title"": ""Case 2: Finding 'Neither'"",       ""text"": ""<b>Problem:</b> Total = 50. Find <b>y</b> (Neither).<br><br><b>Logic:</b> The Universal Set contains EVERYTHING.<br>Left + Mid + Right + Outside = Total.<br><br><b>Equation:</b><br>15 + 10 + 10 + y = 50<br>35 + y = 50<br>y = 15"",       ""visualType"": ""VENN_DIAGRAM"",       ""labels"": [""S"", ""R""],       ""elements"": { ""left"": ""15"", ""center"": ""10"", ""right"": ""10"", ""outside"": ""y"" },       ""highlight"": [""outside""]     },     {       ""title"": ""Case 3: 'Not Both'"",       ""text"": ""<b>Question:</b> \""n(S ∩ W)' = 32\"". What does this mean?<br><br><b>Logic:</b> It means the Complement of the Intersection.<br>Everything EXCEPT the middle.<br><br>So, (Left + Right + Outside) = 32."",       ""visualType"": ""VENN_DIAGRAM"",       ""labels"": [""S"", ""W""],       ""elements"": { ""left"": ""3x"", ""center"": ""10"", ""right"": ""x+2"", ""outside"": ""2x"" },       ""highlight"": [""left"", ""right"", ""outside""]     },     {       ""title"": ""Solving Case 3"",       ""text"": ""If Total = 42, and 'Not Both' = 32, we can find the Middle easily.<br><br><b>Shortcut:</b> Total - Not Both = Both.<br>42 - 32 = <b>10</b>."",       ""visualType"": ""VENN_DIAGRAM"",       ""labels"": [""S"", ""W""],       ""elements"": { ""left"": ""?"", ""center"": ""10"", ""right"": ""?"", ""outside"": ""?"" },       ""highlight"": [""center""]     }   ] }",study_complements.json,quest_09_difference_of_sets_complements
study_complements_S2,T1,Complements,Understanding 'Not',E,Read,,2,"Case 1: The Visual Test: Question: Identify regions for ""Not Pizza"".Logic: We must exclude the Pizza Circle completely.This leaves: Burger Only + Neither.",,,,,,,,,[],MATH_STUDY,study,content/math/set_theory/quest_09_difference_of_sets_complements/study_complements.json,,No,,0,"{   ""engineType"": ""MATH_STUDY"",   ""mode"": ""study"",   ""topic"": ""Complements"",   ""variantTitle"": ""Understanding 'Not'"",   ""slides"": [     {       ""title"": ""What is a Complement?"",       ""text"": ""The <b>Complement of Set A</b> (written A') means everything that is <b>NOT</b> in Circle A.<br><br>Imagine covering Circle A with your hand. What is left?"",       ""visualType"": ""VENN_DIAGRAM"",       ""labels"": [""A"", ""B""],       ""elements"": { ""left"": ""Left"", ""center"": ""Mid"", ""right"": ""Right"", ""outside"": ""Out"" },       ""highlight"": [""right"", ""outside""]     },     {       ""title"": ""Case 1: The Visual Test"",       ""text"": ""<b>Question:</b> Identify regions for \""Not Pizza\"".<br><br><b>Logic:</b> We must exclude the Pizza Circle completely.<br>This leaves: <b>Burger Only</b> + <b>Neither</b>."",       ""visualType"": ""VENN_DIAGRAM"",       ""labels"": [""Pizza"", ""Burger""],       ""elements"": { ""left"": ""20"", ""center"": ""15"", ""right"": ""10"", ""outside"": ""15"" },       ""highlight"": [""right"", ""outside""]     },     {       ""title"": ""Case 2: Finding 'Neither'"",       ""text"": ""<b>Problem:</b> Total = 50. Find <b>y</b> (Neither).<br><br><b>Logic:</b> The Universal Set contains EVERYTHING.<br>Left + Mid + Right + Outside = Total.<br><br><b>Equation:</b><br>15 + 10 + 10 + y = 50<br>35 + y = 50<br>y = 15"",       ""visualType"": ""VENN_DIAGRAM"",       ""labels"": [""S"", ""R""],       ""elements"": { ""left"": ""15"", ""center"": ""10"", ""right"": ""10"", ""outside"": ""y"" },       ""highlight"": [""outside""]     },     {       ""title"": ""Case 3: 'Not Both'"",       ""text"": ""<b>Question:</b> \""n(S ∩ W)' = 32\"". What does this mean?<br><br><b>Logic:</b> It means the Complement of the Intersection.<br>Everything EXCEPT the middle.<br><br>So, (Left + Right + Outside) = 32."",       ""visualType"": ""VENN_DIAGRAM"",       ""labels"": [""S"", ""W""],       ""elements"": { ""left"": ""3x"", ""center"": ""10"", ""right"": ""x+2"", ""outside"": ""2x"" },       ""highlight"": [""left"", ""right"", ""outside""]     },     {       ""title"": ""Solving Case 3"",       ""text"": ""If Total = 42, and 'Not Both' = 32, we can find the Middle easily.<br><br><b>Shortcut:</b> Total - Not Both = Both.<br>42 - 32 = <b>10</b>."",       ""visualType"": ""VENN_DIAGRAM"",       ""labels"": [""S"", ""W""],       ""elements"": { ""left"": ""?"", ""center"": ""10"", ""right"": ""?"", ""outside"": ""?"" },       ""highlight"": [""center""]     }   ] }",study_complements.json,quest_09_difference_of_sets_complements
study_complements_S3,T1,Complements,Understanding 'Not',E,Read,,3,Case 2: Finding 'Neither': Problem: Total = 50. Find y (Neither).Logic: The Universal Set contains EVERYTHING.Left + Mid + Right + Outside = Total.Equation:15 + 10 + 10 + y = 5035 + y = 50y = 15,,,,,,,,,[],MATH_STUDY,study,content/math/set_theory/quest_09_difference_of_sets_complements/study_complements.json,,No,,0,"{   ""engineType"": ""MATH_STUDY"",   ""mode"": ""study"",   ""topic"": ""Complements"",   ""variantTitle"": ""Understanding 'Not'"",   ""slides"": [     {       ""title"": ""What is a Complement?"",       ""text"": ""The <b>Complement of Set A</b> (written A') means everything that is <b>NOT</b> in Circle A.<br><br>Imagine covering Circle A with your hand. What is left?"",       ""visualType"": ""VENN_DIAGRAM"",       ""labels"": [""A"", ""B""],       ""elements"": { ""left"": ""Left"", ""center"": ""Mid"", ""right"": ""Right"", ""outside"": ""Out"" },       ""highlight"": [""right"", ""outside""]     },     {       ""title"": ""Case 1: The Visual Test"",       ""text"": ""<b>Question:</b> Identify regions for \""Not Pizza\"".<br><br><b>Logic:</b> We must exclude the Pizza Circle completely.<br>This leaves: <b>Burger Only</b> + <b>Neither</b>."",       ""visualType"": ""VENN_DIAGRAM"",       ""labels"": [""Pizza"", ""Burger""],       ""elements"": { ""left"": ""20"", ""center"": ""15"", ""right"": ""10"", ""outside"": ""15"" },       ""highlight"": [""right"", ""outside""]     },     {       ""title"": ""Case 2: Finding 'Neither'"",       ""text"": ""<b>Problem:</b> Total = 50. Find <b>y</b> (Neither).<br><br><b>Logic:</b> The Universal Set contains EVERYTHING.<br>Left + Mid + Right + Outside = Total.<br><br><b>Equation:</b><br>15 + 10 + 10 + y = 50<br>35 + y = 50<br>y = 15"",       ""visualType"": ""VENN_DIAGRAM"",       ""labels"": [""S"", ""R""],       ""elements"": { ""left"": ""15"", ""center"": ""10"", ""right"": ""10"", ""outside"": ""y"" },       ""highlight"": [""outside""]     },     {       ""title"": ""Case 3: 'Not Both'"",       ""text"": ""<b>Question:</b> \""n(S ∩ W)' = 32\"". What does this mean?<br><br><b>Logic:</b> It means the Complement of the Intersection.<br>Everything EXCEPT the middle.<br><br>So, (Left + Right + Outside) = 32."",       ""visualType"": ""VENN_DIAGRAM"",       ""labels"": [""S"", ""W""],       ""elements"": { ""left"": ""3x"", ""center"": ""10"", ""right"": ""x+2"", ""outside"": ""2x"" },       ""highlight"": [""left"", ""right"", ""outside""]     },     {       ""title"": ""Solving Case 3"",       ""text"": ""If Total = 42, and 'Not Both' = 32, we can find the Middle easily.<br><br><b>Shortcut:</b> Total - Not Both = Both.<br>42 - 32 = <b>10</b>."",       ""visualType"": ""VENN_DIAGRAM"",       ""labels"": [""S"", ""W""],       ""elements"": { ""left"": ""?"", ""center"": ""10"", ""right"": ""?"", ""outside"": ""?"" },       ""highlight"": [""center""]     }   ] }",study_complements.json,quest_09_difference_of_sets_complements
study_complements_S4,T1,Complements,Understanding 'Not',E,Read,,4,"Case 3: 'Not Both': Question: ""n(S ∩ W)' = 32"". What does this mean?Logic: It means the Complement of the Intersection.Everything EXCEPT the middle.So, (Left + Right + Outside) = 32.",,,,,,,,,[],MATH_STUDY,study,content/math/set_theory/quest_09_difference_of_sets_complements/study_complements.json,,No,,0,"{   ""engineType"": ""MATH_STUDY"",   ""mode"": ""study"",   ""topic"": ""Complements"",   ""variantTitle"": ""Understanding 'Not'"",   ""slides"": [     {       ""title"": ""What is a Complement?"",       ""text"": ""The <b>Complement of Set A</b> (written A') means everything that is <b>NOT</b> in Circle A.<br><br>Imagine covering Circle A with your hand. What is left?"",       ""visualType"": ""VENN_DIAGRAM"",       ""labels"": [""A"", ""B""],       ""elements"": { ""left"": ""Left"", ""center"": ""Mid"", ""right"": ""Right"", ""outside"": ""Out"" },       ""highlight"": [""right"", ""outside""]     },     {       ""title"": ""Case 1: The Visual Test"",       ""text"": ""<b>Question:</b> Identify regions for \""Not Pizza\"".<br><br><b>Logic:</b> We must exclude the Pizza Circle completely.<br>This leaves: <b>Burger Only</b> + <b>Neither</b>."",       ""visualType"": ""VENN_DIAGRAM"",       ""labels"": [""Pizza"", ""Burger""],       ""elements"": { ""left"": ""20"", ""center"": ""15"", ""right"": ""10"", ""outside"": ""15"" },       ""highlight"": [""right"", ""outside""]     },     {       ""title"": ""Case 2: Finding 'Neither'"",       ""text"": ""<b>Problem:</b> Total = 50. Find <b>y</b> (Neither).<br><br><b>Logic:</b> The Universal Set contains EVERYTHING.<br>Left + Mid + Right + Outside = Total.<br><br><b>Equation:</b><br>15 + 10 + 10 + y = 50<br>35 + y = 50<br>y = 15"",       ""visualType"": ""VENN_DIAGRAM"",       ""labels"": [""S"", ""R""],       ""elements"": { ""left"": ""15"", ""center"": ""10"", ""right"": ""10"", ""outside"": ""y"" },       ""highlight"": [""outside""]     },     {       ""title"": ""Case 3: 'Not Both'"",       ""text"": ""<b>Question:</b> \""n(S ∩ W)' = 32\"". What does this mean?<br><br><b>Logic:</b> It means the Complement of the Intersection.<br>Everything EXCEPT the middle.<br><br>So, (Left + Right + Outside) = 32."",       ""visualType"": ""VENN_DIAGRAM"",       ""labels"": [""S"", ""W""],       ""elements"": { ""left"": ""3x"", ""center"": ""10"", ""right"": ""x+2"", ""outside"": ""2x"" },       ""highlight"": [""left"", ""right"", ""outside""]     },     {       ""title"": ""Solving Case 3"",       ""text"": ""If Total = 42, and 'Not Both' = 32, we can find the Middle easily.<br><br><b>Shortcut:</b> Total - Not Both = Both.<br>42 - 32 = <b>10</b>."",       ""visualType"": ""VENN_DIAGRAM"",       ""labels"": [""S"", ""W""],       ""elements"": { ""left"": ""?"", ""center"": ""10"", ""right"": ""?"", ""outside"": ""?"" },       ""highlight"": [""center""]     }   ] }",study_complements.json,quest_09_difference_of_sets_complements
study_complements_S5,T1,Complements,Understanding 'Not',E,Read,,5,"Solving Case 3: If Total = 42, and 'Not Both' = 32, we can find the Middle easily.Shortcut: Total - Not Both = Both.42 - 32 = 10.",,,,,,,,,[],MATH_STUDY,study,content/math/set_theory/quest_09_difference_of_sets_complements/study_complements.json,,No,,0,"{   ""engineType"": ""MATH_STUDY"",   ""mode"": ""study"",   ""topic"": ""Complements"",   ""variantTitle"": ""Understanding 'Not'"",   ""slides"": [     {       ""title"": ""What is a Complement?"",       ""text"": ""The <b>Complement of Set A</b> (written A') means everything that is <b>NOT</b> in Circle A.<br><br>Imagine covering Circle A with your hand. What is left?"",       ""visualType"": ""VENN_DIAGRAM"",       ""labels"": [""A"", ""B""],       ""elements"": { ""left"": ""Left"", ""center"": ""Mid"", ""right"": ""Right"", ""outside"": ""Out"" },       ""highlight"": [""right"", ""outside""]     },     {       ""title"": ""Case 1: The Visual Test"",       ""text"": ""<b>Question:</b> Identify regions for \""Not Pizza\"".<br><br><b>Logic:</b> We must exclude the Pizza Circle completely.<br>This leaves: <b>Burger Only</b> + <b>Neither</b>."",       ""visualType"": ""VENN_DIAGRAM"",       ""labels"": [""Pizza"", ""Burger""],       ""elements"": { ""left"": ""20"", ""center"": ""15"", ""right"": ""10"", ""outside"": ""15"" },       ""highlight"": [""right"", ""outside""]     },     {       ""title"": ""Case 2: Finding 'Neither'"",       ""text"": ""<b>Problem:</b> Total = 50. Find <b>y</b> (Neither).<br><br><b>Logic:</b> The Universal Set contains EVERYTHING.<br>Left + Mid + Right + Outside = Total.<br><br><b>Equation:</b><br>15 + 10 + 10 + y = 50<br>35 + y = 50<br>y = 15"",       ""visualType"": ""VENN_DIAGRAM"",       ""labels"": [""S"", ""R""],       ""elements"": { ""left"": ""15"", ""center"": ""10"", ""right"": ""10"", ""outside"": ""y"" },       ""highlight"": [""outside""]     },     {       ""title"": ""Case 3: 'Not Both'"",       ""text"": ""<b>Question:</b> \""n(S ∩ W)' = 32\"". What does this mean?<br><br><b>Logic:</b> It means the Complement of the Intersection.<br>Everything EXCEPT the middle.<br><br>So, (Left + Right + Outside) = 32."",       ""visualType"": ""VENN_DIAGRAM"",       ""labels"": [""S"", ""W""],       ""elements"": { ""left"": ""3x"", ""center"": ""10"", ""right"": ""x+2"", ""outside"": ""2x"" },       ""highlight"": [""left"", ""right"", ""outside""]     },     {       ""title"": ""Solving Case 3"",       ""text"": ""If Total = 42, and 'Not Both' = 32, we can find the Middle easily.<br><br><b>Shortcut:</b> Total - Not Both = Both.<br>42 - 32 = <b>10</b>."",       ""visualType"": ""VENN_DIAGRAM"",       ""labels"": [""S"", ""W""],       ""elements"": { ""left"": ""?"", ""center"": ""10"", ""right"": ""?"", ""outside"": ""?"" },       ""highlight"": [""center""]     }   ] }",study_complements.json,quest_09_difference_of_sets_complements
10-001_Q1,T1,Probability using Venn Diagrams,Topic 10: Probability Master,E,Simulation,,1,Total farmers = 60. Find x.,,,,,,(30-x) + x + (25-x) + 10 = 60,,,[],SET_THEORY,quiz,content/math/set_theory/quest_10_probability_using_venn_diagrams/10-001.json,,No,,5,"{   ""engineType"": ""SET_THEORY"",   ""mode"": ""quiz"",   ""subject"": ""MATH"",   ""topic"": ""Probability using Venn Diagrams"",   ""variantTitle"": ""Topic 10: Probability Master"",   ""sets"": {     ""A"": { ""label"": ""G"", ""color"": ""#9333ea"" },     ""B"": { ""label"": ""S"", ""color"": ""#db2777"" }   },   ""zones"": {     ""left"": [""30-x""],     ""center"": [""x""],     ""right"": [""25-x""],     ""outside"": [""10""]   },   ""questions"": [     {       ""type"": ""ALGEBRA_SOLVE"",       ""targetRegion"": ""union"",        ""equation_target"": 60,       ""expected_x"": 5,       ""prompt"": ""Total farmers = 60. Find <b>x</b>."",       ""hint"": ""(30-x) + x + (25-x) + 10 = 60""     },     {       ""retain_visuals"": true,       ""type"": ""ALGEBRA_SUBSTITUTE"",       ""targetRegion"": ""left_only"",       ""x_val"": 5,       ""expression"": ""30-x"",       ""prompt"": ""How many keep <span style='color:#9333ea'>Goats ONLY</span>?"",       ""hint"": ""30 - 5""     },     {       ""retain_visuals"": true,       ""type"": ""PROBABILITY"",       ""targetRegion"": ""left_only"",       ""x_val"": 5,       ""total"": 60,       ""expression"": ""30-x"",       ""prompt"": ""What is the probability of choosing a farmer with <span style='color:#9333ea'>Goats Only</span>?"",       ""hint"": ""n(Goats Only) / Total Farmers. (25/60)""     }   ] }",10-001.json,quest_10_probability_using_venn_diagrams
10-001_Q2,T1,Probability using Venn Diagrams,Topic 10: Probability Master,E,Simulation,,2,How many keep Goats ONLY?,,,,,,30 - 5,,,[],SET_THEORY,quiz,content/math/set_theory/quest_10_probability_using_venn_diagrams/10-001.json,,No,,5,"{   ""engineType"": ""SET_THEORY"",   ""mode"": ""quiz"",   ""subject"": ""MATH"",   ""topic"": ""Probability using Venn Diagrams"",   ""variantTitle"": ""Topic 10: Probability Master"",   ""sets"": {     ""A"": { ""label"": ""G"", ""color"": ""#9333ea"" },     ""B"": { ""label"": ""S"", ""color"": ""#db2777"" }   },   ""zones"": {     ""left"": [""30-x""],     ""center"": [""x""],     ""right"": [""25-x""],     ""outside"": [""10""]   },   ""questions"": [     {       ""type"": ""ALGEBRA_SOLVE"",       ""targetRegion"": ""union"",        ""equation_target"": 60,       ""expected_x"": 5,       ""prompt"": ""Total farmers = 60. Find <b>x</b>."",       ""hint"": ""(30-x) + x + (25-x) + 10 = 60""     },     {       ""retain_visuals"": true,       ""type"": ""ALGEBRA_SUBSTITUTE"",       ""targetRegion"": ""left_only"",       ""x_val"": 5,       ""expression"": ""30-x"",       ""prompt"": ""How many keep <span style='color:#9333ea'>Goats ONLY</span>?"",       ""hint"": ""30 - 5""     },     {       ""retain_visuals"": true,       ""type"": ""PROBABILITY"",       ""targetRegion"": ""left_only"",       ""x_val"": 5,       ""total"": 60,       ""expression"": ""30-x"",       ""prompt"": ""What is the probability of choosing a farmer with <span style='color:#9333ea'>Goats Only</span>?"",       ""hint"": ""n(Goats Only) / Total Farmers. (25/60)""     }   ] }",10-001.json,quest_10_probability_using_venn_diagrams
10-001_Q3,T1,Probability using Venn Diagrams,Topic 10: Probability Master,E,Simulation,,3,What is the probability of choosing a farmer with Goats Only?,,,,,,n(Goats Only) / Total Farmers. (25/60),,,[],SET_THEORY,quiz,content/math/set_theory/quest_10_probability_using_venn_diagrams/10-001.json,,No,,5,"{   ""engineType"": ""SET_THEORY"",   ""mode"": ""quiz"",   ""subject"": ""MATH"",   ""topic"": ""Probability using Venn Diagrams"",   ""variantTitle"": ""Topic 10: Probability Master"",   ""sets"": {     ""A"": { ""label"": ""G"", ""color"": ""#9333ea"" },     ""B"": { ""label"": ""S"", ""color"": ""#db2777"" }   },   ""zones"": {     ""left"": [""30-x""],     ""center"": [""x""],     ""right"": [""25-x""],     ""outside"": [""10""]   },   ""questions"": [     {       ""type"": ""ALGEBRA_SOLVE"",       ""targetRegion"": ""union"",        ""equation_target"": 60,       ""expected_x"": 5,       ""prompt"": ""Total farmers = 60. Find <b>x</b>."",       ""hint"": ""(30-x) + x + (25-x) + 10 = 60""     },     {       ""retain_visuals"": true,       ""type"": ""ALGEBRA_SUBSTITUTE"",       ""targetRegion"": ""left_only"",       ""x_val"": 5,       ""expression"": ""30-x"",       ""prompt"": ""How many keep <span style='color:#9333ea'>Goats ONLY</span>?"",       ""hint"": ""30 - 5""     },     {       ""retain_visuals"": true,       ""type"": ""PROBABILITY"",       ""targetRegion"": ""left_only"",       ""x_val"": 5,       ""total"": 60,       ""expression"": ""30-x"",       ""prompt"": ""What is the probability of choosing a farmer with <span style='color:#9333ea'>Goats Only</span>?"",       ""hint"": ""n(Goats Only) / Total Farmers. (25/60)""     }   ] }",10-001.json,quest_10_probability_using_venn_diagrams
10-002_Q1,T1,Probability II,Topic 10: School Subjects,E,Simulation,,1,Phase 1: 5 pupils learn neither subject. Fill the diagram.,,,,,,,,,[],SET_THEORY,quiz,content/math/set_theory/quest_10_probability_using_venn_diagrams/10-002.json,,No,,5,"{   ""engineType"": ""SET_THEORY"",   ""mode"": ""quiz"",   ""subject"": ""MATH"",   ""topic"": ""Probability II"",   ""variantTitle"": ""Topic 10: School Subjects"",   ""sets"": { ""A"": { ""label"": ""S (30)"", ""color"": ""#9333ea"" }, ""B"": { ""label"": ""T (25)"", ""color"": ""#db2777"" } },   ""zones"": { ""left"": [], ""center"": [""x""], ""right"": [], ""outside"": [] },    ""questions"": [     {       ""interaction"": ""DIAGRAM_FILL"",       ""prompt"": ""<b>Phase 1:</b> 5 pupils learn neither subject. Fill the diagram."",       ""inputs"": [         { ""region"": ""left"", ""expected"": ""30-x"" },         { ""region"": ""right"", ""expected"": ""25-x"" },         { ""region"": ""outside"", ""expected"": ""5"" }       ]     },     {       ""type"": ""ALGEBRA_SOLVE"",       ""targetRegion"": ""union"",        ""equation_target"": 50,       ""expected_x"": 10,       ""prompt"": ""<b>Phase 2:</b> Total pupils = 50. Find <b>x</b>."",       ""hint"": ""(30-x) + x + (25-x) + 5 = 50""     },     {       ""retain_visuals"": true,       ""type"": ""PROBABILITY"",       ""targetRegion"": ""left_only"",       ""x_val"": 10,       ""total"": 50,       ""expression"": ""30-x"",       ""prompt"": ""Probability of choosing a pupil who studies <span style='color:#9333ea'>Science Only</span>?"",       ""hint"": ""n(Science Only) / Total. (20/50)""     }   ] }",10-002.json,quest_10_probability_using_venn_diagrams
10-002_Q2,T1,Probability II,Topic 10: School Subjects,E,Simulation,,2,Phase 2: Total pupils = 50. Find x.,,,,,,(30-x) + x + (25-x) + 5 = 50,,,[],SET_THEORY,quiz,content/math/set_theory/quest_10_probability_using_venn_diagrams/10-002.json,,No,,5,"{   ""engineType"": ""SET_THEORY"",   ""mode"": ""quiz"",   ""subject"": ""MATH"",   ""topic"": ""Probability II"",   ""variantTitle"": ""Topic 10: School Subjects"",   ""sets"": { ""A"": { ""label"": ""S (30)"", ""color"": ""#9333ea"" }, ""B"": { ""label"": ""T (25)"", ""color"": ""#db2777"" } },   ""zones"": { ""left"": [], ""center"": [""x""], ""right"": [], ""outside"": [] },    ""questions"": [     {       ""interaction"": ""DIAGRAM_FILL"",       ""prompt"": ""<b>Phase 1:</b> 5 pupils learn neither subject. Fill the diagram."",       ""inputs"": [         { ""region"": ""left"", ""expected"": ""30-x"" },         { ""region"": ""right"", ""expected"": ""25-x"" },         { ""region"": ""outside"", ""expected"": ""5"" }       ]     },     {       ""type"": ""ALGEBRA_SOLVE"",       ""targetRegion"": ""union"",        ""equation_target"": 50,       ""expected_x"": 10,       ""prompt"": ""<b>Phase 2:</b> Total pupils = 50. Find <b>x</b>."",       ""hint"": ""(30-x) + x + (25-x) + 5 = 50""     },     {       ""retain_visuals"": true,       ""type"": ""PROBABILITY"",       ""targetRegion"": ""left_only"",       ""x_val"": 10,       ""total"": 50,       ""expression"": ""30-x"",       ""prompt"": ""Probability of choosing a pupil who studies <span style='color:#9333ea'>Science Only</span>?"",       ""hint"": ""n(Science Only) / Total. (20/50)""     }   ] }",10-002.json,quest_10_probability_using_venn_diagrams
10-002_Q3,T1,Probability II,Topic 10: School Subjects,E,Simulation,,3,Probability of choosing a pupil who studies Science Only?,,,,,,n(Science Only) / Total. (20/50),,,[],SET_THEORY,quiz,content/math/set_theory/quest_10_probability_using_venn_diagrams/10-002.json,,No,,5,"{   ""engineType"": ""SET_THEORY"",   ""mode"": ""quiz"",   ""subject"": ""MATH"",   ""topic"": ""Probability II"",   ""variantTitle"": ""Topic 10: School Subjects"",   ""sets"": { ""A"": { ""label"": ""S (30)"", ""color"": ""#9333ea"" }, ""B"": { ""label"": ""T (25)"", ""color"": ""#db2777"" } },   ""zones"": { ""left"": [], ""center"": [""x""], ""right"": [], ""outside"": [] },    ""questions"": [     {       ""interaction"": ""DIAGRAM_FILL"",       ""prompt"": ""<b>Phase 1:</b> 5 pupils learn neither subject. Fill the diagram."",       ""inputs"": [         { ""region"": ""left"", ""expected"": ""30-x"" },         { ""region"": ""right"", ""expected"": ""25-x"" },         { ""region"": ""outside"", ""expected"": ""5"" }       ]     },     {       ""type"": ""ALGEBRA_SOLVE"",       ""targetRegion"": ""union"",        ""equation_target"": 50,       ""expected_x"": 10,       ""prompt"": ""<b>Phase 2:</b> Total pupils = 50. Find <b>x</b>."",       ""hint"": ""(30-x) + x + (25-x) + 5 = 50""     },     {       ""retain_visuals"": true,       ""type"": ""PROBABILITY"",       ""targetRegion"": ""left_only"",       ""x_val"": 10,       ""total"": 50,       ""expression"": ""30-x"",       ""prompt"": ""Probability of choosing a pupil who studies <span style='color:#9333ea'>Science Only</span>?"",       ""hint"": ""n(Science Only) / Total. (20/50)""     }   ] }",10-002.json,quest_10_probability_using_venn_diagrams
10-003_Q1,T1,Party Drinks,Topic 10: Party Drinks,E,Simulation,,1,Phase 1: 2 guests drink neither. Fill the diagram.,,,,,,,,,[],SET_THEORY,quiz,content/math/set_theory/quest_10_probability_using_venn_diagrams/10-003.json,,No,,5,"{   ""engineType"": ""SET_THEORY"",   ""mode"": ""quiz"",   ""subject"": ""MATH"",   ""topic"": ""Party Drinks"",   ""variantTitle"": ""Topic 10: Party Drinks"",   ""sets"": { ""A"": { ""label"": ""A (24)"", ""color"": ""#9333ea"" }, ""B"": { ""label"": ""B (20)"", ""color"": ""#db2777"" } },   ""zones"": { ""left"": [], ""center"": [""x""], ""right"": [], ""outside"": [] },    ""questions"": [     {       ""interaction"": ""DIAGRAM_FILL"",       ""prompt"": ""<b>Phase 1:</b> 2 guests drink neither. Fill the diagram."",       ""inputs"": [         { ""region"": ""left"", ""expected"": ""24-x"" },         { ""region"": ""right"", ""expected"": ""20-x"" },         { ""region"": ""outside"", ""expected"": ""2"" }       ]     },     {       ""type"": ""ALGEBRA_SOLVE"",       ""targetRegion"": ""union"",        ""equation_target"": 40,       ""expected_x"": 6,       ""prompt"": ""<b>Phase 2:</b> Total guests = 40. Find <b>x</b>."",       ""hint"": ""(24-x) + x + (20-x) + 2 = 40""     },     {       ""retain_visuals"": true,       ""type"": ""COUNT_SUM"",       ""targetRegion"": ""symmetric_difference"",       ""x_val"": 6,       ""prompt"": ""How many drink <b>one type only</b>?"",       ""hint"": ""(A Only) + (B Only). Substitute x=6.""     }   ] }",10-003.json,quest_10_probability_using_venn_diagrams
10-003_Q2,T1,Party Drinks,Topic 10: Party Drinks,E,Simulation,,2,Phase 2: Total guests = 40. Find x.,,,,,,(24-x) + x + (20-x) + 2 = 40,,,[],SET_THEORY,quiz,content/math/set_theory/quest_10_probability_using_venn_diagrams/10-003.json,,No,,5,"{   ""engineType"": ""SET_THEORY"",   ""mode"": ""quiz"",   ""subject"": ""MATH"",   ""topic"": ""Party Drinks"",   ""variantTitle"": ""Topic 10: Party Drinks"",   ""sets"": { ""A"": { ""label"": ""A (24)"", ""color"": ""#9333ea"" }, ""B"": { ""label"": ""B (20)"", ""color"": ""#db2777"" } },   ""zones"": { ""left"": [], ""center"": [""x""], ""right"": [], ""outside"": [] },    ""questions"": [     {       ""interaction"": ""DIAGRAM_FILL"",       ""prompt"": ""<b>Phase 1:</b> 2 guests drink neither. Fill the diagram."",       ""inputs"": [         { ""region"": ""left"", ""expected"": ""24-x"" },         { ""region"": ""right"", ""expected"": ""20-x"" },         { ""region"": ""outside"", ""expected"": ""2"" }       ]     },     {       ""type"": ""ALGEBRA_SOLVE"",       ""targetRegion"": ""union"",        ""equation_target"": 40,       ""expected_x"": 6,       ""prompt"": ""<b>Phase 2:</b> Total guests = 40. Find <b>x</b>."",       ""hint"": ""(24-x) + x + (20-x) + 2 = 40""     },     {       ""retain_visuals"": true,       ""type"": ""COUNT_SUM"",       ""targetRegion"": ""symmetric_difference"",       ""x_val"": 6,       ""prompt"": ""How many drink <b>one type only</b>?"",       ""hint"": ""(A Only) + (B Only). Substitute x=6.""     }   ] }",10-003.json,quest_10_probability_using_venn_diagrams
10-003_Q3,T1,Party Drinks,Topic 10: Party Drinks,E,Simulation,,3,How many drink one type only?,,,,,,(A Only) + (B Only). Substitute x=6.,,,[],SET_THEORY,quiz,content/math/set_theory/quest_10_probability_using_venn_diagrams/10-003.json,,No,,5,"{   ""engineType"": ""SET_THEORY"",   ""mode"": ""quiz"",   ""subject"": ""MATH"",   ""topic"": ""Party Drinks"",   ""variantTitle"": ""Topic 10: Party Drinks"",   ""sets"": { ""A"": { ""label"": ""A (24)"", ""color"": ""#9333ea"" }, ""B"": { ""label"": ""B (20)"", ""color"": ""#db2777"" } },   ""zones"": { ""left"": [], ""center"": [""x""], ""right"": [], ""outside"": [] },    ""questions"": [     {       ""interaction"": ""DIAGRAM_FILL"",       ""prompt"": ""<b>Phase 1:</b> 2 guests drink neither. Fill the diagram."",       ""inputs"": [         { ""region"": ""left"", ""expected"": ""24-x"" },         { ""region"": ""right"", ""expected"": ""20-x"" },         { ""region"": ""outside"", ""expected"": ""2"" }       ]     },     {       ""type"": ""ALGEBRA_SOLVE"",       ""targetRegion"": ""union"",        ""equation_target"": 40,       ""expected_x"": 6,       ""prompt"": ""<b>Phase 2:</b> Total guests = 40. Find <b>x</b>."",       ""hint"": ""(24-x) + x + (20-x) + 2 = 40""     },     {       ""retain_visuals"": true,       ""type"": ""COUNT_SUM"",       ""targetRegion"": ""symmetric_difference"",       ""x_val"": 6,       ""prompt"": ""How many drink <b>one type only</b>?"",       ""hint"": ""(A Only) + (B Only). Substitute x=6.""     }   ] }",10-003.json,quest_10_probability_using_venn_diagrams
10-004_Q1,T1,Probability III,Topic 10: Language Village,E,Simulation,,1,Phase 1: 15 pupils speak neither. Fill the diagram.,,,,,,,,,[],SET_THEORY,quiz,content/math/set_theory/quest_10_probability_using_venn_diagrams/10-004.json,,No,,5,"{   ""engineType"": ""SET_THEORY"",   ""mode"": ""quiz"",   ""subject"": ""MATH"",   ""topic"": ""Probability III"",   ""variantTitle"": ""Topic 10: Language Village"",   ""sets"": {     ""A"": { ""label"": ""E (50)"", ""color"": ""#9333ea"" },     ""B"": { ""label"": ""S (45)"", ""color"": ""#db2777"" }   },   ""zones"": {     ""left"": [],     ""center"": [""x""],     ""right"": [],     ""outside"": [""15""]   },   ""questions"": [     {       ""interaction"": ""DIAGRAM_FILL"",       ""prompt"": ""<b>Phase 1:</b> 15 pupils speak neither. Fill the diagram."",       ""inputs"": [         { ""region"": ""left"", ""expected"": ""50-x"" },         { ""region"": ""right"", ""expected"": ""45-x"" },         { ""region"": ""outside"", ""expected"": ""15"" }       ]     },     {       ""type"": ""ALGEBRA_SOLVE"",       ""targetRegion"": ""union"",        ""equation_target"": 80,       ""expected_x"": 30,       ""prompt"": ""<b>Phase 2:</b> Total pupils = 80. Find <b>x</b>."",       ""hint"": ""(50-x) + x + (45-x) + 15 = 80""     },     {       ""retain_visuals"": true,       ""type"": ""PROBABILITY"",       ""targetRegion"": ""intersection"",       ""x_val"": 30,       ""total"": 80,       ""expression"": ""x"",       ""prompt"": ""Probability of choosing a pupil who speaks <span style='color:#64748b'>BOTH</span>?"",       ""hint"": ""n(Both) / Total Pupils. (30/80)""     }   ] }",10-004.json,quest_10_probability_using_venn_diagrams
10-004_Q2,T1,Probability III,Topic 10: Language Village,E,Simulation,,2,Phase 2: Total pupils = 80. Find x.,,,,,,(50-x) + x + (45-x) + 15 = 80,,,[],SET_THEORY,quiz,content/math/set_theory/quest_10_probability_using_venn_diagrams/10-004.json,,No,,5,"{   ""engineType"": ""SET_THEORY"",   ""mode"": ""quiz"",   ""subject"": ""MATH"",   ""topic"": ""Probability III"",   ""variantTitle"": ""Topic 10: Language Village"",   ""sets"": {     ""A"": { ""label"": ""E (50)"", ""color"": ""#9333ea"" },     ""B"": { ""label"": ""S (45)"", ""color"": ""#db2777"" }   },   ""zones"": {     ""left"": [],     ""center"": [""x""],     ""right"": [],     ""outside"": [""15""]   },   ""questions"": [     {       ""interaction"": ""DIAGRAM_FILL"",       ""prompt"": ""<b>Phase 1:</b> 15 pupils speak neither. Fill the diagram."",       ""inputs"": [         { ""region"": ""left"", ""expected"": ""50-x"" },         { ""region"": ""right"", ""expected"": ""45-x"" },         { ""region"": ""outside"", ""expected"": ""15"" }       ]     },     {       ""type"": ""ALGEBRA_SOLVE"",       ""targetRegion"": ""union"",        ""equation_target"": 80,       ""expected_x"": 30,       ""prompt"": ""<b>Phase 2:</b> Total pupils = 80. Find <b>x</b>."",       ""hint"": ""(50-x) + x + (45-x) + 15 = 80""     },     {       ""retain_visuals"": true,       ""type"": ""PROBABILITY"",       ""targetRegion"": ""intersection"",       ""x_val"": 30,       ""total"": 80,       ""expression"": ""x"",       ""prompt"": ""Probability of choosing a pupil who speaks <span style='color:#64748b'>BOTH</span>?"",       ""hint"": ""n(Both) / Total Pupils. (30/80)""     }   ] }",10-004.json,quest_10_probability_using_venn_diagrams
10-004_Q3,T1,Probability III,Topic 10: Language Village,E,Simulation,,3,Probability of choosing a pupil who speaks BOTH?,,,,,,n(Both) / Total Pupils. (30/80),,,[],SET_THEORY,quiz,content/math/set_theory/quest_10_probability_using_venn_diagrams/10-004.json,,No,,5,"{   ""engineType"": ""SET_THEORY"",   ""mode"": ""quiz"",   ""subject"": ""MATH"",   ""topic"": ""Probability III"",   ""variantTitle"": ""Topic 10: Language Village"",   ""sets"": {     ""A"": { ""label"": ""E (50)"", ""color"": ""#9333ea"" },     ""B"": { ""label"": ""S (45)"", ""color"": ""#db2777"" }   },   ""zones"": {     ""left"": [],     ""center"": [""x""],     ""right"": [],     ""outside"": [""15""]   },   ""questions"": [     {       ""interaction"": ""DIAGRAM_FILL"",       ""prompt"": ""<b>Phase 1:</b> 15 pupils speak neither. Fill the diagram."",       ""inputs"": [         { ""region"": ""left"", ""expected"": ""50-x"" },         { ""region"": ""right"", ""expected"": ""45-x"" },         { ""region"": ""outside"", ""expected"": ""15"" }       ]     },     {       ""type"": ""ALGEBRA_SOLVE"",       ""targetRegion"": ""union"",        ""equation_target"": 80,       ""expected_x"": 30,       ""prompt"": ""<b>Phase 2:</b> Total pupils = 80. Find <b>x</b>."",       ""hint"": ""(50-x) + x + (45-x) + 15 = 80""     },     {       ""retain_visuals"": true,       ""type"": ""PROBABILITY"",       ""targetRegion"": ""intersection"",       ""x_val"": 30,       ""total"": 80,       ""expression"": ""x"",       ""prompt"": ""Probability of choosing a pupil who speaks <span style='color:#64748b'>BOTH</span>?"",       ""hint"": ""n(Both) / Total Pupils. (30/80)""     }   ] }",10-004.json,quest_10_probability_using_venn_diagrams
10-005_Q1,T1,Probability,Topic 10: Pet Owners,E,Simulation,,1,Total families = 50. Find x.,,,,,,15 + x + 20 + (x+5) = 50. -> 2x + 40 = 50.,,,[],SET_THEORY,quiz,content/math/set_theory/quest_10_probability_using_venn_diagrams/10-005.json,,No,,5,"{   ""engineType"": ""SET_THEORY"",   ""mode"": ""quiz"",   ""subject"": ""MATH"",   ""topic"": ""Probability"",   ""variantTitle"": ""Topic 10: Pet Owners"",   ""sets"": { ""A"": { ""label"": ""C"", ""color"": ""#9333ea"" }, ""B"": { ""label"": ""D"", ""color"": ""#db2777"" } },   ""zones"": { ""left"": [""15""], ""center"": [""x""], ""right"": [""20""], ""outside"": [""x+5""] },   ""questions"": [     {       ""type"": ""ALGEBRA_SOLVE"",       ""targetRegion"": ""union"",       ""equation_target"": 50,       ""expected_x"": 5,       ""prompt"": ""Total families = 50. Find <b>x</b>."",       ""hint"": ""15 + x + 20 + (x+5) = 50. -> 2x + 40 = 50.""     },     {       ""retain_visuals"": true,       ""type"": ""ALGEBRA_SUBSTITUTE"",       ""targetRegion"": ""universal_only"",       ""x_val"": 5,       ""expression"": ""x+5"",       ""prompt"": ""How many families have <b>Neither</b>?"",       ""hint"": ""x + 5 = 5 + 5""     },     {       ""retain_visuals"": true,       ""type"": ""PROBABILITY"",       ""targetRegion"": ""universal_only"",       ""x_val"": 5,       ""total"": 50,       ""expression"": ""x+5"",       ""prompt"": ""What is the probability of picking a family with <b>No Pets</b>?"",       ""hint"": ""n(Neither) / Total. (10/50)""     }   ] }",10-005.json,quest_10_probability_using_venn_diagrams
10-005_Q2,T1,Probability,Topic 10: Pet Owners,E,Simulation,,2,How many families have Neither?,,,,,,x + 5 = 5 + 5,,,[],SET_THEORY,quiz,content/math/set_theory/quest_10_probability_using_venn_diagrams/10-005.json,,No,,5,"{   ""engineType"": ""SET_THEORY"",   ""mode"": ""quiz"",   ""subject"": ""MATH"",   ""topic"": ""Probability"",   ""variantTitle"": ""Topic 10: Pet Owners"",   ""sets"": { ""A"": { ""label"": ""C"", ""color"": ""#9333ea"" }, ""B"": { ""label"": ""D"", ""color"": ""#db2777"" } },   ""zones"": { ""left"": [""15""], ""center"": [""x""], ""right"": [""20""], ""outside"": [""x+5""] },   ""questions"": [     {       ""type"": ""ALGEBRA_SOLVE"",       ""targetRegion"": ""union"",       ""equation_target"": 50,       ""expected_x"": 5,       ""prompt"": ""Total families = 50. Find <b>x</b>."",       ""hint"": ""15 + x + 20 + (x+5) = 50. -> 2x + 40 = 50.""     },     {       ""retain_visuals"": true,       ""type"": ""ALGEBRA_SUBSTITUTE"",       ""targetRegion"": ""universal_only"",       ""x_val"": 5,       ""expression"": ""x+5"",       ""prompt"": ""How many families have <b>Neither</b>?"",       ""hint"": ""x + 5 = 5 + 5""     },     {       ""retain_visuals"": true,       ""type"": ""PROBABILITY"",       ""targetRegion"": ""universal_only"",       ""x_val"": 5,       ""total"": 50,       ""expression"": ""x+5"",       ""prompt"": ""What is the probability of picking a family with <b>No Pets</b>?"",       ""hint"": ""n(Neither) / Total. (10/50)""     }   ] }",10-005.json,quest_10_probability_using_venn_diagrams
10-005_Q3,T1,Probability,Topic 10: Pet Owners,E,Simulation,,3,What is the probability of picking a family with No Pets?,,,,,,n(Neither) / Total. (10/50),,,[],SET_THEORY,quiz,content/math/set_theory/quest_10_probability_using_venn_diagrams/10-005.json,,No,,5,"{   ""engineType"": ""SET_THEORY"",   ""mode"": ""quiz"",   ""subject"": ""MATH"",   ""topic"": ""Probability"",   ""variantTitle"": ""Topic 10: Pet Owners"",   ""sets"": { ""A"": { ""label"": ""C"", ""color"": ""#9333ea"" }, ""B"": { ""label"": ""D"", ""color"": ""#db2777"" } },   ""zones"": { ""left"": [""15""], ""center"": [""x""], ""right"": [""20""], ""outside"": [""x+5""] },   ""questions"": [     {       ""type"": ""ALGEBRA_SOLVE"",       ""targetRegion"": ""union"",       ""equation_target"": 50,       ""expected_x"": 5,       ""prompt"": ""Total families = 50. Find <b>x</b>."",       ""hint"": ""15 + x + 20 + (x+5) = 50. -> 2x + 40 = 50.""     },     {       ""retain_visuals"": true,       ""type"": ""ALGEBRA_SUBSTITUTE"",       ""targetRegion"": ""universal_only"",       ""x_val"": 5,       ""expression"": ""x+5"",       ""prompt"": ""How many families have <b>Neither</b>?"",       ""hint"": ""x + 5 = 5 + 5""     },     {       ""retain_visuals"": true,       ""type"": ""PROBABILITY"",       ""targetRegion"": ""universal_only"",       ""x_val"": 5,       ""total"": 50,       ""expression"": ""x+5"",       ""prompt"": ""What is the probability of picking a family with <b>No Pets</b>?"",       ""hint"": ""n(Neither) / Total. (10/50)""     }   ] }",10-005.json,quest_10_probability_using_venn_diagrams
10-006_Q1,T1,Symmetric Difference Algebra,Topic 10: Sports Selection,E,Simulation,,1,Phase 1: Netball only is w+10. Neither is w. Fill the diagram.,,,,,,,,,[],SET_THEORY,quiz,content/math/set_theory/quest_10_probability_using_venn_diagrams/10-006.json,,No,,5,"{   ""engineType"": ""SET_THEORY"",   ""mode"": ""quiz"",   ""subject"": ""MATH"",   ""topic"": ""Symmetric Difference Algebra"",   ""variantTitle"": ""Topic 10: Sports Selection"",   ""sets"": {     ""A"": { ""label"": ""F (30)"", ""color"": ""#9333ea"" },     ""B"": { ""label"": ""N"", ""color"": ""#db2777"" }   },   ""zones"": {     ""left"": [],     ""center"": [""w""],     ""right"": [],     ""outside"": []   },    ""questions"": [     {       ""interaction"": ""DIAGRAM_FILL"",       ""prompt"": ""<b>Phase 1:</b> Netball only is w+10. Neither is w. Fill the diagram."",       ""inputs"": [         { ""region"": ""left"", ""expected"": ""30-w"" },         { ""region"": ""right"", ""expected"": ""w+10"" },         { ""region"": ""outside"", ""expected"": ""w"" }       ]     },     {       ""type"": ""ALGEBRA_SOLVE"",       ""targetRegion"": ""union"",        ""equation_target"": 60,       ""expected_x"": 10,       ""prompt"": ""<b>Phase 2:</b> Total pupils = 60. Find <b>w</b>."",       ""hint"": ""(30-w) + w + (w+10) + w = 60. Simplify: 2w + 40 = 60.""     },     {       ""retain_visuals"": true,       ""type"": ""ALGEBRA_SUBSTITUTE"",       ""targetRegion"": ""right_only"",       ""x_val"": 10,       ""expression"": ""w+10"",       ""prompt"": ""How many play <span style='color:#db2777'>Netball Only</span>?"",       ""hint"": ""w + 10 = 10 + 10""     }   ] }",10-006.json,quest_10_probability_using_venn_diagrams
10-006_Q2,T1,Symmetric Difference Algebra,Topic 10: Sports Selection,E,Simulation,,2,Phase 2: Total pupils = 60. Find w.,,,,,,(30-w) + w + (w+10) + w = 60. Simplify: 2w + 40 = 60.,,,[],SET_THEORY,quiz,content/math/set_theory/quest_10_probability_using_venn_diagrams/10-006.json,,No,,5,"{   ""engineType"": ""SET_THEORY"",   ""mode"": ""quiz"",   ""subject"": ""MATH"",   ""topic"": ""Symmetric Difference Algebra"",   ""variantTitle"": ""Topic 10: Sports Selection"",   ""sets"": {     ""A"": { ""label"": ""F (30)"", ""color"": ""#9333ea"" },     ""B"": { ""label"": ""N"", ""color"": ""#db2777"" }   },   ""zones"": {     ""left"": [],     ""center"": [""w""],     ""right"": [],     ""outside"": []   },    ""questions"": [     {       ""interaction"": ""DIAGRAM_FILL"",       ""prompt"": ""<b>Phase 1:</b> Netball only is w+10. Neither is w. Fill the diagram."",       ""inputs"": [         { ""region"": ""left"", ""expected"": ""30-w"" },         { ""region"": ""right"", ""expected"": ""w+10"" },         { ""region"": ""outside"", ""expected"": ""w"" }       ]     },     {       ""type"": ""ALGEBRA_SOLVE"",       ""targetRegion"": ""union"",        ""equation_target"": 60,       ""expected_x"": 10,       ""prompt"": ""<b>Phase 2:</b> Total pupils = 60. Find <b>w</b>."",       ""hint"": ""(30-w) + w + (w+10) + w = 60. Simplify: 2w + 40 = 60.""     },     {       ""retain_visuals"": true,       ""type"": ""ALGEBRA_SUBSTITUTE"",       ""targetRegion"": ""right_only"",       ""x_val"": 10,       ""expression"": ""w+10"",       ""prompt"": ""How many play <span style='color:#db2777'>Netball Only</span>?"",       ""hint"": ""w + 10 = 10 + 10""     }   ] }",10-006.json,quest_10_probability_using_venn_diagrams
10-006_Q3,T1,Symmetric Difference Algebra,Topic 10: Sports Selection,E,Simulation,,3,How many play Netball Only?,,,,,,w + 10 = 10 + 10,,,[],SET_THEORY,quiz,content/math/set_theory/quest_10_probability_using_venn_diagrams/10-006.json,,No,,5,"{   ""engineType"": ""SET_THEORY"",   ""mode"": ""quiz"",   ""subject"": ""MATH"",   ""topic"": ""Symmetric Difference Algebra"",   ""variantTitle"": ""Topic 10: Sports Selection"",   ""sets"": {     ""A"": { ""label"": ""F (30)"", ""color"": ""#9333ea"" },     ""B"": { ""label"": ""N"", ""color"": ""#db2777"" }   },   ""zones"": {     ""left"": [],     ""center"": [""w""],     ""right"": [],     ""outside"": []   },    ""questions"": [     {       ""interaction"": ""DIAGRAM_FILL"",       ""prompt"": ""<b>Phase 1:</b> Netball only is w+10. Neither is w. Fill the diagram."",       ""inputs"": [         { ""region"": ""left"", ""expected"": ""30-w"" },         { ""region"": ""right"", ""expected"": ""w+10"" },         { ""region"": ""outside"", ""expected"": ""w"" }       ]     },     {       ""type"": ""ALGEBRA_SOLVE"",       ""targetRegion"": ""union"",        ""equation_target"": 60,       ""expected_x"": 10,       ""prompt"": ""<b>Phase 2:</b> Total pupils = 60. Find <b>w</b>."",       ""hint"": ""(30-w) + w + (w+10) + w = 60. Simplify: 2w + 40 = 60.""     },     {       ""retain_visuals"": true,       ""type"": ""ALGEBRA_SUBSTITUTE"",       ""targetRegion"": ""right_only"",       ""x_val"": 10,       ""expression"": ""w+10"",       ""prompt"": ""How many play <span style='color:#db2777'>Netball Only</span>?"",       ""hint"": ""w + 10 = 10 + 10""     }   ] }",10-006.json,quest_10_probability_using_venn_diagrams
10-007_Q1,T1,Algebraic Sets,Quest 10-005: Music Class,E,Simulation,,1,Phase 1: n(P)=25. Guitar only is x+5. 5 play neither. Fill diagram.,,,,,,,,,[],SET_THEORY,quiz,content/math/set_theory/quest_10_probability_using_venn_diagrams/10-007.json,,No,,5,"{   ""engineType"": ""SET_THEORY"",   ""mode"": ""quiz"",   ""subject"": ""MATH"",   ""topic"": ""Algebraic Sets"",   ""variantTitle"": ""Quest 10-005: Music Class"",   ""sets"": { ""A"": { ""label"": ""P (25)"", ""color"": ""#9333ea"" }, ""B"": { ""label"": ""G"", ""color"": ""#db2777"" } },   ""zones"": { ""left"": [], ""center"": [""x""], ""right"": [], ""outside"": [] },    ""questions"": [     {       ""interaction"": ""DIAGRAM_FILL"",       ""prompt"": ""<b>Phase 1:</b> n(P)=25. Guitar only is x+5. 5 play neither. Fill diagram."",       ""inputs"": [         { ""region"": ""left"", ""expected"": ""25-x"" },         { ""region"": ""right"", ""expected"": ""x+5"" },         { ""region"": ""outside"", ""expected"": ""5"" }       ]     },     {       ""type"": ""ALGEBRA_SOLVE"",       ""targetRegion"": ""union"",        ""equation_target"": 50,       ""expected_x"": 15,       ""prompt"": ""<b>Phase 2:</b> Total students = 50. Find <b>x</b>."",       ""hint"": ""(25-x) + x + (x+5) + 5 = 50. Simplify: x + 35 = 50.""     },     {       ""retain_visuals"": true,       ""type"": ""ALGEBRA_SUBSTITUTE"",       ""targetRegion"": ""right_only"",       ""x_val"": 15,       ""expression"": ""x+5"",       ""prompt"": ""How many play <span style='color:#db2777'>Guitar Only</span>?"",       ""hint"": ""15 + 5""     }   ] }",10-007.json,quest_10_probability_using_venn_diagrams
10-007_Q2,T1,Algebraic Sets,Quest 10-005: Music Class,E,Simulation,,2,Phase 2: Total students = 50. Find x.,,,,,,(25-x) + x + (x+5) + 5 = 50. Simplify: x + 35 = 50.,,,[],SET_THEORY,quiz,content/math/set_theory/quest_10_probability_using_venn_diagrams/10-007.json,,No,,5,"{   ""engineType"": ""SET_THEORY"",   ""mode"": ""quiz"",   ""subject"": ""MATH"",   ""topic"": ""Algebraic Sets"",   ""variantTitle"": ""Quest 10-005: Music Class"",   ""sets"": { ""A"": { ""label"": ""P (25)"", ""color"": ""#9333ea"" }, ""B"": { ""label"": ""G"", ""color"": ""#db2777"" } },   ""zones"": { ""left"": [], ""center"": [""x""], ""right"": [], ""outside"": [] },    ""questions"": [     {       ""interaction"": ""DIAGRAM_FILL"",       ""prompt"": ""<b>Phase 1:</b> n(P)=25. Guitar only is x+5. 5 play neither. Fill diagram."",       ""inputs"": [         { ""region"": ""left"", ""expected"": ""25-x"" },         { ""region"": ""right"", ""expected"": ""x+5"" },         { ""region"": ""outside"", ""expected"": ""5"" }       ]     },     {       ""type"": ""ALGEBRA_SOLVE"",       ""targetRegion"": ""union"",        ""equation_target"": 50,       ""expected_x"": 15,       ""prompt"": ""<b>Phase 2:</b> Total students = 50. Find <b>x</b>."",       ""hint"": ""(25-x) + x + (x+5) + 5 = 50. Simplify: x + 35 = 50.""     },     {       ""retain_visuals"": true,       ""type"": ""ALGEBRA_SUBSTITUTE"",       ""targetRegion"": ""right_only"",       ""x_val"": 15,       ""expression"": ""x+5"",       ""prompt"": ""How many play <span style='color:#db2777'>Guitar Only</span>?"",       ""hint"": ""15 + 5""     }   ] }",10-007.json,quest_10_probability_using_venn_diagrams
10-007_Q3,T1,Algebraic Sets,Quest 10-005: Music Class,E,Simulation,,3,How many play Guitar Only?,,,,,,15 + 5,,,[],SET_THEORY,quiz,content/math/set_theory/quest_10_probability_using_venn_diagrams/10-007.json,,No,,5,"{   ""engineType"": ""SET_THEORY"",   ""mode"": ""quiz"",   ""subject"": ""MATH"",   ""topic"": ""Algebraic Sets"",   ""variantTitle"": ""Quest 10-005: Music Class"",   ""sets"": { ""A"": { ""label"": ""P (25)"", ""color"": ""#9333ea"" }, ""B"": { ""label"": ""G"", ""color"": ""#db2777"" } },   ""zones"": { ""left"": [], ""center"": [""x""], ""right"": [], ""outside"": [] },    ""questions"": [     {       ""interaction"": ""DIAGRAM_FILL"",       ""prompt"": ""<b>Phase 1:</b> n(P)=25. Guitar only is x+5. 5 play neither. Fill diagram."",       ""inputs"": [         { ""region"": ""left"", ""expected"": ""25-x"" },         { ""region"": ""right"", ""expected"": ""x+5"" },         { ""region"": ""outside"", ""expected"": ""5"" }       ]     },     {       ""type"": ""ALGEBRA_SOLVE"",       ""targetRegion"": ""union"",        ""equation_target"": 50,       ""expected_x"": 15,       ""prompt"": ""<b>Phase 2:</b> Total students = 50. Find <b>x</b>."",       ""hint"": ""(25-x) + x + (x+5) + 5 = 50. Simplify: x + 35 = 50.""     },     {       ""retain_visuals"": true,       ""type"": ""ALGEBRA_SUBSTITUTE"",       ""targetRegion"": ""right_only"",       ""x_val"": 15,       ""expression"": ""x+5"",       ""prompt"": ""How many play <span style='color:#db2777'>Guitar Only</span>?"",       ""hint"": ""15 + 5""     }   ] }",10-007.json,quest_10_probability_using_venn_diagrams
10-008_Q1,T1,Algebraic Ratios,Quest 10-006: Farming Ratios,E,Simulation,,1,Phase 1: Beans only is 2y. 10 grow neither. Fill diagram.,,,,,,,,,[],SET_THEORY,quiz,content/math/set_theory/quest_10_probability_using_venn_diagrams/10-008.json,,No,,5,"{   ""engineType"": ""SET_THEORY"",   ""mode"": ""quiz"",   ""subject"": ""MATH"",   ""topic"": ""Algebraic Ratios"",   ""variantTitle"": ""Quest 10-006: Farming Ratios"",   ""sets"": { ""A"": { ""label"": ""M (40)"", ""color"": ""#16a34a"" }, ""B"": { ""label"": ""B"", ""color"": ""#d97706"" } },   ""zones"": { ""left"": [], ""center"": [""y""], ""right"": [], ""outside"": [] },    ""questions"": [     {       ""interaction"": ""DIAGRAM_FILL"",       ""prompt"": ""<b>Phase 1:</b> Beans only is <b>2y</b>. 10 grow neither. Fill diagram."",       ""inputs"": [         { ""region"": ""left"", ""expected"": ""40-y"" },         { ""region"": ""right"", ""expected"": ""2y"" },         { ""region"": ""outside"", ""expected"": ""10"" }       ]     },     {       ""type"": ""ALGEBRA_SOLVE"",       ""targetRegion"": ""union"",        ""equation_target"": 80,       ""expected_x"": 15,       ""prompt"": ""<b>Phase 2:</b> Total farmers = 80. Find <b>y</b>."",       ""hint"": ""(40-y) + y + 2y + 10 = 80. Simplify: 2y + 50 = 80.""     },     {       ""retain_visuals"": true,       ""type"": ""ALGEBRA_SUBSTITUTE"",       ""targetRegion"": ""right_total"",       ""x_val"": 15,       ""expression"": ""3y"",       ""prompt"": ""Find total growing <span style='color:#d97706'>Beans n(B)</span>."",       ""hint"": ""y + 2y = 3y. Calculate 3(15).""     }   ] }",10-008.json,quest_10_probability_using_venn_diagrams
10-008_Q2,T1,Algebraic Ratios,Quest 10-006: Farming Ratios,E,Simulation,,2,Phase 2: Total farmers = 80. Find y.,,,,,,(40-y) + y + 2y + 10 = 80. Simplify: 2y + 50 = 80.,,,[],SET_THEORY,quiz,content/math/set_theory/quest_10_probability_using_venn_diagrams/10-008.json,,No,,5,"{   ""engineType"": ""SET_THEORY"",   ""mode"": ""quiz"",   ""subject"": ""MATH"",   ""topic"": ""Algebraic Ratios"",   ""variantTitle"": ""Quest 10-006: Farming Ratios"",   ""sets"": { ""A"": { ""label"": ""M (40)"", ""color"": ""#16a34a"" }, ""B"": { ""label"": ""B"", ""color"": ""#d97706"" } },   ""zones"": { ""left"": [], ""center"": [""y""], ""right"": [], ""outside"": [] },    ""questions"": [     {       ""interaction"": ""DIAGRAM_FILL"",       ""prompt"": ""<b>Phase 1:</b> Beans only is <b>2y</b>. 10 grow neither. Fill diagram."",       ""inputs"": [         { ""region"": ""left"", ""expected"": ""40-y"" },         { ""region"": ""right"", ""expected"": ""2y"" },         { ""region"": ""outside"", ""expected"": ""10"" }       ]     },     {       ""type"": ""ALGEBRA_SOLVE"",       ""targetRegion"": ""union"",        ""equation_target"": 80,       ""expected_x"": 15,       ""prompt"": ""<b>Phase 2:</b> Total farmers = 80. Find <b>y</b>."",       ""hint"": ""(40-y) + y + 2y + 10 = 80. Simplify: 2y + 50 = 80.""     },     {       ""retain_visuals"": true,       ""type"": ""ALGEBRA_SUBSTITUTE"",       ""targetRegion"": ""right_total"",       ""x_val"": 15,       ""expression"": ""3y"",       ""prompt"": ""Find total growing <span style='color:#d97706'>Beans n(B)</span>."",       ""hint"": ""y + 2y = 3y. Calculate 3(15).""     }   ] }",10-008.json,quest_10_probability_using_venn_diagrams
10-008_Q3,T1,Algebraic Ratios,Quest 10-006: Farming Ratios,E,Simulation,,3,Find total growing Beans n(B).,,,,,,y + 2y = 3y. Calculate 3(15).,,,[],SET_THEORY,quiz,content/math/set_theory/quest_10_probability_using_venn_diagrams/10-008.json,,No,,5,"{   ""engineType"": ""SET_THEORY"",   ""mode"": ""quiz"",   ""subject"": ""MATH"",   ""topic"": ""Algebraic Ratios"",   ""variantTitle"": ""Quest 10-006: Farming Ratios"",   ""sets"": { ""A"": { ""label"": ""M (40)"", ""color"": ""#16a34a"" }, ""B"": { ""label"": ""B"", ""color"": ""#d97706"" } },   ""zones"": { ""left"": [], ""center"": [""y""], ""right"": [], ""outside"": [] },    ""questions"": [     {       ""interaction"": ""DIAGRAM_FILL"",       ""prompt"": ""<b>Phase 1:</b> Beans only is <b>2y</b>. 10 grow neither. Fill diagram."",       ""inputs"": [         { ""region"": ""left"", ""expected"": ""40-y"" },         { ""region"": ""right"", ""expected"": ""2y"" },         { ""region"": ""outside"", ""expected"": ""10"" }       ]     },     {       ""type"": ""ALGEBRA_SOLVE"",       ""targetRegion"": ""union"",        ""equation_target"": 80,       ""expected_x"": 15,       ""prompt"": ""<b>Phase 2:</b> Total farmers = 80. Find <b>y</b>."",       ""hint"": ""(40-y) + y + 2y + 10 = 80. Simplify: 2y + 50 = 80.""     },     {       ""retain_visuals"": true,       ""type"": ""ALGEBRA_SUBSTITUTE"",       ""targetRegion"": ""right_total"",       ""x_val"": 15,       ""expression"": ""3y"",       ""prompt"": ""Find total growing <span style='color:#d97706'>Beans n(B)</span>."",       ""hint"": ""y + 2y = 3y. Calculate 3(15).""     }   ] }",10-008.json,quest_10_probability_using_venn_diagrams
10-009_Q1,T1,Algebraic Complements,Quest 10-007: Reading List,E,Simulation,,1,Phase 1: Neither is k+2. N-only is 2k. B-only is k.,,,,,,,,,[],SET_THEORY,quiz,content/math/set_theory/quest_10_probability_using_venn_diagrams/10-009.json,,No,,5,"{   ""engineType"": ""SET_THEORY"",   ""mode"": ""quiz"",   ""subject"": ""MATH"",   ""topic"": ""Algebraic Complements"",   ""variantTitle"": ""Quest 10-007: Reading List"",   ""sets"": { ""A"": { ""label"": ""N"", ""color"": ""#2563eb"" }, ""B"": { ""label"": ""B"", ""color"": ""#0891b2"" } },   ""zones"": { ""left"": [""2k""], ""center"": [""10""], ""right"": [""k""], ""outside"": [] },    ""questions"": [     {       ""interaction"": ""DIAGRAM_FILL"",       ""prompt"": ""<b>Phase 1:</b> Neither is <b>k+2</b>. N-only is 2k. B-only is k."",       ""inputs"": [         { ""region"": ""left"", ""expected"": ""2k"" },         { ""region"": ""right"", ""expected"": ""k"" },         { ""region"": ""outside"", ""expected"": ""k+2"" }       ]     },     {       ""type"": ""ALGEBRA_SOLVE"",       ""targetRegion"": ""union"",        ""equation_target"": 60,       ""expected_x"": 12,       ""prompt"": ""<b>Phase 2:</b> Total people = 60. Find <b>k</b>."",       ""hint"": ""2k + 10 + k + (k+2) = 60. Simplify: 4k + 12 = 60.""     },     {       ""retain_visuals"": true,       ""type"": ""PROBABILITY"",       ""targetRegion"": ""universal_only"",       ""x_val"": 12,       ""total"": 60,       ""expression"": ""k+2"",       ""prompt"": ""Probability of reading <b>Neither</b>?"",       ""hint"": ""n(Neither) = 12 + 2 = 14. Prob = 14/60.""     }   ] }",10-009.json,quest_10_probability_using_venn_diagrams
10-009_Q2,T1,Algebraic Complements,Quest 10-007: Reading List,E,Simulation,,2,Phase 2: Total people = 60. Find k.,,,,,,2k + 10 + k + (k+2) = 60. Simplify: 4k + 12 = 60.,,,[],SET_THEORY,quiz,content/math/set_theory/quest_10_probability_using_venn_diagrams/10-009.json,,No,,5,"{   ""engineType"": ""SET_THEORY"",   ""mode"": ""quiz"",   ""subject"": ""MATH"",   ""topic"": ""Algebraic Complements"",   ""variantTitle"": ""Quest 10-007: Reading List"",   ""sets"": { ""A"": { ""label"": ""N"", ""color"": ""#2563eb"" }, ""B"": { ""label"": ""B"", ""color"": ""#0891b2"" } },   ""zones"": { ""left"": [""2k""], ""center"": [""10""], ""right"": [""k""], ""outside"": [] },    ""questions"": [     {       ""interaction"": ""DIAGRAM_FILL"",       ""prompt"": ""<b>Phase 1:</b> Neither is <b>k+2</b>. N-only is 2k. B-only is k."",       ""inputs"": [         { ""region"": ""left"", ""expected"": ""2k"" },         { ""region"": ""right"", ""expected"": ""k"" },         { ""region"": ""outside"", ""expected"": ""k+2"" }       ]     },     {       ""type"": ""ALGEBRA_SOLVE"",       ""targetRegion"": ""union"",        ""equation_target"": 60,       ""expected_x"": 12,       ""prompt"": ""<b>Phase 2:</b> Total people = 60. Find <b>k</b>."",       ""hint"": ""2k + 10 + k + (k+2) = 60. Simplify: 4k + 12 = 60.""     },     {       ""retain_visuals"": true,       ""type"": ""PROBABILITY"",       ""targetRegion"": ""universal_only"",       ""x_val"": 12,       ""total"": 60,       ""expression"": ""k+2"",       ""prompt"": ""Probability of reading <b>Neither</b>?"",       ""hint"": ""n(Neither) = 12 + 2 = 14. Prob = 14/60.""     }   ] }",10-009.json,quest_10_probability_using_venn_diagrams
10-009_Q3,T1,Algebraic Complements,Quest 10-007: Reading List,E,Simulation,,3,Probability of reading Neither?,,,,,,n(Neither) = 12 + 2 = 14. Prob = 14/60.,,,[],SET_THEORY,quiz,content/math/set_theory/quest_10_probability_using_venn_diagrams/10-009.json,,No,,5,"{   ""engineType"": ""SET_THEORY"",   ""mode"": ""quiz"",   ""subject"": ""MATH"",   ""topic"": ""Algebraic Complements"",   ""variantTitle"": ""Quest 10-007: Reading List"",   ""sets"": { ""A"": { ""label"": ""N"", ""color"": ""#2563eb"" }, ""B"": { ""label"": ""B"", ""color"": ""#0891b2"" } },   ""zones"": { ""left"": [""2k""], ""center"": [""10""], ""right"": [""k""], ""outside"": [] },    ""questions"": [     {       ""interaction"": ""DIAGRAM_FILL"",       ""prompt"": ""<b>Phase 1:</b> Neither is <b>k+2</b>. N-only is 2k. B-only is k."",       ""inputs"": [         { ""region"": ""left"", ""expected"": ""2k"" },         { ""region"": ""right"", ""expected"": ""k"" },         { ""region"": ""outside"", ""expected"": ""k+2"" }       ]     },     {       ""type"": ""ALGEBRA_SOLVE"",       ""targetRegion"": ""union"",        ""equation_target"": 60,       ""expected_x"": 12,       ""prompt"": ""<b>Phase 2:</b> Total people = 60. Find <b>k</b>."",       ""hint"": ""2k + 10 + k + (k+2) = 60. Simplify: 4k + 12 = 60.""     },     {       ""retain_visuals"": true,       ""type"": ""PROBABILITY"",       ""targetRegion"": ""universal_only"",       ""x_val"": 12,       ""total"": 60,       ""expression"": ""k+2"",       ""prompt"": ""Probability of reading <b>Neither</b>?"",       ""hint"": ""n(Neither) = 12 + 2 = 14. Prob = 14/60.""     }   ] }",10-009.json,quest_10_probability_using_venn_diagrams
10-010_Q1,T1,Full Algebra,Quest 10-008: Party Time,E,Simulation,,1,Phase 1: S only is p+5. Both is p. W only is p+10.,,,,,,,,,[],SET_THEORY,quiz,content/math/set_theory/quest_10_probability_using_venn_diagrams/10-010.json,,No,,5,"{   ""engineType"": ""SET_THEORY"",   ""mode"": ""quiz"",   ""subject"": ""MATH"",   ""topic"": ""Full Algebra"",   ""variantTitle"": ""Quest 10-008: Party Time"",   ""sets"": { ""A"": { ""label"": ""S"", ""color"": ""#e11d48"" }, ""B"": { ""label"": ""W"", ""color"": ""#3b82f6"" } },   ""zones"": { ""left"": [], ""center"": [], ""right"": [], ""outside"": [""0""] },    ""questions"": [     {       ""interaction"": ""DIAGRAM_FILL"",       ""prompt"": ""<b>Phase 1:</b> S only is <b>p+5</b>. Both is <b>p</b>. W only is <b>p+10</b>."",       ""inputs"": [         { ""region"": ""left"", ""expected"": ""p+5"" },         { ""region"": ""center"", ""expected"": ""p"" },         { ""region"": ""right"", ""expected"": ""p+10"" }       ]     },     {       ""type"": ""ALGEBRA_SOLVE"",       ""targetRegion"": ""union"",        ""equation_target"": 45,       ""expected_x"": 10,       ""prompt"": ""<b>Phase 2:</b> Total guests = 45. Find <b>p</b>."",       ""hint"": ""(p+5) + p + (p+10) = 45. Simplify: 3p + 15 = 45.""     },     {       ""retain_visuals"": true,       ""type"": ""COUNT_SUM"",       ""targetRegion"": ""symmetric_difference"",       ""x_val"": 10,       ""prompt"": ""How many drink <b>only one</b> type?"",       ""hint"": ""(10+5) + (10+10) = 15 + 20.""     }   ] }",10-010.json,quest_10_probability_using_venn_diagrams
10-010_Q2,T1,Full Algebra,Quest 10-008: Party Time,E,Simulation,,2,Phase 2: Total guests = 45. Find p.,,,,,,(p+5) + p + (p+10) = 45. Simplify: 3p + 15 = 45.,,,[],SET_THEORY,quiz,content/math/set_theory/quest_10_probability_using_venn_diagrams/10-010.json,,No,,5,"{   ""engineType"": ""SET_THEORY"",   ""mode"": ""quiz"",   ""subject"": ""MATH"",   ""topic"": ""Full Algebra"",   ""variantTitle"": ""Quest 10-008: Party Time"",   ""sets"": { ""A"": { ""label"": ""S"", ""color"": ""#e11d48"" }, ""B"": { ""label"": ""W"", ""color"": ""#3b82f6"" } },   ""zones"": { ""left"": [], ""center"": [], ""right"": [], ""outside"": [""0""] },    ""questions"": [     {       ""interaction"": ""DIAGRAM_FILL"",       ""prompt"": ""<b>Phase 1:</b> S only is <b>p+5</b>. Both is <b>p</b>. W only is <b>p+10</b>."",       ""inputs"": [         { ""region"": ""left"", ""expected"": ""p+5"" },         { ""region"": ""center"", ""expected"": ""p"" },         { ""region"": ""right"", ""expected"": ""p+10"" }       ]     },     {       ""type"": ""ALGEBRA_SOLVE"",       ""targetRegion"": ""union"",        ""equation_target"": 45,       ""expected_x"": 10,       ""prompt"": ""<b>Phase 2:</b> Total guests = 45. Find <b>p</b>."",       ""hint"": ""(p+5) + p + (p+10) = 45. Simplify: 3p + 15 = 45.""     },     {       ""retain_visuals"": true,       ""type"": ""COUNT_SUM"",       ""targetRegion"": ""symmetric_difference"",       ""x_val"": 10,       ""prompt"": ""How many drink <b>only one</b> type?"",       ""hint"": ""(10+5) + (10+10) = 15 + 20.""     }   ] }",10-010.json,quest_10_probability_using_venn_diagrams
10-010_Q3,T1,Full Algebra,Quest 10-008: Party Time,E,Simulation,,3,How many drink only one type?,,,,,,(10+5) + (10+10) = 15 + 20.,,,[],SET_THEORY,quiz,content/math/set_theory/quest_10_probability_using_venn_diagrams/10-010.json,,No,,5,"{   ""engineType"": ""SET_THEORY"",   ""mode"": ""quiz"",   ""subject"": ""MATH"",   ""topic"": ""Full Algebra"",   ""variantTitle"": ""Quest 10-008: Party Time"",   ""sets"": { ""A"": { ""label"": ""S"", ""color"": ""#e11d48"" }, ""B"": { ""label"": ""W"", ""color"": ""#3b82f6"" } },   ""zones"": { ""left"": [], ""center"": [], ""right"": [], ""outside"": [""0""] },    ""questions"": [     {       ""interaction"": ""DIAGRAM_FILL"",       ""prompt"": ""<b>Phase 1:</b> S only is <b>p+5</b>. Both is <b>p</b>. W only is <b>p+10</b>."",       ""inputs"": [         { ""region"": ""left"", ""expected"": ""p+5"" },         { ""region"": ""center"", ""expected"": ""p"" },         { ""region"": ""right"", ""expected"": ""p+10"" }       ]     },     {       ""type"": ""ALGEBRA_SOLVE"",       ""targetRegion"": ""union"",        ""equation_target"": 45,       ""expected_x"": 10,       ""prompt"": ""<b>Phase 2:</b> Total guests = 45. Find <b>p</b>."",       ""hint"": ""(p+5) + p + (p+10) = 45. Simplify: 3p + 15 = 45.""     },     {       ""retain_visuals"": true,       ""type"": ""COUNT_SUM"",       ""targetRegion"": ""symmetric_difference"",       ""x_val"": 10,       ""prompt"": ""How many drink <b>only one</b> type?"",       ""hint"": ""(10+5) + (10+10) = 15 + 20.""     }   ] }",10-010.json,quest_10_probability_using_venn_diagrams
10-011_Q1,T1,Agricultural Sets,Topic 10: Crop Farming,E,Simulation,,1,Phase 1: P only is 2k. Neither is k. Fill the diagram.,,,,,,,,,[],SET_THEORY,quiz,content/math/set_theory/quest_10_probability_using_venn_diagrams/10-011.json,,No,,5,"{   ""engineType"": ""SET_THEORY"",   ""mode"": ""quiz"",   ""subject"": ""MATH"",   ""topic"": ""Agricultural Sets"",   ""variantTitle"": ""Topic 10: Crop Farming"",   ""sets"": {     ""A"": { ""label"": ""C (44)"", ""color"": ""#9333ea"" },     ""B"": { ""label"": ""P"", ""color"": ""#db2777"" }   },   ""zones"": {     ""left"": [""44-k""],     ""center"": [""k""],     ""right"": [""2k""],     ""outside"": [""k""]   },   ""questions"": [     {       ""interaction"": ""DIAGRAM_FILL"",       ""prompt"": ""<b>Phase 1:</b> P only is 2k. Neither is k. Fill the diagram."",       ""inputs"": [         { ""region"": ""left"", ""expected"": ""44-k"" },         { ""region"": ""right"", ""expected"": ""2k"" },         { ""region"": ""outside"", ""expected"": ""k"" }       ]     },     {       ""type"": ""ALGEBRA_SOLVE"",       ""targetRegion"": ""union"",        ""equation_target"": 80,       ""expected_x"": 12,       ""prompt"": ""<b>Phase 2:</b> Total farmers = 80. Find <b>k</b>."",       ""hint"": ""(44-k) + k + 2k + k = 80 -> 44 + 3k = 80""     },     {       ""retain_visuals"": true,       ""type"": ""ALGEBRA_SUBSTITUTE"",       ""targetRegion"": ""left_only"",        ""x_val"": 12,       ""expression"": ""44-k+k"",       ""prompt"": ""How many farmers <b>did not grow Peas (P)</b>?"",       ""hint"": ""(Cotton Only) + (Neither) = (44-k) + k""     }   ] }",10-011.json,quest_10_probability_using_venn_diagrams
10-011_Q2,T1,Agricultural Sets,Topic 10: Crop Farming,E,Simulation,,2,Phase 2: Total farmers = 80. Find k.,,,,,,(44-k) + k + 2k + k = 80 -> 44 + 3k = 80,,,[],SET_THEORY,quiz,content/math/set_theory/quest_10_probability_using_venn_diagrams/10-011.json,,No,,5,"{   ""engineType"": ""SET_THEORY"",   ""mode"": ""quiz"",   ""subject"": ""MATH"",   ""topic"": ""Agricultural Sets"",   ""variantTitle"": ""Topic 10: Crop Farming"",   ""sets"": {     ""A"": { ""label"": ""C (44)"", ""color"": ""#9333ea"" },     ""B"": { ""label"": ""P"", ""color"": ""#db2777"" }   },   ""zones"": {     ""left"": [""44-k""],     ""center"": [""k""],     ""right"": [""2k""],     ""outside"": [""k""]   },   ""questions"": [     {       ""interaction"": ""DIAGRAM_FILL"",       ""prompt"": ""<b>Phase 1:</b> P only is 2k. Neither is k. Fill the diagram."",       ""inputs"": [         { ""region"": ""left"", ""expected"": ""44-k"" },         { ""region"": ""right"", ""expected"": ""2k"" },         { ""region"": ""outside"", ""expected"": ""k"" }       ]     },     {       ""type"": ""ALGEBRA_SOLVE"",       ""targetRegion"": ""union"",        ""equation_target"": 80,       ""expected_x"": 12,       ""prompt"": ""<b>Phase 2:</b> Total farmers = 80. Find <b>k</b>."",       ""hint"": ""(44-k) + k + 2k + k = 80 -> 44 + 3k = 80""     },     {       ""retain_visuals"": true,       ""type"": ""ALGEBRA_SUBSTITUTE"",       ""targetRegion"": ""left_only"",        ""x_val"": 12,       ""expression"": ""44-k+k"",       ""prompt"": ""How many farmers <b>did not grow Peas (P)</b>?"",       ""hint"": ""(Cotton Only) + (Neither) = (44-k) + k""     }   ] }",10-011.json,quest_10_probability_using_venn_diagrams
10-011_Q3,T1,Agricultural Sets,Topic 10: Crop Farming,E,Simulation,,3,How many farmers did not grow Peas (P)?,,,,,,(Cotton Only) + (Neither) = (44-k) + k,,,[],SET_THEORY,quiz,content/math/set_theory/quest_10_probability_using_venn_diagrams/10-011.json,,No,,5,"{   ""engineType"": ""SET_THEORY"",   ""mode"": ""quiz"",   ""subject"": ""MATH"",   ""topic"": ""Agricultural Sets"",   ""variantTitle"": ""Topic 10: Crop Farming"",   ""sets"": {     ""A"": { ""label"": ""C (44)"", ""color"": ""#9333ea"" },     ""B"": { ""label"": ""P"", ""color"": ""#db2777"" }   },   ""zones"": {     ""left"": [""44-k""],     ""center"": [""k""],     ""right"": [""2k""],     ""outside"": [""k""]   },   ""questions"": [     {       ""interaction"": ""DIAGRAM_FILL"",       ""prompt"": ""<b>Phase 1:</b> P only is 2k. Neither is k. Fill the diagram."",       ""inputs"": [         { ""region"": ""left"", ""expected"": ""44-k"" },         { ""region"": ""right"", ""expected"": ""2k"" },         { ""region"": ""outside"", ""expected"": ""k"" }       ]     },     {       ""type"": ""ALGEBRA_SOLVE"",       ""targetRegion"": ""union"",        ""equation_target"": 80,       ""expected_x"": 12,       ""prompt"": ""<b>Phase 2:</b> Total farmers = 80. Find <b>k</b>."",       ""hint"": ""(44-k) + k + 2k + k = 80 -> 44 + 3k = 80""     },     {       ""retain_visuals"": true,       ""type"": ""ALGEBRA_SUBSTITUTE"",       ""targetRegion"": ""left_only"",        ""x_val"": 12,       ""expression"": ""44-k+k"",       ""prompt"": ""How many farmers <b>did not grow Peas (P)</b>?"",       ""hint"": ""(Cotton Only) + (Neither) = (44-k) + k""     }   ] }",10-011.json,quest_10_probability_using_venn_diagrams
10-012_Q1,T1,Algebraic Ratios,Quest 10: The Pet Shop,E,Simulation,,1,Phase 1: Cats only is 2x. Dogs only is x+10. Fill the diagram.,,,,,,,,,[],SET_THEORY,quiz,content/math/set_theory/quest_10_probability_using_venn_diagrams/10-012.json,,No,,5,"{   ""engineType"": ""SET_THEORY"",   ""mode"": ""quiz"",   ""subject"": ""MATH"",   ""topic"": ""Algebraic Ratios"",   ""variantTitle"": ""Quest 10: The Pet Shop"",   ""sets"": { ""A"": { ""label"": ""C"", ""color"": ""#9333ea"" }, ""B"": { ""label"": ""D"", ""color"": ""#db2777"" } },   ""zones"": { ""left"": [""2x""], ""center"": [""x""], ""right"": [""x+10""], ""outside"": [""0""] },   ""questions"": [     {       ""interaction"": ""DIAGRAM_FILL"",       ""prompt"": ""<b>Phase 1:</b> Cats only is 2x. Dogs only is x+10. Fill the diagram."",       ""inputs"": [         { ""region"": ""left"", ""expected"": ""2x"" },         { ""region"": ""right"", ""expected"": ""x+10"" },         { ""region"": ""center"", ""expected"": ""x"" }       ]     },     {       ""type"": ""ALGEBRA_SOLVE"",       ""targetRegion"": ""union"",        ""equation_target"": 50,       ""expected_x"": 10,       ""prompt"": ""<b>Phase 2:</b> Total pets = 50. Find <b>x</b>."",       ""hint"": ""2x + x + x + 10 = 50. Simplify: 4x = 40.""     },     {       ""retain_visuals"": true,       ""type"": ""COUNT_SUM"",       ""targetRegion"": ""right_total"",       ""x_val"": 10,       ""prompt"": ""How many <b>Dogs</b> are there in total?"",       ""hint"": ""n(D) = Intersection + Dogs Only = x + (x+10).""     }   ] }",10-012.json,quest_10_probability_using_venn_diagrams
10-012_Q2,T1,Algebraic Ratios,Quest 10: The Pet Shop,E,Simulation,,2,Phase 2: Total pets = 50. Find x.,,,,,,2x + x + x + 10 = 50. Simplify: 4x = 40.,,,[],SET_THEORY,quiz,content/math/set_theory/quest_10_probability_using_venn_diagrams/10-012.json,,No,,5,"{   ""engineType"": ""SET_THEORY"",   ""mode"": ""quiz"",   ""subject"": ""MATH"",   ""topic"": ""Algebraic Ratios"",   ""variantTitle"": ""Quest 10: The Pet Shop"",   ""sets"": { ""A"": { ""label"": ""C"", ""color"": ""#9333ea"" }, ""B"": { ""label"": ""D"", ""color"": ""#db2777"" } },   ""zones"": { ""left"": [""2x""], ""center"": [""x""], ""right"": [""x+10""], ""outside"": [""0""] },   ""questions"": [     {       ""interaction"": ""DIAGRAM_FILL"",       ""prompt"": ""<b>Phase 1:</b> Cats only is 2x. Dogs only is x+10. Fill the diagram."",       ""inputs"": [         { ""region"": ""left"", ""expected"": ""2x"" },         { ""region"": ""right"", ""expected"": ""x+10"" },         { ""region"": ""center"", ""expected"": ""x"" }       ]     },     {       ""type"": ""ALGEBRA_SOLVE"",       ""targetRegion"": ""union"",        ""equation_target"": 50,       ""expected_x"": 10,       ""prompt"": ""<b>Phase 2:</b> Total pets = 50. Find <b>x</b>."",       ""hint"": ""2x + x + x + 10 = 50. Simplify: 4x = 40.""     },     {       ""retain_visuals"": true,       ""type"": ""COUNT_SUM"",       ""targetRegion"": ""right_total"",       ""x_val"": 10,       ""prompt"": ""How many <b>Dogs</b> are there in total?"",       ""hint"": ""n(D) = Intersection + Dogs Only = x + (x+10).""     }   ] }",10-012.json,quest_10_probability_using_venn_diagrams
10-012_Q3,T1,Algebraic Ratios,Quest 10: The Pet Shop,E,Simulation,,3,How many Dogs are there in total?,,,,,,n(D) = Intersection + Dogs Only = x + (x+10).,,,[],SET_THEORY,quiz,content/math/set_theory/quest_10_probability_using_venn_diagrams/10-012.json,,No,,5,"{   ""engineType"": ""SET_THEORY"",   ""mode"": ""quiz"",   ""subject"": ""MATH"",   ""topic"": ""Algebraic Ratios"",   ""variantTitle"": ""Quest 10: The Pet Shop"",   ""sets"": { ""A"": { ""label"": ""C"", ""color"": ""#9333ea"" }, ""B"": { ""label"": ""D"", ""color"": ""#db2777"" } },   ""zones"": { ""left"": [""2x""], ""center"": [""x""], ""right"": [""x+10""], ""outside"": [""0""] },   ""questions"": [     {       ""interaction"": ""DIAGRAM_FILL"",       ""prompt"": ""<b>Phase 1:</b> Cats only is 2x. Dogs only is x+10. Fill the diagram."",       ""inputs"": [         { ""region"": ""left"", ""expected"": ""2x"" },         { ""region"": ""right"", ""expected"": ""x+10"" },         { ""region"": ""center"", ""expected"": ""x"" }       ]     },     {       ""type"": ""ALGEBRA_SOLVE"",       ""targetRegion"": ""union"",        ""equation_target"": 50,       ""expected_x"": 10,       ""prompt"": ""<b>Phase 2:</b> Total pets = 50. Find <b>x</b>."",       ""hint"": ""2x + x + x + 10 = 50. Simplify: 4x = 40.""     },     {       ""retain_visuals"": true,       ""type"": ""COUNT_SUM"",       ""targetRegion"": ""right_total"",       ""x_val"": 10,       ""prompt"": ""How many <b>Dogs</b> are there in total?"",       ""hint"": ""n(D) = Intersection + Dogs Only = x + (x+10).""     }   ] }",10-012.json,quest_10_probability_using_venn_diagrams
10-013_Q1,T1,Solving for Intersection,Quest 10: Fruit Market,E,Simulation,,1,"Phase 1: 20 sell Apples only, 25 Bananas only. Intersection and Outside are both y.",,,,,,,,,[],SET_THEORY,quiz,content/math/set_theory/quest_10_probability_using_venn_diagrams/10-013.json,,No,,5,"{   ""engineType"": ""SET_THEORY"",   ""mode"": ""quiz"",   ""subject"": ""MATH"",   ""topic"": ""Solving for Intersection"",   ""variantTitle"": ""Quest 10: Fruit Market"",   ""sets"": { ""A"": { ""label"": ""A"", ""color"": ""#16a34a"" }, ""B"": { ""label"": ""B"", ""color"": ""#f59e0b"" } },   ""zones"": { ""left"": [""20""], ""center"": [""y""], ""right"": [""25""], ""outside"": [""y""] },   ""questions"": [     {       ""interaction"": ""DIAGRAM_FILL"",       ""prompt"": ""<b>Phase 1:</b> 20 sell Apples only, 25 Bananas only. Intersection and Outside are both <b>y</b>."",       ""inputs"": [         { ""region"": ""left"", ""expected"": ""20"" },         { ""region"": ""center"", ""expected"": ""y"" },         { ""region"": ""outside"", ""expected"": ""y"" }       ]     },     {       ""type"": ""ALGEBRA_SOLVE"",       ""targetRegion"": ""union"",        ""equation_target"": 65,       ""expected_x"": 10,       ""prompt"": ""<b>Phase 2:</b> Total farmers = 65. Find <b>y</b>."",       ""hint"": ""20 + y + 25 + y = 65. Simplify: 2y + 45 = 65.""     },     {       ""retain_visuals"": true,       ""type"": ""PROBABILITY"",       ""targetRegion"": ""intersection"",       ""x_val"": 10,       ""total"": 65,       ""expression"": ""y"",       ""prompt"": ""What is the <b>Probability</b> a farmer sells BOTH?"",       ""hint"": ""n(Both) / Total = 10 / 65. (Simplify to 2/13)""     }   ] }",10-013.json,quest_10_probability_using_venn_diagrams
10-013_Q2,T1,Solving for Intersection,Quest 10: Fruit Market,E,Simulation,,2,Phase 2: Total farmers = 65. Find y.,,,,,,20 + y + 25 + y = 65. Simplify: 2y + 45 = 65.,,,[],SET_THEORY,quiz,content/math/set_theory/quest_10_probability_using_venn_diagrams/10-013.json,,No,,5,"{   ""engineType"": ""SET_THEORY"",   ""mode"": ""quiz"",   ""subject"": ""MATH"",   ""topic"": ""Solving for Intersection"",   ""variantTitle"": ""Quest 10: Fruit Market"",   ""sets"": { ""A"": { ""label"": ""A"", ""color"": ""#16a34a"" }, ""B"": { ""label"": ""B"", ""color"": ""#f59e0b"" } },   ""zones"": { ""left"": [""20""], ""center"": [""y""], ""right"": [""25""], ""outside"": [""y""] },   ""questions"": [     {       ""interaction"": ""DIAGRAM_FILL"",       ""prompt"": ""<b>Phase 1:</b> 20 sell Apples only, 25 Bananas only. Intersection and Outside are both <b>y</b>."",       ""inputs"": [         { ""region"": ""left"", ""expected"": ""20"" },         { ""region"": ""center"", ""expected"": ""y"" },         { ""region"": ""outside"", ""expected"": ""y"" }       ]     },     {       ""type"": ""ALGEBRA_SOLVE"",       ""targetRegion"": ""union"",        ""equation_target"": 65,       ""expected_x"": 10,       ""prompt"": ""<b>Phase 2:</b> Total farmers = 65. Find <b>y</b>."",       ""hint"": ""20 + y + 25 + y = 65. Simplify: 2y + 45 = 65.""     },     {       ""retain_visuals"": true,       ""type"": ""PROBABILITY"",       ""targetRegion"": ""intersection"",       ""x_val"": 10,       ""total"": 65,       ""expression"": ""y"",       ""prompt"": ""What is the <b>Probability</b> a farmer sells BOTH?"",       ""hint"": ""n(Both) / Total = 10 / 65. (Simplify to 2/13)""     }   ] }",10-013.json,quest_10_probability_using_venn_diagrams
10-013_Q3,T1,Solving for Intersection,Quest 10: Fruit Market,E,Simulation,,3,What is the Probability a farmer sells BOTH?,,,,,,n(Both) / Total = 10 / 65. (Simplify to 2/13),,,[],SET_THEORY,quiz,content/math/set_theory/quest_10_probability_using_venn_diagrams/10-013.json,,No,,5,"{   ""engineType"": ""SET_THEORY"",   ""mode"": ""quiz"",   ""subject"": ""MATH"",   ""topic"": ""Solving for Intersection"",   ""variantTitle"": ""Quest 10: Fruit Market"",   ""sets"": { ""A"": { ""label"": ""A"", ""color"": ""#16a34a"" }, ""B"": { ""label"": ""B"", ""color"": ""#f59e0b"" } },   ""zones"": { ""left"": [""20""], ""center"": [""y""], ""right"": [""25""], ""outside"": [""y""] },   ""questions"": [     {       ""interaction"": ""DIAGRAM_FILL"",       ""prompt"": ""<b>Phase 1:</b> 20 sell Apples only, 25 Bananas only. Intersection and Outside are both <b>y</b>."",       ""inputs"": [         { ""region"": ""left"", ""expected"": ""20"" },         { ""region"": ""center"", ""expected"": ""y"" },         { ""region"": ""outside"", ""expected"": ""y"" }       ]     },     {       ""type"": ""ALGEBRA_SOLVE"",       ""targetRegion"": ""union"",        ""equation_target"": 65,       ""expected_x"": 10,       ""prompt"": ""<b>Phase 2:</b> Total farmers = 65. Find <b>y</b>."",       ""hint"": ""20 + y + 25 + y = 65. Simplify: 2y + 45 = 65.""     },     {       ""retain_visuals"": true,       ""type"": ""PROBABILITY"",       ""targetRegion"": ""intersection"",       ""x_val"": 10,       ""total"": 65,       ""expression"": ""y"",       ""prompt"": ""What is the <b>Probability</b> a farmer sells BOTH?"",       ""hint"": ""n(Both) / Total = 10 / 65. (Simplify to 2/13)""     }   ] }",10-013.json,quest_10_probability_using_venn_diagrams
10-014_Q1,T1,Symmetric Difference,Quest 10: Talent Show,E,Simulation,,1,Phase 1: S only is x+5. 10 do both. Outside is 5. Fill it.,,,,,,,,,[],SET_THEORY,quiz,content/math/set_theory/quest_10_probability_using_venn_diagrams/10-014.json,,No,,5,"{   ""engineType"": ""SET_THEORY"",   ""mode"": ""quiz"",   ""subject"": ""MATH"",   ""topic"": ""Symmetric Difference"",   ""variantTitle"": ""Quest 10: Talent Show"",   ""sets"": { ""A"": { ""label"": ""S"", ""color"": ""#2563eb"" }, ""B"": { ""label"": ""D"", ""color"": ""#e11d48"" } },   ""zones"": { ""left"": [""x+5""], ""center"": [""10""], ""right"": [""x""], ""outside"": [""5""] },   ""questions"": [     {       ""interaction"": ""DIAGRAM_FILL"",       ""prompt"": ""<b>Phase 1:</b> S only is x+5. 10 do both. Outside is 5. Fill it."",       ""inputs"": [         { ""region"": ""left"", ""expected"": ""x+5"" },         { ""region"": ""center"", ""expected"": ""10"" },         { ""region"": ""outside"", ""expected"": ""5"" }       ]     },     {       ""type"": ""ALGEBRA_SOLVE"",       ""targetRegion"": ""union"",        ""equation_target"": 50,       ""expected_x"": 15,       ""prompt"": ""<b>Phase 2:</b> Total students = 50. Find <b>x</b>."",       ""hint"": ""(x+5) + 10 + x + 5 = 50. Simplify: 2x + 20 = 50.""     },     {       ""retain_visuals"": true,       ""type"": ""COUNT_SUM"",       ""targetRegion"": ""symmetric_difference"",       ""x_val"": 15,       ""prompt"": ""How many have <b>Only One</b> talent?"",       ""hint"": ""Singers Only (20) + Dancers Only (15).""     }   ] }",10-014.json,quest_10_probability_using_venn_diagrams
10-014_Q2,T1,Symmetric Difference,Quest 10: Talent Show,E,Simulation,,2,Phase 2: Total students = 50. Find x.,,,,,,(x+5) + 10 + x + 5 = 50. Simplify: 2x + 20 = 50.,,,[],SET_THEORY,quiz,content/math/set_theory/quest_10_probability_using_venn_diagrams/10-014.json,,No,,5,"{   ""engineType"": ""SET_THEORY"",   ""mode"": ""quiz"",   ""subject"": ""MATH"",   ""topic"": ""Symmetric Difference"",   ""variantTitle"": ""Quest 10: Talent Show"",   ""sets"": { ""A"": { ""label"": ""S"", ""color"": ""#2563eb"" }, ""B"": { ""label"": ""D"", ""color"": ""#e11d48"" } },   ""zones"": { ""left"": [""x+5""], ""center"": [""10""], ""right"": [""x""], ""outside"": [""5""] },   ""questions"": [     {       ""interaction"": ""DIAGRAM_FILL"",       ""prompt"": ""<b>Phase 1:</b> S only is x+5. 10 do both. Outside is 5. Fill it."",       ""inputs"": [         { ""region"": ""left"", ""expected"": ""x+5"" },         { ""region"": ""center"", ""expected"": ""10"" },         { ""region"": ""outside"", ""expected"": ""5"" }       ]     },     {       ""type"": ""ALGEBRA_SOLVE"",       ""targetRegion"": ""union"",        ""equation_target"": 50,       ""expected_x"": 15,       ""prompt"": ""<b>Phase 2:</b> Total students = 50. Find <b>x</b>."",       ""hint"": ""(x+5) + 10 + x + 5 = 50. Simplify: 2x + 20 = 50.""     },     {       ""retain_visuals"": true,       ""type"": ""COUNT_SUM"",       ""targetRegion"": ""symmetric_difference"",       ""x_val"": 15,       ""prompt"": ""How many have <b>Only One</b> talent?"",       ""hint"": ""Singers Only (20) + Dancers Only (15).""     }   ] }",10-014.json,quest_10_probability_using_venn_diagrams
10-014_Q3,T1,Symmetric Difference,Quest 10: Talent Show,E,Simulation,,3,How many have Only One talent?,,,,,,Singers Only (20) + Dancers Only (15).,,,[],SET_THEORY,quiz,content/math/set_theory/quest_10_probability_using_venn_diagrams/10-014.json,,No,,5,"{   ""engineType"": ""SET_THEORY"",   ""mode"": ""quiz"",   ""subject"": ""MATH"",   ""topic"": ""Symmetric Difference"",   ""variantTitle"": ""Quest 10: Talent Show"",   ""sets"": { ""A"": { ""label"": ""S"", ""color"": ""#2563eb"" }, ""B"": { ""label"": ""D"", ""color"": ""#e11d48"" } },   ""zones"": { ""left"": [""x+5""], ""center"": [""10""], ""right"": [""x""], ""outside"": [""5""] },   ""questions"": [     {       ""interaction"": ""DIAGRAM_FILL"",       ""prompt"": ""<b>Phase 1:</b> S only is x+5. 10 do both. Outside is 5. Fill it."",       ""inputs"": [         { ""region"": ""left"", ""expected"": ""x+5"" },         { ""region"": ""center"", ""expected"": ""10"" },         { ""region"": ""outside"", ""expected"": ""5"" }       ]     },     {       ""type"": ""ALGEBRA_SOLVE"",       ""targetRegion"": ""union"",        ""equation_target"": 50,       ""expected_x"": 15,       ""prompt"": ""<b>Phase 2:</b> Total students = 50. Find <b>x</b>."",       ""hint"": ""(x+5) + 10 + x + 5 = 50. Simplify: 2x + 20 = 50.""     },     {       ""retain_visuals"": true,       ""type"": ""COUNT_SUM"",       ""targetRegion"": ""symmetric_difference"",       ""x_val"": 15,       ""prompt"": ""How many have <b>Only One</b> talent?"",       ""hint"": ""Singers Only (20) + Dancers Only (15).""     }   ] }",10-014.json,quest_10_probability_using_venn_diagrams
10-015_Q1,T1,Finding Missing Regions,Topic 10: Language Totals,E,Simulation,,1,Phase 1: Total English is 45. Intersection is 15. Fill the diagram.,,,,,,,,,[],SET_THEORY,quiz,content/math/set_theory/quest_10_probability_using_venn_diagrams/10-015.json,,No,,5,"{   ""engineType"": ""SET_THEORY"",   ""mode"": ""quiz"",   ""subject"": ""MATH"",   ""topic"": ""Finding Missing Regions"",   ""variantTitle"": ""Topic 10: Language Totals"",   ""sets"": { ""A"": { ""label"": ""E (45)"", ""color"": ""#9333ea"" }, ""B"": { ""label"": ""L"", ""color"": ""#db2777"" } },   ""zones"": { ""left"": [""30""], ""center"": [""15""], ""right"": [""m""], ""outside"": [""5""] },   ""questions"": [     {       ""interaction"": ""DIAGRAM_FILL"",       ""prompt"": ""<b>Phase 1:</b> Total English is 45. Intersection is 15. Fill the diagram."",       ""inputs"": [         { ""region"": ""left"", ""expected"": ""30"" },          { ""region"": ""center"", ""expected"": ""15"" },         { ""region"": ""right"", ""expected"": ""m"" },         { ""region"": ""outside"", ""expected"": ""5"" }       ]     },     {       ""type"": ""ALGEBRA_SOLVE"",       ""targetRegion"": ""union"",        ""equation_target"": 80,       ""expected_x"": 30,       ""prompt"": ""<b>Phase 2:</b> Total villagers = 80. Find <b>m</b>."",       ""hint"": ""30 + 15 + m + 5 = 80 -> 50 + m = 80""     },     {       ""retain_visuals"": true,       ""type"": ""COUNT_SUM"",       ""targetRegion"": ""right_total"",       ""x_val"": 30,       ""prompt"": ""Find the <b>Total Luganda</b> speakers."",       ""hint"": ""Intersection (15) + Luganda Only (30) = 45.""     }   ] }",10-015.json,quest_10_probability_using_venn_diagrams
10-015_Q2,T1,Finding Missing Regions,Topic 10: Language Totals,E,Simulation,,2,Phase 2: Total villagers = 80. Find m.,,,,,,30 + 15 + m + 5 = 80 -> 50 + m = 80,,,[],SET_THEORY,quiz,content/math/set_theory/quest_10_probability_using_venn_diagrams/10-015.json,,No,,5,"{   ""engineType"": ""SET_THEORY"",   ""mode"": ""quiz"",   ""subject"": ""MATH"",   ""topic"": ""Finding Missing Regions"",   ""variantTitle"": ""Topic 10: Language Totals"",   ""sets"": { ""A"": { ""label"": ""E (45)"", ""color"": ""#9333ea"" }, ""B"": { ""label"": ""L"", ""color"": ""#db2777"" } },   ""zones"": { ""left"": [""30""], ""center"": [""15""], ""right"": [""m""], ""outside"": [""5""] },   ""questions"": [     {       ""interaction"": ""DIAGRAM_FILL"",       ""prompt"": ""<b>Phase 1:</b> Total English is 45. Intersection is 15. Fill the diagram."",       ""inputs"": [         { ""region"": ""left"", ""expected"": ""30"" },          { ""region"": ""center"", ""expected"": ""15"" },         { ""region"": ""right"", ""expected"": ""m"" },         { ""region"": ""outside"", ""expected"": ""5"" }       ]     },     {       ""type"": ""ALGEBRA_SOLVE"",       ""targetRegion"": ""union"",        ""equation_target"": 80,       ""expected_x"": 30,       ""prompt"": ""<b>Phase 2:</b> Total villagers = 80. Find <b>m</b>."",       ""hint"": ""30 + 15 + m + 5 = 80 -> 50 + m = 80""     },     {       ""retain_visuals"": true,       ""type"": ""COUNT_SUM"",       ""targetRegion"": ""right_total"",       ""x_val"": 30,       ""prompt"": ""Find the <b>Total Luganda</b> speakers."",       ""hint"": ""Intersection (15) + Luganda Only (30) = 45.""     }   ] }",10-015.json,quest_10_probability_using_venn_diagrams
10-015_Q3,T1,Finding Missing Regions,Topic 10: Language Totals,E,Simulation,,3,Find the Total Luganda speakers.,,,,,,Intersection (15) + Luganda Only (30) = 45.,,,[],SET_THEORY,quiz,content/math/set_theory/quest_10_probability_using_venn_diagrams/10-015.json,,No,,5,"{   ""engineType"": ""SET_THEORY"",   ""mode"": ""quiz"",   ""subject"": ""MATH"",   ""topic"": ""Finding Missing Regions"",   ""variantTitle"": ""Topic 10: Language Totals"",   ""sets"": { ""A"": { ""label"": ""E (45)"", ""color"": ""#9333ea"" }, ""B"": { ""label"": ""L"", ""color"": ""#db2777"" } },   ""zones"": { ""left"": [""30""], ""center"": [""15""], ""right"": [""m""], ""outside"": [""5""] },   ""questions"": [     {       ""interaction"": ""DIAGRAM_FILL"",       ""prompt"": ""<b>Phase 1:</b> Total English is 45. Intersection is 15. Fill the diagram."",       ""inputs"": [         { ""region"": ""left"", ""expected"": ""30"" },          { ""region"": ""center"", ""expected"": ""15"" },         { ""region"": ""right"", ""expected"": ""m"" },         { ""region"": ""outside"", ""expected"": ""5"" }       ]     },     {       ""type"": ""ALGEBRA_SOLVE"",       ""targetRegion"": ""union"",        ""equation_target"": 80,       ""expected_x"": 30,       ""prompt"": ""<b>Phase 2:</b> Total villagers = 80. Find <b>m</b>."",       ""hint"": ""30 + 15 + m + 5 = 80 -> 50 + m = 80""     },     {       ""retain_visuals"": true,       ""type"": ""COUNT_SUM"",       ""targetRegion"": ""right_total"",       ""x_val"": 30,       ""prompt"": ""Find the <b>Total Luganda</b> speakers."",       ""hint"": ""Intersection (15) + Luganda Only (30) = 45.""     }   ] }",10-015.json,quest_10_probability_using_venn_diagrams
10-016_Q1,T1,Finding Neither,Quest 10-005: Art Club,E,Simulation,,1,"Phase 1: P=20, D=15, Both=5. Fill Only regions.",,,,,,,,,[],SET_THEORY,quiz,content/math/set_theory/quest_10_probability_using_venn_diagrams/10-016.json,,No,,5,"{   ""engineType"": ""SET_THEORY"",   ""mode"": ""quiz"",   ""subject"": ""MATH"",   ""topic"": ""Finding Neither"",   ""variantTitle"": ""Quest 10-005: Art Club"",   ""sets"": { ""A"": { ""label"": ""P (20)"", ""color"": ""#16a34a"" }, ""B"": { ""label"": ""D (15)"", ""color"": ""#ea580c"" } },   ""zones"": { ""left"": [""15""], ""center"": [""5""], ""right"": [""10""], ""outside"": [""y""] },   ""questions"": [     {       ""interaction"": ""DIAGRAM_FILL"",       ""prompt"": ""<b>Phase 1:</b> P=20, D=15, Both=5. Fill Only regions."",       ""inputs"": [         { ""region"": ""left"", ""expected"": ""15"" },         { ""region"": ""right"", ""expected"": ""10"" },         { ""region"": ""center"", ""expected"": ""5"" }       ]     },     {       ""type"": ""ALGEBRA_SOLVE"",       ""targetRegion"": ""universal_only"",       ""equation_target"": 40,       ""expected_x"": 10,       ""prompt"": ""<b>Phase 2:</b> Total students = 40. Find <b>y</b> (Neither)."",       ""hint"": ""15 + 5 + 10 + y = 40.""     }   ] }",10-016.json,quest_10_probability_using_venn_diagrams
10-016_Q2,T1,Finding Neither,Quest 10-005: Art Club,E,Simulation,,2,Phase 2: Total students = 40. Find y (Neither).,,,,,,15 + 5 + 10 + y = 40.,,,[],SET_THEORY,quiz,content/math/set_theory/quest_10_probability_using_venn_diagrams/10-016.json,,No,,5,"{   ""engineType"": ""SET_THEORY"",   ""mode"": ""quiz"",   ""subject"": ""MATH"",   ""topic"": ""Finding Neither"",   ""variantTitle"": ""Quest 10-005: Art Club"",   ""sets"": { ""A"": { ""label"": ""P (20)"", ""color"": ""#16a34a"" }, ""B"": { ""label"": ""D (15)"", ""color"": ""#ea580c"" } },   ""zones"": { ""left"": [""15""], ""center"": [""5""], ""right"": [""10""], ""outside"": [""y""] },   ""questions"": [     {       ""interaction"": ""DIAGRAM_FILL"",       ""prompt"": ""<b>Phase 1:</b> P=20, D=15, Both=5. Fill Only regions."",       ""inputs"": [         { ""region"": ""left"", ""expected"": ""15"" },         { ""region"": ""right"", ""expected"": ""10"" },         { ""region"": ""center"", ""expected"": ""5"" }       ]     },     {       ""type"": ""ALGEBRA_SOLVE"",       ""targetRegion"": ""universal_only"",       ""equation_target"": 40,       ""expected_x"": 10,       ""prompt"": ""<b>Phase 2:</b> Total students = 40. Find <b>y</b> (Neither)."",       ""hint"": ""15 + 5 + 10 + y = 40.""     }   ] }",10-016.json,quest_10_probability_using_venn_diagrams
10-017_Q1,T1,Finding Intersection,Quest 10-006: Science Fair,E,Simulation,,1,Phase 1: Both is x. Neither is 5. Fill diagram.,,,,,,,,,[],SET_THEORY,quiz,content/math/set_theory/quest_10_probability_using_venn_diagrams/10-017.json,,No,,5,"{   ""engineType"": ""SET_THEORY"",   ""mode"": ""quiz"",   ""subject"": ""MATH"",   ""topic"": ""Finding Intersection"",   ""variantTitle"": ""Quest 10-006: Science Fair"",   ""sets"": { ""A"": { ""label"": ""Bio (40)"", ""color"": ""#059669"" }, ""B"": { ""label"": ""Chem (30)"", ""color"": ""#0284c7"" } },   ""zones"": { ""left"": [""40-x""], ""center"": [""x""], ""right"": [""30-x""], ""outside"": [""5""] },   ""questions"": [     {       ""interaction"": ""DIAGRAM_FILL"",       ""prompt"": ""<b>Phase 1:</b> Both is x. Neither is 5. Fill diagram."",       ""inputs"": [         { ""region"": ""left"", ""expected"": ""40-x"" },         { ""region"": ""right"", ""expected"": ""30-x"" },         { ""region"": ""outside"", ""expected"": ""5"" }       ]     },     {       ""type"": ""ALGEBRA_SOLVE"",       ""targetRegion"": ""union"",       ""equation_target"": 60,       ""expected_x"": 15,       ""prompt"": ""<b>Phase 2:</b> Total = 60. Find <b>x</b>."",       ""hint"": ""(40-x) + x + (30-x) + 5 = 60 -> 75 - x = 60""     }   ] }",10-017.json,quest_10_probability_using_venn_diagrams
10-017_Q2,T1,Finding Intersection,Quest 10-006: Science Fair,E,Simulation,,2,Phase 2: Total = 60. Find x.,,,,,,(40-x) + x + (30-x) + 5 = 60 -> 75 - x = 60,,,[],SET_THEORY,quiz,content/math/set_theory/quest_10_probability_using_venn_diagrams/10-017.json,,No,,5,"{   ""engineType"": ""SET_THEORY"",   ""mode"": ""quiz"",   ""subject"": ""MATH"",   ""topic"": ""Finding Intersection"",   ""variantTitle"": ""Quest 10-006: Science Fair"",   ""sets"": { ""A"": { ""label"": ""Bio (40)"", ""color"": ""#059669"" }, ""B"": { ""label"": ""Chem (30)"", ""color"": ""#0284c7"" } },   ""zones"": { ""left"": [""40-x""], ""center"": [""x""], ""right"": [""30-x""], ""outside"": [""5""] },   ""questions"": [     {       ""interaction"": ""DIAGRAM_FILL"",       ""prompt"": ""<b>Phase 1:</b> Both is x. Neither is 5. Fill diagram."",       ""inputs"": [         { ""region"": ""left"", ""expected"": ""40-x"" },         { ""region"": ""right"", ""expected"": ""30-x"" },         { ""region"": ""outside"", ""expected"": ""5"" }       ]     },     {       ""type"": ""ALGEBRA_SOLVE"",       ""targetRegion"": ""union"",       ""equation_target"": 60,       ""expected_x"": 15,       ""prompt"": ""<b>Phase 2:</b> Total = 60. Find <b>x</b>."",       ""hint"": ""(40-x) + x + (30-x) + 5 = 60 -> 75 - x = 60""     }   ] }",10-017.json,quest_10_probability_using_venn_diagrams
10-018_Q1,T1,Set Totals Algebra,Quest 10-007: The Clinic,E,Simulation,,1,"Phase 1: n(M)=2x, n(T)=x. Both=10. Fill Only regions.",,,,,,,,,[],SET_THEORY,quiz,content/math/set_theory/quest_10_probability_using_venn_diagrams/10-018.json,,No,,5,"{   ""engineType"": ""SET_THEORY"",   ""mode"": ""quiz"",   ""subject"": ""MATH"",   ""topic"": ""Set Totals Algebra"",   ""variantTitle"": ""Quest 10-007: The Clinic"",   ""sets"": { ""A"": { ""label"": ""M (2x)"", ""color"": ""#dc2626"" }, ""B"": { ""label"": ""T (x)"", ""color"": ""#f59e0b"" } },   ""zones"": { ""left"": [""2x-10""], ""center"": [""10""], ""right"": [""x-10""], ""outside"": [""10""] },   ""questions"": [     {       ""interaction"": ""DIAGRAM_FILL"",       ""prompt"": ""<b>Phase 1:</b> n(M)=2x, n(T)=x. Both=10. Fill Only regions."",       ""inputs"": [         { ""region"": ""left"", ""expected"": ""2x-10"" },         { ""region"": ""right"", ""expected"": ""x-10"" }       ]     },     {       ""type"": ""ALGEBRA_SOLVE"",       ""targetRegion"": ""union"",       ""equation_target"": 60,       ""expected_x"": 20,       ""prompt"": ""<b>Phase 2:</b> Total patients = 60. Find <b>x</b>."",       ""hint"": ""(2x-10) + 10 + (x-10) + 10 = 60 -> 3x = 60""     },     {       ""retain_visuals"": true,       ""type"": ""COUNT_SUM"",       ""targetRegion"": ""left_total"",       ""x_val"": 20,       ""prompt"": ""Find Total Malaria Cases n(M)."",       ""hint"": ""n(M) = 2x. 2(20) = 40.""     }   ] }",10-018.json,quest_10_probability_using_venn_diagrams
10-018_Q2,T1,Set Totals Algebra,Quest 10-007: The Clinic,E,Simulation,,2,Phase 2: Total patients = 60. Find x.,,,,,,(2x-10) + 10 + (x-10) + 10 = 60 -> 3x = 60,,,[],SET_THEORY,quiz,content/math/set_theory/quest_10_probability_using_venn_diagrams/10-018.json,,No,,5,"{   ""engineType"": ""SET_THEORY"",   ""mode"": ""quiz"",   ""subject"": ""MATH"",   ""topic"": ""Set Totals Algebra"",   ""variantTitle"": ""Quest 10-007: The Clinic"",   ""sets"": { ""A"": { ""label"": ""M (2x)"", ""color"": ""#dc2626"" }, ""B"": { ""label"": ""T (x)"", ""color"": ""#f59e0b"" } },   ""zones"": { ""left"": [""2x-10""], ""center"": [""10""], ""right"": [""x-10""], ""outside"": [""10""] },   ""questions"": [     {       ""interaction"": ""DIAGRAM_FILL"",       ""prompt"": ""<b>Phase 1:</b> n(M)=2x, n(T)=x. Both=10. Fill Only regions."",       ""inputs"": [         { ""region"": ""left"", ""expected"": ""2x-10"" },         { ""region"": ""right"", ""expected"": ""x-10"" }       ]     },     {       ""type"": ""ALGEBRA_SOLVE"",       ""targetRegion"": ""union"",       ""equation_target"": 60,       ""expected_x"": 20,       ""prompt"": ""<b>Phase 2:</b> Total patients = 60. Find <b>x</b>."",       ""hint"": ""(2x-10) + 10 + (x-10) + 10 = 60 -> 3x = 60""     },     {       ""retain_visuals"": true,       ""type"": ""COUNT_SUM"",       ""targetRegion"": ""left_total"",       ""x_val"": 20,       ""prompt"": ""Find Total Malaria Cases n(M)."",       ""hint"": ""n(M) = 2x. 2(20) = 40.""     }   ] }",10-018.json,quest_10_probability_using_venn_diagrams
10-018_Q3,T1,Set Totals Algebra,Quest 10-007: The Clinic,E,Simulation,,3,Find Total Malaria Cases n(M).,,,,,,n(M) = 2x. 2(20) = 40.,,,[],SET_THEORY,quiz,content/math/set_theory/quest_10_probability_using_venn_diagrams/10-018.json,,No,,5,"{   ""engineType"": ""SET_THEORY"",   ""mode"": ""quiz"",   ""subject"": ""MATH"",   ""topic"": ""Set Totals Algebra"",   ""variantTitle"": ""Quest 10-007: The Clinic"",   ""sets"": { ""A"": { ""label"": ""M (2x)"", ""color"": ""#dc2626"" }, ""B"": { ""label"": ""T (x)"", ""color"": ""#f59e0b"" } },   ""zones"": { ""left"": [""2x-10""], ""center"": [""10""], ""right"": [""x-10""], ""outside"": [""10""] },   ""questions"": [     {       ""interaction"": ""DIAGRAM_FILL"",       ""prompt"": ""<b>Phase 1:</b> n(M)=2x, n(T)=x. Both=10. Fill Only regions."",       ""inputs"": [         { ""region"": ""left"", ""expected"": ""2x-10"" },         { ""region"": ""right"", ""expected"": ""x-10"" }       ]     },     {       ""type"": ""ALGEBRA_SOLVE"",       ""targetRegion"": ""union"",       ""equation_target"": 60,       ""expected_x"": 20,       ""prompt"": ""<b>Phase 2:</b> Total patients = 60. Find <b>x</b>."",       ""hint"": ""(2x-10) + 10 + (x-10) + 10 = 60 -> 3x = 60""     },     {       ""retain_visuals"": true,       ""type"": ""COUNT_SUM"",       ""targetRegion"": ""left_total"",       ""x_val"": 20,       ""prompt"": ""Find Total Malaria Cases n(M)."",       ""hint"": ""n(M) = 2x. 2(20) = 40.""     }   ] }",10-018.json,quest_10_probability_using_venn_diagrams
10-019_Q1,T1,Probability Calculation,Quest 10-008: Language Prob,E,Simulation,,1,Total = 100. Everyone speaks at least one. Find x (Both).,,,,,,60 + 50 - x = 100 -> 110 - x = 100,,,[],SET_THEORY,quiz,content/math/set_theory/quest_10_probability_using_venn_diagrams/10-019.json,,No,,5,"{   ""engineType"": ""SET_THEORY"",   ""mode"": ""quiz"",   ""subject"": ""MATH"",   ""topic"": ""Probability Calculation"",   ""variantTitle"": ""Quest 10-008: Language Prob"",   ""sets"": { ""A"": { ""label"": ""E (60)"", ""color"": ""#2563eb"" }, ""B"": { ""label"": ""F (50)"", ""color"": ""#db2777"" } },   ""zones"": { ""left"": [""60-x""], ""center"": [""x""], ""right"": [""50-x""], ""outside"": [""0""] },   ""questions"": [     {       ""type"": ""ALGEBRA_SOLVE"",       ""targetRegion"": ""union"",       ""equation_target"": 100,       ""expected_x"": 10,       ""prompt"": ""Total = 100. Everyone speaks at least one. Find <b>x</b> (Both)."",       ""hint"": ""60 + 50 - x = 100 -> 110 - x = 100""     },     {       ""retain_visuals"": true,       ""type"": ""PROBABILITY"",       ""targetRegion"": ""symmetric_difference"",       ""x_val"": 10,       ""total"": 100,       ""expression"": ""90"",        ""prompt"": ""Prob. of speaking <b>Only One</b> language?"",       ""hint"": ""n(Only One) = 50 + 40 = 90. Prob = 90/100.""     }   ] }",10-019.json,quest_10_probability_using_venn_diagrams
10-019_Q2,T1,Probability Calculation,Quest 10-008: Language Prob,E,Simulation,,2,Prob. of speaking Only One language?,,,,,,n(Only One) = 50 + 40 = 90. Prob = 90/100.,,,[],SET_THEORY,quiz,content/math/set_theory/quest_10_probability_using_venn_diagrams/10-019.json,,No,,5,"{   ""engineType"": ""SET_THEORY"",   ""mode"": ""quiz"",   ""subject"": ""MATH"",   ""topic"": ""Probability Calculation"",   ""variantTitle"": ""Quest 10-008: Language Prob"",   ""sets"": { ""A"": { ""label"": ""E (60)"", ""color"": ""#2563eb"" }, ""B"": { ""label"": ""F (50)"", ""color"": ""#db2777"" } },   ""zones"": { ""left"": [""60-x""], ""center"": [""x""], ""right"": [""50-x""], ""outside"": [""0""] },   ""questions"": [     {       ""type"": ""ALGEBRA_SOLVE"",       ""targetRegion"": ""union"",       ""equation_target"": 100,       ""expected_x"": 10,       ""prompt"": ""Total = 100. Everyone speaks at least one. Find <b>x</b> (Both)."",       ""hint"": ""60 + 50 - x = 100 -> 110 - x = 100""     },     {       ""retain_visuals"": true,       ""type"": ""PROBABILITY"",       ""targetRegion"": ""symmetric_difference"",       ""x_val"": 10,       ""total"": 100,       ""expression"": ""90"",        ""prompt"": ""Prob. of speaking <b>Only One</b> language?"",       ""hint"": ""n(Only One) = 50 + 40 = 90. Prob = 90/100.""     }   ] }",10-019.json,quest_10_probability_using_venn_diagrams
10-020_Q1,T1,Finding Missing Regions,Topic 10: Harvest Time,E,Simulation,,1,Phase 1: Total Rice is 60. Intersection is 20. Fill the diagram.,,,,,,,,,[],SET_THEORY,quiz,content/math/set_theory/quest_10_probability_using_venn_diagrams/10-020.json,,No,,5,"{   ""engineType"": ""SET_THEORY"",   ""mode"": ""quiz"",   ""subject"": ""MATH"",   ""topic"": ""Finding Missing Regions"",   ""variantTitle"": ""Topic 10: Harvest Time"",   ""sets"": { ""A"": { ""label"": ""R (60)"", ""color"": ""#9333ea"" }, ""B"": { ""label"": ""B"", ""color"": ""#db2777"" } },   ""zones"": { ""left"": [""40""], ""center"": [""20""], ""right"": [""p""], ""outside"": [""10""] },   ""questions"": [     {       ""interaction"": ""DIAGRAM_FILL"",       ""prompt"": ""<b>Phase 1:</b> Total Rice is 60. Intersection is 20. Fill the diagram."",       ""inputs"": [         { ""region"": ""left"", ""expected"": ""40"" },         { ""region"": ""center"", ""expected"": ""20"" },         { ""region"": ""right"", ""expected"": ""p"" },         { ""region"": ""outside"", ""expected"": ""10"" }       ]     },     {       ""type"": ""ALGEBRA_SOLVE"",       ""targetRegion"": ""union"",        ""equation_target"": 100,       ""expected_x"": 30,       ""prompt"": ""<b>Phase 2:</b> Total farmers = 100. Find <b>p</b>."",       ""hint"": ""40 + 20 + p + 10 = 100 -> 70 + p = 100""     },     {       ""retain_visuals"": true,       ""type"": ""COUNT_SUM"",       ""targetRegion"": ""right_total"",       ""x_val"": 30,       ""prompt"": ""Find the <b>Total Beans</b> growers."",       ""hint"": ""Intersection (20) + Beans Only (30) = 50.""     }   ] }",10-020.json,quest_10_probability_using_venn_diagrams
10-020_Q2,T1,Finding Missing Regions,Topic 10: Harvest Time,E,Simulation,,2,Phase 2: Total farmers = 100. Find p.,,,,,,40 + 20 + p + 10 = 100 -> 70 + p = 100,,,[],SET_THEORY,quiz,content/math/set_theory/quest_10_probability_using_venn_diagrams/10-020.json,,No,,5,"{   ""engineType"": ""SET_THEORY"",   ""mode"": ""quiz"",   ""subject"": ""MATH"",   ""topic"": ""Finding Missing Regions"",   ""variantTitle"": ""Topic 10: Harvest Time"",   ""sets"": { ""A"": { ""label"": ""R (60)"", ""color"": ""#9333ea"" }, ""B"": { ""label"": ""B"", ""color"": ""#db2777"" } },   ""zones"": { ""left"": [""40""], ""center"": [""20""], ""right"": [""p""], ""outside"": [""10""] },   ""questions"": [     {       ""interaction"": ""DIAGRAM_FILL"",       ""prompt"": ""<b>Phase 1:</b> Total Rice is 60. Intersection is 20. Fill the diagram."",       ""inputs"": [         { ""region"": ""left"", ""expected"": ""40"" },         { ""region"": ""center"", ""expected"": ""20"" },         { ""region"": ""right"", ""expected"": ""p"" },         { ""region"": ""outside"", ""expected"": ""10"" }       ]     },     {       ""type"": ""ALGEBRA_SOLVE"",       ""targetRegion"": ""union"",        ""equation_target"": 100,       ""expected_x"": 30,       ""prompt"": ""<b>Phase 2:</b> Total farmers = 100. Find <b>p</b>."",       ""hint"": ""40 + 20 + p + 10 = 100 -> 70 + p = 100""     },     {       ""retain_visuals"": true,       ""type"": ""COUNT_SUM"",       ""targetRegion"": ""right_total"",       ""x_val"": 30,       ""prompt"": ""Find the <b>Total Beans</b> growers."",       ""hint"": ""Intersection (20) + Beans Only (30) = 50.""     }   ] }",10-020.json,quest_10_probability_using_venn_diagrams
10-020_Q3,T1,Finding Missing Regions,Topic 10: Harvest Time,E,Simulation,,3,Find the Total Beans growers.,,,,,,Intersection (20) + Beans Only (30) = 50.,,,[],SET_THEORY,quiz,content/math/set_theory/quest_10_probability_using_venn_diagrams/10-020.json,,No,,5,"{   ""engineType"": ""SET_THEORY"",   ""mode"": ""quiz"",   ""subject"": ""MATH"",   ""topic"": ""Finding Missing Regions"",   ""variantTitle"": ""Topic 10: Harvest Time"",   ""sets"": { ""A"": { ""label"": ""R (60)"", ""color"": ""#9333ea"" }, ""B"": { ""label"": ""B"", ""color"": ""#db2777"" } },   ""zones"": { ""left"": [""40""], ""center"": [""20""], ""right"": [""p""], ""outside"": [""10""] },   ""questions"": [     {       ""interaction"": ""DIAGRAM_FILL"",       ""prompt"": ""<b>Phase 1:</b> Total Rice is 60. Intersection is 20. Fill the diagram."",       ""inputs"": [         { ""region"": ""left"", ""expected"": ""40"" },         { ""region"": ""center"", ""expected"": ""20"" },         { ""region"": ""right"", ""expected"": ""p"" },         { ""region"": ""outside"", ""expected"": ""10"" }       ]     },     {       ""type"": ""ALGEBRA_SOLVE"",       ""targetRegion"": ""union"",        ""equation_target"": 100,       ""expected_x"": 30,       ""prompt"": ""<b>Phase 2:</b> Total farmers = 100. Find <b>p</b>."",       ""hint"": ""40 + 20 + p + 10 = 100 -> 70 + p = 100""     },     {       ""retain_visuals"": true,       ""type"": ""COUNT_SUM"",       ""targetRegion"": ""right_total"",       ""x_val"": 30,       ""prompt"": ""Find the <b>Total Beans</b> growers."",       ""hint"": ""Intersection (20) + Beans Only (30) = 50.""     }   ] }",10-020.json,quest_10_probability_using_venn_diagrams
10-021_Q1,T1,Algebraic Ratios II,Topic 10: Peas & Beans,E,Simulation,,1,Phase 1: Beans only is 2x. Neither is 10. Fill the diagram.,,,,,,,,,[],SET_THEORY,quiz,content/math/set_theory/quest_10_probability_using_venn_diagrams/10-021.json,,No,,5,"{   ""engineType"": ""SET_THEORY"",   ""mode"": ""quiz"",   ""subject"": ""MATH"",   ""topic"": ""Algebraic Ratios II"",   ""variantTitle"": ""Topic 10: Peas & Beans"",   ""sets"": {     ""A"": { ""label"": ""P (50)"", ""color"": ""#9333ea"" },     ""B"": { ""label"": ""B"", ""color"": ""#db2777"" }   },   ""zones"": {     ""left"": [""50-x""],     ""center"": [""x""],     ""right"": [""2x""],     ""outside"": [""10""]   },    ""questions"": [     {       ""interaction"": ""DIAGRAM_FILL"",       ""prompt"": ""<b>Phase 1:</b> Beans only is 2x. Neither is 10. Fill the diagram."",       ""inputs"": [         { ""region"": ""left"", ""expected"": ""50-x"" },         { ""region"": ""right"", ""expected"": ""2x"" },         { ""region"": ""center"", ""expected"": ""x"" },         { ""region"": ""outside"", ""expected"": ""10"" }       ]     },     {       ""type"": ""ALGEBRA_SOLVE"",       ""targetRegion"": ""union"",        ""equation_target"": 90,       ""expected_x"": 15,       ""prompt"": ""<b>Phase 2:</b> Total farmers = 90. Find <b>x</b>."",       ""hint"": ""(50-x) + x + 2x + 10 = 90 -> 60 + 2x = 90""     },     {       ""retain_visuals"": true,       ""type"": ""ALGEBRA_SUBSTITUTE"",       ""targetRegion"": ""right_total"",       ""x_val"": 15,       ""expression"": ""3x"",       ""prompt"": ""How many grow <span style='color:#db2777'>Beans</span> in total?"",       ""hint"": ""Intersection + Beans Only = x + 2x = 3x.""     }   ] }",10-021.json,quest_10_probability_using_venn_diagrams
10-021_Q2,T1,Algebraic Ratios II,Topic 10: Peas & Beans,E,Simulation,,2,Phase 2: Total farmers = 90. Find x.,,,,,,(50-x) + x + 2x + 10 = 90 -> 60 + 2x = 90,,,[],SET_THEORY,quiz,content/math/set_theory/quest_10_probability_using_venn_diagrams/10-021.json,,No,,5,"{   ""engineType"": ""SET_THEORY"",   ""mode"": ""quiz"",   ""subject"": ""MATH"",   ""topic"": ""Algebraic Ratios II"",   ""variantTitle"": ""Topic 10: Peas & Beans"",   ""sets"": {     ""A"": { ""label"": ""P (50)"", ""color"": ""#9333ea"" },     ""B"": { ""label"": ""B"", ""color"": ""#db2777"" }   },   ""zones"": {     ""left"": [""50-x""],     ""center"": [""x""],     ""right"": [""2x""],     ""outside"": [""10""]   },    ""questions"": [     {       ""interaction"": ""DIAGRAM_FILL"",       ""prompt"": ""<b>Phase 1:</b> Beans only is 2x. Neither is 10. Fill the diagram."",       ""inputs"": [         { ""region"": ""left"", ""expected"": ""50-x"" },         { ""region"": ""right"", ""expected"": ""2x"" },         { ""region"": ""center"", ""expected"": ""x"" },         { ""region"": ""outside"", ""expected"": ""10"" }       ]     },     {       ""type"": ""ALGEBRA_SOLVE"",       ""targetRegion"": ""union"",        ""equation_target"": 90,       ""expected_x"": 15,       ""prompt"": ""<b>Phase 2:</b> Total farmers = 90. Find <b>x</b>."",       ""hint"": ""(50-x) + x + 2x + 10 = 90 -> 60 + 2x = 90""     },     {       ""retain_visuals"": true,       ""type"": ""ALGEBRA_SUBSTITUTE"",       ""targetRegion"": ""right_total"",       ""x_val"": 15,       ""expression"": ""3x"",       ""prompt"": ""How many grow <span style='color:#db2777'>Beans</span> in total?"",       ""hint"": ""Intersection + Beans Only = x + 2x = 3x.""     }   ] }",10-021.json,quest_10_probability_using_venn_diagrams
10-021_Q3,T1,Algebraic Ratios II,Topic 10: Peas & Beans,E,Simulation,,3,How many grow Beans in total?,,,,,,Intersection + Beans Only = x + 2x = 3x.,,,[],SET_THEORY,quiz,content/math/set_theory/quest_10_probability_using_venn_diagrams/10-021.json,,No,,5,"{   ""engineType"": ""SET_THEORY"",   ""mode"": ""quiz"",   ""subject"": ""MATH"",   ""topic"": ""Algebraic Ratios II"",   ""variantTitle"": ""Topic 10: Peas & Beans"",   ""sets"": {     ""A"": { ""label"": ""P (50)"", ""color"": ""#9333ea"" },     ""B"": { ""label"": ""B"", ""color"": ""#db2777"" }   },   ""zones"": {     ""left"": [""50-x""],     ""center"": [""x""],     ""right"": [""2x""],     ""outside"": [""10""]   },    ""questions"": [     {       ""interaction"": ""DIAGRAM_FILL"",       ""prompt"": ""<b>Phase 1:</b> Beans only is 2x. Neither is 10. Fill the diagram."",       ""inputs"": [         { ""region"": ""left"", ""expected"": ""50-x"" },         { ""region"": ""right"", ""expected"": ""2x"" },         { ""region"": ""center"", ""expected"": ""x"" },         { ""region"": ""outside"", ""expected"": ""10"" }       ]     },     {       ""type"": ""ALGEBRA_SOLVE"",       ""targetRegion"": ""union"",        ""equation_target"": 90,       ""expected_x"": 15,       ""prompt"": ""<b>Phase 2:</b> Total farmers = 90. Find <b>x</b>."",       ""hint"": ""(50-x) + x + 2x + 10 = 90 -> 60 + 2x = 90""     },     {       ""retain_visuals"": true,       ""type"": ""ALGEBRA_SUBSTITUTE"",       ""targetRegion"": ""right_total"",       ""x_val"": 15,       ""expression"": ""3x"",       ""prompt"": ""How many grow <span style='color:#db2777'>Beans</span> in total?"",       ""hint"": ""Intersection + Beans Only = x + 2x = 3x.""     }   ] }",10-021.json,quest_10_probability_using_venn_diagrams
10-022_Q1,T1,Complex Word Problems,Topic 10: Wedding Drinks,E,Simulation,,1,Phase 1: Wine only is 2 less than thrice x. Neither is 11.,,,,,,,,,[],SET_THEORY,quiz,content/math/set_theory/quest_10_probability_using_venn_diagrams/10-022.json,,No,,5,"{   ""engineType"": ""SET_THEORY"",   ""mode"": ""quiz"",   ""subject"": ""MATH"",   ""topic"": ""Complex Word Problems"",   ""variantTitle"": ""Topic 10: Wedding Drinks"",   ""sets"": { ""A"": { ""label"": ""J (32)"", ""color"": ""#9333ea"" }, ""B"": { ""label"": ""W"", ""color"": ""#db2777"" } },   ""zones"": { ""left"": [""32-x""], ""center"": [""x""], ""right"": [""3x-2""], ""outside"": [""11""] },   ""questions"": [     {       ""interaction"": ""DIAGRAM_FILL"",       ""prompt"": ""<b>Phase 1:</b> Wine only is 2 less than thrice x. Neither is 11."",       ""inputs"": [         { ""region"": ""left"", ""expected"": ""32-x"" },         { ""region"": ""right"", ""expected"": ""3x-2"" },         { ""region"": ""outside"", ""expected"": ""11"" }       ]     },     {       ""type"": ""ALGEBRA_SOLVE"",       ""targetRegion"": ""union"",        ""equation_target"": 62,       ""expected_x"": 7,       ""prompt"": ""<b>Phase 2:</b> Total guests = 62. Find <b>x</b>."",       ""hint"": ""(32-x) + x + (3x-2) + 11 = 62 -> 3x + 41 = 62""     },     {       ""retain_visuals"": true,       ""type"": ""COUNT_SUM"",       ""targetRegion"": ""right_total"",       ""x_val"": 7,       ""prompt"": ""Find Total Wine drinkers."",       ""hint"": ""Intersection (7) + Wine Only (3(7)-2 = 19). Sum = 26.""     }   ] }",10-022.json,quest_10_probability_using_venn_diagrams
10-022_Q2,T1,Complex Word Problems,Topic 10: Wedding Drinks,E,Simulation,,2,Phase 2: Total guests = 62. Find x.,,,,,,(32-x) + x + (3x-2) + 11 = 62 -> 3x + 41 = 62,,,[],SET_THEORY,quiz,content/math/set_theory/quest_10_probability_using_venn_diagrams/10-022.json,,No,,5,"{   ""engineType"": ""SET_THEORY"",   ""mode"": ""quiz"",   ""subject"": ""MATH"",   ""topic"": ""Complex Word Problems"",   ""variantTitle"": ""Topic 10: Wedding Drinks"",   ""sets"": { ""A"": { ""label"": ""J (32)"", ""color"": ""#9333ea"" }, ""B"": { ""label"": ""W"", ""color"": ""#db2777"" } },   ""zones"": { ""left"": [""32-x""], ""center"": [""x""], ""right"": [""3x-2""], ""outside"": [""11""] },   ""questions"": [     {       ""interaction"": ""DIAGRAM_FILL"",       ""prompt"": ""<b>Phase 1:</b> Wine only is 2 less than thrice x. Neither is 11."",       ""inputs"": [         { ""region"": ""left"", ""expected"": ""32-x"" },         { ""region"": ""right"", ""expected"": ""3x-2"" },         { ""region"": ""outside"", ""expected"": ""11"" }       ]     },     {       ""type"": ""ALGEBRA_SOLVE"",       ""targetRegion"": ""union"",        ""equation_target"": 62,       ""expected_x"": 7,       ""prompt"": ""<b>Phase 2:</b> Total guests = 62. Find <b>x</b>."",       ""hint"": ""(32-x) + x + (3x-2) + 11 = 62 -> 3x + 41 = 62""     },     {       ""retain_visuals"": true,       ""type"": ""COUNT_SUM"",       ""targetRegion"": ""right_total"",       ""x_val"": 7,       ""prompt"": ""Find Total Wine drinkers."",       ""hint"": ""Intersection (7) + Wine Only (3(7)-2 = 19). Sum = 26.""     }   ] }",10-022.json,quest_10_probability_using_venn_diagrams
10-022_Q3,T1,Complex Word Problems,Topic 10: Wedding Drinks,E,Simulation,,3,Find Total Wine drinkers.,,,,,,Intersection (7) + Wine Only (3(7)-2 = 19). Sum = 26.,,,[],SET_THEORY,quiz,content/math/set_theory/quest_10_probability_using_venn_diagrams/10-022.json,,No,,5,"{   ""engineType"": ""SET_THEORY"",   ""mode"": ""quiz"",   ""subject"": ""MATH"",   ""topic"": ""Complex Word Problems"",   ""variantTitle"": ""Topic 10: Wedding Drinks"",   ""sets"": { ""A"": { ""label"": ""J (32)"", ""color"": ""#9333ea"" }, ""B"": { ""label"": ""W"", ""color"": ""#db2777"" } },   ""zones"": { ""left"": [""32-x""], ""center"": [""x""], ""right"": [""3x-2""], ""outside"": [""11""] },   ""questions"": [     {       ""interaction"": ""DIAGRAM_FILL"",       ""prompt"": ""<b>Phase 1:</b> Wine only is 2 less than thrice x. Neither is 11."",       ""inputs"": [         { ""region"": ""left"", ""expected"": ""32-x"" },         { ""region"": ""right"", ""expected"": ""3x-2"" },         { ""region"": ""outside"", ""expected"": ""11"" }       ]     },     {       ""type"": ""ALGEBRA_SOLVE"",       ""targetRegion"": ""union"",        ""equation_target"": 62,       ""expected_x"": 7,       ""prompt"": ""<b>Phase 2:</b> Total guests = 62. Find <b>x</b>."",       ""hint"": ""(32-x) + x + (3x-2) + 11 = 62 -> 3x + 41 = 62""     },     {       ""retain_visuals"": true,       ""type"": ""COUNT_SUM"",       ""targetRegion"": ""right_total"",       ""x_val"": 7,       ""prompt"": ""Find Total Wine drinkers."",       ""hint"": ""Intersection (7) + Wine Only (3(7)-2 = 19). Sum = 26.""     }   ] }",10-022.json,quest_10_probability_using_venn_diagrams
10-023_Q1,T1,Probability Union,Quest 10-011: Garden Prob,E,Simulation,,1,How many trees are Mango OR Orange?,,,,,,n(M ∪ O) = 25 + 5 + 15 = 45.,,,[],SET_THEORY,quiz,content/math/set_theory/quest_10_probability_using_venn_diagrams/10-023.json,,No,,5,"{   ""engineType"": ""SET_THEORY"",   ""mode"": ""quiz"",   ""subject"": ""MATH"",   ""topic"": ""Probability Union"",   ""variantTitle"": ""Quest 10-011: Garden Prob"",   ""sets"": { ""A"": { ""label"": ""M (30)"", ""color"": ""#f59e0b"" }, ""B"": { ""label"": ""O (20)"", ""color"": ""#10b981"" } },   ""zones"": { ""left"": [""25""], ""center"": [""5""], ""right"": [""15""], ""outside"": [""15""] },   ""questions"": [     {       ""type"": ""COUNT_SUM"",       ""targetRegion"": ""union"",       ""prompt"": ""How many trees are Mango <b>OR</b> Orange?"",       ""hint"": ""n(M ∪ O) = 25 + 5 + 15 = 45.""     },     {       ""retain_visuals"": true,       ""type"": ""PROBABILITY"",       ""targetRegion"": ""union"",       ""total"": 60,       ""expression"": ""45"",       ""prompt"": ""Probability of picking a fruit tree?"",       ""hint"": ""45/60 = 3/4""     }   ] }",10-023.json,quest_10_probability_using_venn_diagrams
10-023_Q2,T1,Probability Union,Quest 10-011: Garden Prob,E,Simulation,,2,Probability of picking a fruit tree?,,,,,,45/60 = 3/4,,,[],SET_THEORY,quiz,content/math/set_theory/quest_10_probability_using_venn_diagrams/10-023.json,,No,,5,"{   ""engineType"": ""SET_THEORY"",   ""mode"": ""quiz"",   ""subject"": ""MATH"",   ""topic"": ""Probability Union"",   ""variantTitle"": ""Quest 10-011: Garden Prob"",   ""sets"": { ""A"": { ""label"": ""M (30)"", ""color"": ""#f59e0b"" }, ""B"": { ""label"": ""O (20)"", ""color"": ""#10b981"" } },   ""zones"": { ""left"": [""25""], ""center"": [""5""], ""right"": [""15""], ""outside"": [""15""] },   ""questions"": [     {       ""type"": ""COUNT_SUM"",       ""targetRegion"": ""union"",       ""prompt"": ""How many trees are Mango <b>OR</b> Orange?"",       ""hint"": ""n(M ∪ O) = 25 + 5 + 15 = 45.""     },     {       ""retain_visuals"": true,       ""type"": ""PROBABILITY"",       ""targetRegion"": ""union"",       ""total"": 60,       ""expression"": ""45"",       ""prompt"": ""Probability of picking a fruit tree?"",       ""hint"": ""45/60 = 3/4""     }   ] }",10-023.json,quest_10_probability_using_venn_diagrams
10-024_Q1,T1,Probability Algebra,Quest 10-006: Exam Results,E,Simulation,,1,Total = 40. M-only = E-only = x. Find x.,,,,,,2x + 20 = 40,,,[],SET_THEORY,quiz,content/math/set_theory/quest_10_probability_using_venn_diagrams/10-024.json,,No,,5,"{   ""engineType"": ""SET_THEORY"",   ""mode"": ""quiz"",   ""subject"": ""MATH"",   ""topic"": ""Probability Algebra"",   ""variantTitle"": ""Quest 10-006: Exam Results"",   ""sets"": { ""A"": { ""label"": ""M"", ""color"": ""#2563eb"" }, ""B"": { ""label"": ""E"", ""color"": ""#db2777"" } },   ""zones"": { ""left"": [""x""], ""center"": [""10""], ""right"": [""x""], ""outside"": [""10""] },   ""questions"": [     {       ""type"": ""ALGEBRA_SOLVE"",       ""targetRegion"": ""union"",       ""equation_target"": 40,       ""expected_x"": 10,       ""prompt"": ""Total = 40. M-only = E-only = x. Find <b>x</b>."",       ""hint"": ""2x + 20 = 40""     },     {       ""retain_visuals"": true,       ""type"": ""PROBABILITY"",       ""targetRegion"": ""left_only"",       ""x_val"": 10,       ""total"": 40,       ""expression"": ""x"",       ""prompt"": ""Prob. of passing <b>Math Only</b>?"",       ""hint"": ""10/40 = 1/4""     }   ] }",10-024.json,quest_10_probability_using_venn_diagrams
10-024_Q2,T1,Probability Algebra,Quest 10-006: Exam Results,E,Simulation,,2,Prob. of passing Math Only?,,,,,,10/40 = 1/4,,,[],SET_THEORY,quiz,content/math/set_theory/quest_10_probability_using_venn_diagrams/10-024.json,,No,,5,"{   ""engineType"": ""SET_THEORY"",   ""mode"": ""quiz"",   ""subject"": ""MATH"",   ""topic"": ""Probability Algebra"",   ""variantTitle"": ""Quest 10-006: Exam Results"",   ""sets"": { ""A"": { ""label"": ""M"", ""color"": ""#2563eb"" }, ""B"": { ""label"": ""E"", ""color"": ""#db2777"" } },   ""zones"": { ""left"": [""x""], ""center"": [""10""], ""right"": [""x""], ""outside"": [""10""] },   ""questions"": [     {       ""type"": ""ALGEBRA_SOLVE"",       ""targetRegion"": ""union"",       ""equation_target"": 40,       ""expected_x"": 10,       ""prompt"": ""Total = 40. M-only = E-only = x. Find <b>x</b>."",       ""hint"": ""2x + 20 = 40""     },     {       ""retain_visuals"": true,       ""type"": ""PROBABILITY"",       ""targetRegion"": ""left_only"",       ""x_val"": 10,       ""total"": 40,       ""expression"": ""x"",       ""prompt"": ""Prob. of passing <b>Math Only</b>?"",       ""hint"": ""10/40 = 1/4""     }   ] }",10-024.json,quest_10_probability_using_venn_diagrams
10-025_Q1,T1,Symmetric Difference II,Topic 10: Math & English,E,Simulation,,1,Phase 1: English only is 8 more than both. Neither is 4.,,,,,,,,,[],SET_THEORY,quiz,content/math/set_theory/quest_10_probability_using_venn_diagrams/10-025.json,,No,,5,"{   ""engineType"": ""SET_THEORY"",   ""mode"": ""quiz"",   ""subject"": ""MATH"",   ""topic"": ""Symmetric Difference II"",   ""variantTitle"": ""Topic 10: Math & English"",   ""sets"": {     ""A"": { ""label"": ""M (60)"", ""color"": ""#9333ea"" },     ""B"": { ""label"": ""E"", ""color"": ""#db2777"" }   },   ""zones"": {     ""left"": [""60-x""],     ""center"": [""x""],     ""right"": [""x+8""],     ""outside"": [""4""]   },    ""questions"": [     {       ""interaction"": ""DIAGRAM_FILL"",       ""prompt"": ""<b>Phase 1:</b> English only is 8 more than both. Neither is 4."",       ""inputs"": [         { ""region"": ""left"", ""expected"": ""60-x"" },         { ""region"": ""right"", ""expected"": ""x+8"" },         { ""region"": ""outside"", ""expected"": ""4"" }       ]     },     {       ""type"": ""ALGEBRA_SOLVE"",       ""targetRegion"": ""union"",        ""equation_target"": 92,       ""expected_x"": 20,       ""prompt"": ""<b>Phase 2:</b> Total students = 92. Find <b>x</b>."",       ""hint"": ""(60-x) + x + (x+8) + 4 = 92 -> x + 72 = 92""     },     {       ""retain_visuals"": true,       ""type"": ""COUNT_SUM"",       ""targetRegion"": ""right_total"",       ""x_val"": 20,       ""prompt"": ""Find Total English students."",       ""hint"": ""Intersection (20) + E Only (28) = 48.""     }   ] }",10-025.json,quest_10_probability_using_venn_diagrams
10-025_Q2,T1,Symmetric Difference II,Topic 10: Math & English,E,Simulation,,2,Phase 2: Total students = 92. Find x.,,,,,,(60-x) + x + (x+8) + 4 = 92 -> x + 72 = 92,,,[],SET_THEORY,quiz,content/math/set_theory/quest_10_probability_using_venn_diagrams/10-025.json,,No,,5,"{   ""engineType"": ""SET_THEORY"",   ""mode"": ""quiz"",   ""subject"": ""MATH"",   ""topic"": ""Symmetric Difference II"",   ""variantTitle"": ""Topic 10: Math & English"",   ""sets"": {     ""A"": { ""label"": ""M (60)"", ""color"": ""#9333ea"" },     ""B"": { ""label"": ""E"", ""color"": ""#db2777"" }   },   ""zones"": {     ""left"": [""60-x""],     ""center"": [""x""],     ""right"": [""x+8""],     ""outside"": [""4""]   },    ""questions"": [     {       ""interaction"": ""DIAGRAM_FILL"",       ""prompt"": ""<b>Phase 1:</b> English only is 8 more than both. Neither is 4."",       ""inputs"": [         { ""region"": ""left"", ""expected"": ""60-x"" },         { ""region"": ""right"", ""expected"": ""x+8"" },         { ""region"": ""outside"", ""expected"": ""4"" }       ]     },     {       ""type"": ""ALGEBRA_SOLVE"",       ""targetRegion"": ""union"",        ""equation_target"": 92,       ""expected_x"": 20,       ""prompt"": ""<b>Phase 2:</b> Total students = 92. Find <b>x</b>."",       ""hint"": ""(60-x) + x + (x+8) + 4 = 92 -> x + 72 = 92""     },     {       ""retain_visuals"": true,       ""type"": ""COUNT_SUM"",       ""targetRegion"": ""right_total"",       ""x_val"": 20,       ""prompt"": ""Find Total English students."",       ""hint"": ""Intersection (20) + E Only (28) = 48.""     }   ] }",10-025.json,quest_10_probability_using_venn_diagrams
10-025_Q3,T1,Symmetric Difference II,Topic 10: Math & English,E,Simulation,,3,Find Total English students.,,,,,,Intersection (20) + E Only (28) = 48.,,,[],SET_THEORY,quiz,content/math/set_theory/quest_10_probability_using_venn_diagrams/10-025.json,,No,,5,"{   ""engineType"": ""SET_THEORY"",   ""mode"": ""quiz"",   ""subject"": ""MATH"",   ""topic"": ""Symmetric Difference II"",   ""variantTitle"": ""Topic 10: Math & English"",   ""sets"": {     ""A"": { ""label"": ""M (60)"", ""color"": ""#9333ea"" },     ""B"": { ""label"": ""E"", ""color"": ""#db2777"" }   },   ""zones"": {     ""left"": [""60-x""],     ""center"": [""x""],     ""right"": [""x+8""],     ""outside"": [""4""]   },    ""questions"": [     {       ""interaction"": ""DIAGRAM_FILL"",       ""prompt"": ""<b>Phase 1:</b> English only is 8 more than both. Neither is 4."",       ""inputs"": [         { ""region"": ""left"", ""expected"": ""60-x"" },         { ""region"": ""right"", ""expected"": ""x+8"" },         { ""region"": ""outside"", ""expected"": ""4"" }       ]     },     {       ""type"": ""ALGEBRA_SOLVE"",       ""targetRegion"": ""union"",        ""equation_target"": 92,       ""expected_x"": 20,       ""prompt"": ""<b>Phase 2:</b> Total students = 92. Find <b>x</b>."",       ""hint"": ""(60-x) + x + (x+8) + 4 = 92 -> x + 72 = 92""     },     {       ""retain_visuals"": true,       ""type"": ""COUNT_SUM"",       ""targetRegion"": ""right_total"",       ""x_val"": 20,       ""prompt"": ""Find Total English students."",       ""hint"": ""Intersection (20) + E Only (28) = 48.""     }   ] }",10-025.json,quest_10_probability_using_venn_diagrams
10-026_Q1,T1,Complement Equations,Topic 10: Sports Logic,E,Simulation,,1,"Given n(F') = 18 (Not Football), find p.",,,,,,(Rugby Only) + (Outside) = 18. So 2p + p = 18.,,,[],SET_THEORY,quiz,content/math/set_theory/quest_10_probability_using_venn_diagrams/10-026.json,,No,,5,"{   ""engineType"": ""SET_THEORY"",   ""mode"": ""quiz"",   ""subject"": ""MATH"",   ""topic"": ""Complement Equations"",   ""variantTitle"": ""Topic 10: Sports Logic"",   ""sets"": { ""A"": { ""label"": ""F"", ""color"": ""#9333ea"" }, ""B"": { ""label"": ""R"", ""color"": ""#db2777"" } },   ""zones"": { ""left"": [""p+5""], ""center"": [""6""], ""right"": [""2p""], ""outside"": [""p""] },   ""questions"": [     {       ""type"": ""ALGEBRA_SOLVE"",       ""targetRegion"": ""complement_left"",        ""equation_target"": 18,        ""expected_x"": 6,       ""prompt"": ""Given n(F') = 18 (Not Football), find <b>p</b>."",       ""hint"": ""(Rugby Only) + (Outside) = 18. So 2p + p = 18.""     },     {       ""retain_visuals"": true,       ""type"": ""COUNT_SUM"",       ""targetRegion"": ""union"",       ""x_val"": 6,       ""prompt"": ""Find n(F ∪ R) (The Union)."",       ""hint"": ""(11) + 6 + (12) = 29.""     },     {       ""retain_visuals"": true,       ""type"": ""PROBABILITY"",       ""targetRegion"": ""universal_only"",       ""x_val"": 6,       ""total"": 35,        ""expression"": ""p"",        ""prompt"": ""Probability of playing <span style='color:#ef4444'>neither</span>?"",       ""hint"": ""n(Outside) / Total. (6/35)""     }   ] }",10-026.json,quest_10_probability_using_venn_diagrams
10-026_Q2,T1,Complement Equations,Topic 10: Sports Logic,E,Simulation,,2,Find n(F ∪ R) (The Union).,,,,,,(11) + 6 + (12) = 29.,,,[],SET_THEORY,quiz,content/math/set_theory/quest_10_probability_using_venn_diagrams/10-026.json,,No,,5,"{   ""engineType"": ""SET_THEORY"",   ""mode"": ""quiz"",   ""subject"": ""MATH"",   ""topic"": ""Complement Equations"",   ""variantTitle"": ""Topic 10: Sports Logic"",   ""sets"": { ""A"": { ""label"": ""F"", ""color"": ""#9333ea"" }, ""B"": { ""label"": ""R"", ""color"": ""#db2777"" } },   ""zones"": { ""left"": [""p+5""], ""center"": [""6""], ""right"": [""2p""], ""outside"": [""p""] },   ""questions"": [     {       ""type"": ""ALGEBRA_SOLVE"",       ""targetRegion"": ""complement_left"",        ""equation_target"": 18,        ""expected_x"": 6,       ""prompt"": ""Given n(F') = 18 (Not Football), find <b>p</b>."",       ""hint"": ""(Rugby Only) + (Outside) = 18. So 2p + p = 18.""     },     {       ""retain_visuals"": true,       ""type"": ""COUNT_SUM"",       ""targetRegion"": ""union"",       ""x_val"": 6,       ""prompt"": ""Find n(F ∪ R) (The Union)."",       ""hint"": ""(11) + 6 + (12) = 29.""     },     {       ""retain_visuals"": true,       ""type"": ""PROBABILITY"",       ""targetRegion"": ""universal_only"",       ""x_val"": 6,       ""total"": 35,        ""expression"": ""p"",        ""prompt"": ""Probability of playing <span style='color:#ef4444'>neither</span>?"",       ""hint"": ""n(Outside) / Total. (6/35)""     }   ] }",10-026.json,quest_10_probability_using_venn_diagrams
10-026_Q3,T1,Complement Equations,Topic 10: Sports Logic,E,Simulation,,3,Probability of playing neither?,,,,,,n(Outside) / Total. (6/35),,,[],SET_THEORY,quiz,content/math/set_theory/quest_10_probability_using_venn_diagrams/10-026.json,,No,,5,"{   ""engineType"": ""SET_THEORY"",   ""mode"": ""quiz"",   ""subject"": ""MATH"",   ""topic"": ""Complement Equations"",   ""variantTitle"": ""Topic 10: Sports Logic"",   ""sets"": { ""A"": { ""label"": ""F"", ""color"": ""#9333ea"" }, ""B"": { ""label"": ""R"", ""color"": ""#db2777"" } },   ""zones"": { ""left"": [""p+5""], ""center"": [""6""], ""right"": [""2p""], ""outside"": [""p""] },   ""questions"": [     {       ""type"": ""ALGEBRA_SOLVE"",       ""targetRegion"": ""complement_left"",        ""equation_target"": 18,        ""expected_x"": 6,       ""prompt"": ""Given n(F') = 18 (Not Football), find <b>p</b>."",       ""hint"": ""(Rugby Only) + (Outside) = 18. So 2p + p = 18.""     },     {       ""retain_visuals"": true,       ""type"": ""COUNT_SUM"",       ""targetRegion"": ""union"",       ""x_val"": 6,       ""prompt"": ""Find n(F ∪ R) (The Union)."",       ""hint"": ""(11) + 6 + (12) = 29.""     },     {       ""retain_visuals"": true,       ""type"": ""PROBABILITY"",       ""targetRegion"": ""universal_only"",       ""x_val"": 6,       ""total"": 35,        ""expression"": ""p"",        ""prompt"": ""Probability of playing <span style='color:#ef4444'>neither</span>?"",       ""hint"": ""n(Outside) / Total. (6/35)""     }   ] }",10-026.json,quest_10_probability_using_venn_diagrams
10-027_Q1,T1,Final Mix,Topic 10: Math & Science,E,Simulation,,1,Total = 65. Total Science = 45. Find h.,,,,,,(2h+3) + 45 + 5 = 65. So 2h + 53 = 65.,,,[],SET_THEORY,quiz,content/math/set_theory/quest_10_probability_using_venn_diagrams/10-027.json,,No,,5,"{   ""engineType"": ""SET_THEORY"",   ""mode"": ""quiz"",   ""subject"": ""MATH"",   ""topic"": ""Final Mix"",   ""variantTitle"": ""Topic 10: Math & Science"",   ""sets"": { ""A"": { ""label"": ""M"", ""color"": ""#9333ea"" }, ""B"": { ""label"": ""S (45)"", ""color"": ""#db2777"" } },   ""zones"": { ""left"": [""2h+3""], ""center"": [""h""], ""right"": [""45-h""], ""outside"": [""5""] },    ""questions"": [     {       ""type"": ""ALGEBRA_SOLVE"",       ""targetRegion"": ""universal_only"",        ""equation_target"": 65,        ""expected_x"": 6,       ""prompt"": ""Total = 65. Total Science = 45. Find <b>h</b>."",       ""hint"": ""(2h+3) + 45 + 5 = 65. So 2h + 53 = 65.""     },     {       ""retain_visuals"": true,       ""type"": ""ALGEBRA_SUBSTITUTE"",       ""targetRegion"": ""left_only"",       ""x_val"": 6,       ""expression"": ""2h+3"",       ""prompt"": ""How many like <span style='color:#9333ea'>Math ONLY</span>?"",       ""hint"": ""2(6) + 3 = 15.""     },     {       ""retain_visuals"": true,       ""type"": ""PROBABILITY"",       ""targetRegion"": ""left_total"",       ""x_val"": 6,       ""total"": 65,       ""expression"": ""2h+3 + h"",        ""prompt"": ""Probability of picking a pupil who likes <span style='color:#9333ea'>Math</span>?"",       ""hint"": ""Total Math / Total Pupils. (21/65)""     }   ] }",10-027.json,quest_10_probability_using_venn_diagrams
10-027_Q2,T1,Final Mix,Topic 10: Math & Science,E,Simulation,,2,How many like Math ONLY?,,,,,,2(6) + 3 = 15.,,,[],SET_THEORY,quiz,content/math/set_theory/quest_10_probability_using_venn_diagrams/10-027.json,,No,,5,"{   ""engineType"": ""SET_THEORY"",   ""mode"": ""quiz"",   ""subject"": ""MATH"",   ""topic"": ""Final Mix"",   ""variantTitle"": ""Topic 10: Math & Science"",   ""sets"": { ""A"": { ""label"": ""M"", ""color"": ""#9333ea"" }, ""B"": { ""label"": ""S (45)"", ""color"": ""#db2777"" } },   ""zones"": { ""left"": [""2h+3""], ""center"": [""h""], ""right"": [""45-h""], ""outside"": [""5""] },    ""questions"": [     {       ""type"": ""ALGEBRA_SOLVE"",       ""targetRegion"": ""universal_only"",        ""equation_target"": 65,        ""expected_x"": 6,       ""prompt"": ""Total = 65. Total Science = 45. Find <b>h</b>."",       ""hint"": ""(2h+3) + 45 + 5 = 65. So 2h + 53 = 65.""     },     {       ""retain_visuals"": true,       ""type"": ""ALGEBRA_SUBSTITUTE"",       ""targetRegion"": ""left_only"",       ""x_val"": 6,       ""expression"": ""2h+3"",       ""prompt"": ""How many like <span style='color:#9333ea'>Math ONLY</span>?"",       ""hint"": ""2(6) + 3 = 15.""     },     {       ""retain_visuals"": true,       ""type"": ""PROBABILITY"",       ""targetRegion"": ""left_total"",       ""x_val"": 6,       ""total"": 65,       ""expression"": ""2h+3 + h"",        ""prompt"": ""Probability of picking a pupil who likes <span style='color:#9333ea'>Math</span>?"",       ""hint"": ""Total Math / Total Pupils. (21/65)""     }   ] }",10-027.json,quest_10_probability_using_venn_diagrams
10-027_Q3,T1,Final Mix,Topic 10: Math & Science,E,Simulation,,3,Probability of picking a pupil who likes Math?,,,,,,Total Math / Total Pupils. (21/65),,,[],SET_THEORY,quiz,content/math/set_theory/quest_10_probability_using_venn_diagrams/10-027.json,,No,,5,"{   ""engineType"": ""SET_THEORY"",   ""mode"": ""quiz"",   ""subject"": ""MATH"",   ""topic"": ""Final Mix"",   ""variantTitle"": ""Topic 10: Math & Science"",   ""sets"": { ""A"": { ""label"": ""M"", ""color"": ""#9333ea"" }, ""B"": { ""label"": ""S (45)"", ""color"": ""#db2777"" } },   ""zones"": { ""left"": [""2h+3""], ""center"": [""h""], ""right"": [""45-h""], ""outside"": [""5""] },    ""questions"": [     {       ""type"": ""ALGEBRA_SOLVE"",       ""targetRegion"": ""universal_only"",        ""equation_target"": 65,        ""expected_x"": 6,       ""prompt"": ""Total = 65. Total Science = 45. Find <b>h</b>."",       ""hint"": ""(2h+3) + 45 + 5 = 65. So 2h + 53 = 65.""     },     {       ""retain_visuals"": true,       ""type"": ""ALGEBRA_SUBSTITUTE"",       ""targetRegion"": ""left_only"",       ""x_val"": 6,       ""expression"": ""2h+3"",       ""prompt"": ""How many like <span style='color:#9333ea'>Math ONLY</span>?"",       ""hint"": ""2(6) + 3 = 15.""     },     {       ""retain_visuals"": true,       ""type"": ""PROBABILITY"",       ""targetRegion"": ""left_total"",       ""x_val"": 6,       ""total"": 65,       ""expression"": ""2h+3 + h"",        ""prompt"": ""Probability of picking a pupil who likes <span style='color:#9333ea'>Math</span>?"",       ""hint"": ""Total Math / Total Pupils. (21/65)""     }   ] }",10-027.json,quest_10_probability_using_venn_diagrams
10-028_Q1,T1,Probability Final,Quest 10-017: Sports Final,E,Simulation,,1,How many play only one sport?,,,,,,15 + 15 = 30.,,,[],SET_THEORY,quiz,content/math/set_theory/quest_10_probability_using_venn_diagrams/10-028.json,,No,,5,"{   ""engineType"": ""SET_THEORY"",   ""mode"": ""quiz"",   ""subject"": ""MATH"",   ""topic"": ""Probability Final"",   ""variantTitle"": ""Quest 10-017: Sports Final"",   ""sets"": { ""A"": { ""label"": ""F (20)"", ""color"": ""#7c3aed"" }, ""B"": { ""label"": ""R (20)"", ""color"": ""#db2777"" } },   ""zones"": { ""left"": [""15""], ""center"": [""5""], ""right"": [""15""], ""outside"": [""5""] },    ""questions"": [     {       ""type"": ""COUNT_SUM"",       ""targetRegion"": ""symmetric_difference"",       ""prompt"": ""How many play <b>only one</b> sport?"",       ""hint"": ""15 + 15 = 30.""     },     {       ""retain_visuals"": true,       ""type"": ""PROBABILITY"",       ""targetRegion"": ""symmetric_difference"",       ""total"": 40,       ""expression"": ""30"",       ""prompt"": ""Probability of playing <b>Only One</b>?"",       ""hint"": ""30/40 = 3/4""     }   ] }",10-028.json,quest_10_probability_using_venn_diagrams
10-028_Q2,T1,Probability Final,Quest 10-017: Sports Final,E,Simulation,,2,Probability of playing Only One?,,,,,,30/40 = 3/4,,,[],SET_THEORY,quiz,content/math/set_theory/quest_10_probability_using_venn_diagrams/10-028.json,,No,,5,"{   ""engineType"": ""SET_THEORY"",   ""mode"": ""quiz"",   ""subject"": ""MATH"",   ""topic"": ""Probability Final"",   ""variantTitle"": ""Quest 10-017: Sports Final"",   ""sets"": { ""A"": { ""label"": ""F (20)"", ""color"": ""#7c3aed"" }, ""B"": { ""label"": ""R (20)"", ""color"": ""#db2777"" } },   ""zones"": { ""left"": [""15""], ""center"": [""5""], ""right"": [""15""], ""outside"": [""5""] },    ""questions"": [     {       ""type"": ""COUNT_SUM"",       ""targetRegion"": ""symmetric_difference"",       ""prompt"": ""How many play <b>only one</b> sport?"",       ""hint"": ""15 + 15 = 30.""     },     {       ""retain_visuals"": true,       ""type"": ""PROBABILITY"",       ""targetRegion"": ""symmetric_difference"",       ""total"": 40,       ""expression"": ""30"",       ""prompt"": ""Probability of playing <b>Only One</b>?"",       ""hint"": ""30/40 = 3/4""     }   ] }",10-028.json,quest_10_probability_using_venn_diagrams
10-029_Q1,T1,Solving via Total II,Topic 10: Fruits Total,E,Simulation,,1,Total = 55. Total Pineapples = 30. Find y.,,,,,,(Total P) + (A Only) + Outside = 55 -> 30 + 2y + 5 = 55.,,,[],SET_THEORY,quiz,content/math/set_theory/quest_10_probability_using_venn_diagrams/10-029.json,,No,,5,"{   ""engineType"": ""SET_THEORY"",   ""mode"": ""quiz"",   ""subject"": ""MATH"",   ""topic"": ""Solving via Total II"",   ""variantTitle"": ""Topic 10: Fruits Total"",   ""sets"": { ""A"": { ""label"": ""P (30)"", ""color"": ""#9333ea"" }, ""B"": { ""label"": ""A"", ""color"": ""#db2777"" } },   ""zones"": { ""left"": [""30-y""], ""center"": [""y""], ""right"": [""2y""], ""outside"": [""5""] },    ""questions"": [     {       ""type"": ""ALGEBRA_SOLVE"",       ""targetRegion"": ""universal_only"",       ""equation_target"": 55,        ""expected_x"": 10,       ""prompt"": ""Total = 55. Total Pineapples = 30. Find <b>y</b>."",       ""hint"": ""(Total P) + (A Only) + Outside = 55 -> 30 + 2y + 5 = 55.""     },     {       ""retain_visuals"": true,       ""type"": ""COUNT_SUM"",       ""targetRegion"": ""right_total"",       ""x_val"": 10,       ""prompt"": ""How many like <span style='color:#db2777'>Apples</span> altogether?"",       ""hint"": ""Intersection (y) + Only (2y) = 3y = 30.""     },     {       ""retain_visuals"": true,       ""type"": ""PROBABILITY"",       ""targetRegion"": ""right_only"",       ""x_val"": 10,       ""total"": 55,       ""expression"": ""2y"",        ""prompt"": ""Probability of picking a pupil who likes <span style='color:#db2777'>Apples Only</span>?"",       ""hint"": ""n(Apples Only) / Total. (20/55)""     }   ] }",10-029.json,quest_10_probability_using_venn_diagrams
10-029_Q2,T1,Solving via Total II,Topic 10: Fruits Total,E,Simulation,,2,How many like Apples altogether?,,,,,,Intersection (y) + Only (2y) = 3y = 30.,,,[],SET_THEORY,quiz,content/math/set_theory/quest_10_probability_using_venn_diagrams/10-029.json,,No,,5,"{   ""engineType"": ""SET_THEORY"",   ""mode"": ""quiz"",   ""subject"": ""MATH"",   ""topic"": ""Solving via Total II"",   ""variantTitle"": ""Topic 10: Fruits Total"",   ""sets"": { ""A"": { ""label"": ""P (30)"", ""color"": ""#9333ea"" }, ""B"": { ""label"": ""A"", ""color"": ""#db2777"" } },   ""zones"": { ""left"": [""30-y""], ""center"": [""y""], ""right"": [""2y""], ""outside"": [""5""] },    ""questions"": [     {       ""type"": ""ALGEBRA_SOLVE"",       ""targetRegion"": ""universal_only"",       ""equation_target"": 55,        ""expected_x"": 10,       ""prompt"": ""Total = 55. Total Pineapples = 30. Find <b>y</b>."",       ""hint"": ""(Total P) + (A Only) + Outside = 55 -> 30 + 2y + 5 = 55.""     },     {       ""retain_visuals"": true,       ""type"": ""COUNT_SUM"",       ""targetRegion"": ""right_total"",       ""x_val"": 10,       ""prompt"": ""How many like <span style='color:#db2777'>Apples</span> altogether?"",       ""hint"": ""Intersection (y) + Only (2y) = 3y = 30.""     },     {       ""retain_visuals"": true,       ""type"": ""PROBABILITY"",       ""targetRegion"": ""right_only"",       ""x_val"": 10,       ""total"": 55,       ""expression"": ""2y"",        ""prompt"": ""Probability of picking a pupil who likes <span style='color:#db2777'>Apples Only</span>?"",       ""hint"": ""n(Apples Only) / Total. (20/55)""     }   ] }",10-029.json,quest_10_probability_using_venn_diagrams
10-029_Q3,T1,Solving via Total II,Topic 10: Fruits Total,E,Simulation,,3,Probability of picking a pupil who likes Apples Only?,,,,,,n(Apples Only) / Total. (20/55),,,[],SET_THEORY,quiz,content/math/set_theory/quest_10_probability_using_venn_diagrams/10-029.json,,No,,5,"{   ""engineType"": ""SET_THEORY"",   ""mode"": ""quiz"",   ""subject"": ""MATH"",   ""topic"": ""Solving via Total II"",   ""variantTitle"": ""Topic 10: Fruits Total"",   ""sets"": { ""A"": { ""label"": ""P (30)"", ""color"": ""#9333ea"" }, ""B"": { ""label"": ""A"", ""color"": ""#db2777"" } },   ""zones"": { ""left"": [""30-y""], ""center"": [""y""], ""right"": [""2y""], ""outside"": [""5""] },    ""questions"": [     {       ""type"": ""ALGEBRA_SOLVE"",       ""targetRegion"": ""universal_only"",       ""equation_target"": 55,        ""expected_x"": 10,       ""prompt"": ""Total = 55. Total Pineapples = 30. Find <b>y</b>."",       ""hint"": ""(Total P) + (A Only) + Outside = 55 -> 30 + 2y + 5 = 55.""     },     {       ""retain_visuals"": true,       ""type"": ""COUNT_SUM"",       ""targetRegion"": ""right_total"",       ""x_val"": 10,       ""prompt"": ""How many like <span style='color:#db2777'>Apples</span> altogether?"",       ""hint"": ""Intersection (y) + Only (2y) = 3y = 30.""     },     {       ""retain_visuals"": true,       ""type"": ""PROBABILITY"",       ""targetRegion"": ""right_only"",       ""x_val"": 10,       ""total"": 55,       ""expression"": ""2y"",        ""prompt"": ""Probability of picking a pupil who likes <span style='color:#db2777'>Apples Only</span>?"",       ""hint"": ""n(Apples Only) / Total. (20/55)""     }   ] }",10-029.json,quest_10_probability_using_venn_diagrams
10-030_Q1,T1,Probability Final,Quest 10-018: Garden Prob,E,Simulation,,1,Total=100. Find x (Both).,,,,,,60 + 50 - x = 100.,,,[],SET_THEORY,quiz,content/math/set_theory/quest_10_probability_using_venn_diagrams/10-030.json,,No,,5,"{   ""engineType"": ""SET_THEORY"",   ""mode"": ""quiz"",   ""subject"": ""MATH"",   ""topic"": ""Probability Final"",   ""variantTitle"": ""Quest 10-018: Garden Prob"",   ""sets"": { ""A"": { ""label"": ""M (60)"", ""color"": ""#059669"" }, ""B"": { ""label"": ""O (50)"", ""color"": ""#d97706"" } },   ""zones"": { ""left"": [""60-x""], ""center"": [""x""], ""right"": [""50-x""], ""outside"": [""0""] },    ""questions"": [     {       ""type"": ""ALGEBRA_SOLVE"",       ""targetRegion"": ""intersection"",        ""equation_target"": 100,       ""expected_x"": 10,       ""prompt"": ""Total=100. Find <b>x</b> (Both)."",       ""hint"": ""60 + 50 - x = 100.""     },     {       ""retain_visuals"": true,       ""type"": ""PROBABILITY"",       ""targetRegion"": ""left_only"",       ""x_val"": 10,       ""total"": 100,       ""expression"": ""60-x"",       ""prompt"": ""Probability of <b>Mango Only</b>?"",       ""hint"": ""(60-10)/100 = 50/100 = 1/2.""     }   ] }",10-030.json,quest_10_probability_using_venn_diagrams
10-030_Q2,T1,Probability Final,Quest 10-018: Garden Prob,E,Simulation,,2,Probability of Mango Only?,,,,,,(60-10)/100 = 50/100 = 1/2.,,,[],SET_THEORY,quiz,content/math/set_theory/quest_10_probability_using_venn_diagrams/10-030.json,,No,,5,"{   ""engineType"": ""SET_THEORY"",   ""mode"": ""quiz"",   ""subject"": ""MATH"",   ""topic"": ""Probability Final"",   ""variantTitle"": ""Quest 10-018: Garden Prob"",   ""sets"": { ""A"": { ""label"": ""M (60)"", ""color"": ""#059669"" }, ""B"": { ""label"": ""O (50)"", ""color"": ""#d97706"" } },   ""zones"": { ""left"": [""60-x""], ""center"": [""x""], ""right"": [""50-x""], ""outside"": [""0""] },    ""questions"": [     {       ""type"": ""ALGEBRA_SOLVE"",       ""targetRegion"": ""intersection"",        ""equation_target"": 100,       ""expected_x"": 10,       ""prompt"": ""Total=100. Find <b>x</b> (Both)."",       ""hint"": ""60 + 50 - x = 100.""     },     {       ""retain_visuals"": true,       ""type"": ""PROBABILITY"",       ""targetRegion"": ""left_only"",       ""x_val"": 10,       ""total"": 100,       ""expression"": ""60-x"",       ""prompt"": ""Probability of <b>Mango Only</b>?"",       ""hint"": ""(60-10)/100 = 50/100 = 1/2.""     }   ] }",10-030.json,quest_10_probability_using_venn_diagrams
10-031_Q1,T1,Double Variables,Quest 10-018: Subject Sets,E,Simulation,,1,"Part 1: Given n(E) = 36, find n.",,,,,,3n + 12 = 36.,,,[],SET_THEORY,quiz,content/math/set_theory/quest_10_probability_using_venn_diagrams/10-031.json,,No,,5,"{   ""engineType"": ""SET_THEORY"",   ""mode"": ""quiz"",   ""subject"": ""MATH"",   ""topic"": ""Double Variables"",   ""variantTitle"": ""Quest 10-018: Subject Sets"",   ""sets"": { ""A"": { ""label"": ""E (36)"", ""color"": ""#9333ea"" }, ""B"": { ""label"": ""M"", ""color"": ""#db2777"" } },   ""zones"": { ""left"": [""3n""], ""center"": [""12""], ""right"": [""4h+5""], ""outside"": [""15-h""] },   ""questions"": [     {       ""type"": ""ALGEBRA_SOLVE"",       ""targetRegion"": ""left_total"",       ""equation_target"": 36,       ""expected_x"": 8,       ""prompt"": ""<b>Part 1:</b> Given n(E) = 36, find <b>n</b>."",       ""hint"": ""3n + 12 = 36.""     },     {       ""type"": ""ALGEBRA_SOLVE"",        ""targetRegion"": ""right_total"",       ""equation_target"": 33,        ""expected_x"": 33,        ""prompt"": ""<b>Part 2:</b> Given n(M) = h + 29. Find Total n(M)."",       ""hint"": ""(4h+5) + 12 = h + 29. Solve for h, then find Total M.""            },     {       ""retain_visuals"": true,       ""type"": ""COUNT_SUM"",       ""targetRegion"": ""union"",       ""x_val"": 8,       ""prompt"": ""Find the <b>Total Number</b> of pupils."",       ""hint"": ""n=8, h=4. Sum: 24 + 12 + 21 + 11 = 68.""     }   ] }",10-031.json,quest_10_probability_using_venn_diagrams
10-031_Q2,T1,Double Variables,Quest 10-018: Subject Sets,E,Simulation,,2,Part 2: Given n(M) = h + 29. Find Total n(M).,,,,,,"(4h+5) + 12 = h + 29. Solve for h, then find Total M.",,,[],SET_THEORY,quiz,content/math/set_theory/quest_10_probability_using_venn_diagrams/10-031.json,,No,,5,"{   ""engineType"": ""SET_THEORY"",   ""mode"": ""quiz"",   ""subject"": ""MATH"",   ""topic"": ""Double Variables"",   ""variantTitle"": ""Quest 10-018: Subject Sets"",   ""sets"": { ""A"": { ""label"": ""E (36)"", ""color"": ""#9333ea"" }, ""B"": { ""label"": ""M"", ""color"": ""#db2777"" } },   ""zones"": { ""left"": [""3n""], ""center"": [""12""], ""right"": [""4h+5""], ""outside"": [""15-h""] },   ""questions"": [     {       ""type"": ""ALGEBRA_SOLVE"",       ""targetRegion"": ""left_total"",       ""equation_target"": 36,       ""expected_x"": 8,       ""prompt"": ""<b>Part 1:</b> Given n(E) = 36, find <b>n</b>."",       ""hint"": ""3n + 12 = 36.""     },     {       ""type"": ""ALGEBRA_SOLVE"",        ""targetRegion"": ""right_total"",       ""equation_target"": 33,        ""expected_x"": 33,        ""prompt"": ""<b>Part 2:</b> Given n(M) = h + 29. Find Total n(M)."",       ""hint"": ""(4h+5) + 12 = h + 29. Solve for h, then find Total M.""            },     {       ""retain_visuals"": true,       ""type"": ""COUNT_SUM"",       ""targetRegion"": ""union"",       ""x_val"": 8,       ""prompt"": ""Find the <b>Total Number</b> of pupils."",       ""hint"": ""n=8, h=4. Sum: 24 + 12 + 21 + 11 = 68.""     }   ] }",10-031.json,quest_10_probability_using_venn_diagrams
10-031_Q3,T1,Double Variables,Quest 10-018: Subject Sets,E,Simulation,,3,Find the Total Number of pupils.,,,,,,"n=8, h=4. Sum: 24 + 12 + 21 + 11 = 68.",,,[],SET_THEORY,quiz,content/math/set_theory/quest_10_probability_using_venn_diagrams/10-031.json,,No,,5,"{   ""engineType"": ""SET_THEORY"",   ""mode"": ""quiz"",   ""subject"": ""MATH"",   ""topic"": ""Double Variables"",   ""variantTitle"": ""Quest 10-018: Subject Sets"",   ""sets"": { ""A"": { ""label"": ""E (36)"", ""color"": ""#9333ea"" }, ""B"": { ""label"": ""M"", ""color"": ""#db2777"" } },   ""zones"": { ""left"": [""3n""], ""center"": [""12""], ""right"": [""4h+5""], ""outside"": [""15-h""] },   ""questions"": [     {       ""type"": ""ALGEBRA_SOLVE"",       ""targetRegion"": ""left_total"",       ""equation_target"": 36,       ""expected_x"": 8,       ""prompt"": ""<b>Part 1:</b> Given n(E) = 36, find <b>n</b>."",       ""hint"": ""3n + 12 = 36.""     },     {       ""type"": ""ALGEBRA_SOLVE"",        ""targetRegion"": ""right_total"",       ""equation_target"": 33,        ""expected_x"": 33,        ""prompt"": ""<b>Part 2:</b> Given n(M) = h + 29. Find Total n(M)."",       ""hint"": ""(4h+5) + 12 = h + 29. Solve for h, then find Total M.""            },     {       ""retain_visuals"": true,       ""type"": ""COUNT_SUM"",       ""targetRegion"": ""union"",       ""x_val"": 8,       ""prompt"": ""Find the <b>Total Number</b> of pupils."",       ""hint"": ""n=8, h=4. Sum: 24 + 12 + 21 + 11 = 68.""     }   ] }",10-031.json,quest_10_probability_using_venn_diagrams
10-032_Q1,T1,Number Probability,Quest 10-020: Prime Odds,E,Simulation,,1,Sort numbers < 10 into Primes & Odds.,,,,,,,,,[],SET_THEORY,quiz,content/math/set_theory/quest_10_probability_using_venn_diagrams/10-032.json,,No,,5,"{   ""engineType"": ""SET_THEORY"",   ""mode"": ""quiz"",   ""subject"": ""MATH"",   ""topic"": ""Number Probability"",   ""variantTitle"": ""Quest 10-020: Prime Odds"",   ""sets"": { ""A"": { ""label"": ""Prime < 10"", ""color"": ""#db2777"" }, ""B"": { ""label"": ""Odd < 10"", ""color"": ""#9333ea"" } },   ""zones"": { ""left"": [2], ""center"": [3, 5, 7], ""right"": [1, 9], ""outside"": [4, 6, 8] },   ""questions"": [     {       ""interaction"": ""DRAG_SORT"",       ""prompt"": ""Sort numbers < 10 into Primes & Odds."",       ""items"": [         { ""val"": ""2"", ""target"": ""left"" },         { ""val"": ""3"", ""target"": ""center"" },         { ""val"": ""1"", ""target"": ""right"" },         { ""val"": ""4"", ""target"": ""outside"" },         { ""val"": ""9"", ""target"": ""right"" }       ]     },     {       ""retain_visuals"": true,       ""type"": ""PROBABILITY"",       ""targetRegion"": ""intersection"",       ""x_val"": 1, ""total"": 9, ""expression"": ""3"",        ""prompt"": ""Prob. of picking a number that is <b>Prime AND Odd</b>?"",       ""hint"": ""{3, 5, 7} are the overlapping numbers. 3/9 = 1/3.""     }   ] }",10-032.json,quest_10_probability_using_venn_diagrams
10-032_Q2,T1,Number Probability,Quest 10-020: Prime Odds,E,Simulation,,2,Prob. of picking a number that is Prime AND Odd?,,,,,,"{3, 5, 7} are the overlapping numbers. 3/9 = 1/3.",,,[],SET_THEORY,quiz,content/math/set_theory/quest_10_probability_using_venn_diagrams/10-032.json,,No,,5,"{   ""engineType"": ""SET_THEORY"",   ""mode"": ""quiz"",   ""subject"": ""MATH"",   ""topic"": ""Number Probability"",   ""variantTitle"": ""Quest 10-020: Prime Odds"",   ""sets"": { ""A"": { ""label"": ""Prime < 10"", ""color"": ""#db2777"" }, ""B"": { ""label"": ""Odd < 10"", ""color"": ""#9333ea"" } },   ""zones"": { ""left"": [2], ""center"": [3, 5, 7], ""right"": [1, 9], ""outside"": [4, 6, 8] },   ""questions"": [     {       ""interaction"": ""DRAG_SORT"",       ""prompt"": ""Sort numbers < 10 into Primes & Odds."",       ""items"": [         { ""val"": ""2"", ""target"": ""left"" },         { ""val"": ""3"", ""target"": ""center"" },         { ""val"": ""1"", ""target"": ""right"" },         { ""val"": ""4"", ""target"": ""outside"" },         { ""val"": ""9"", ""target"": ""right"" }       ]     },     {       ""retain_visuals"": true,       ""type"": ""PROBABILITY"",       ""targetRegion"": ""intersection"",       ""x_val"": 1, ""total"": 9, ""expression"": ""3"",        ""prompt"": ""Prob. of picking a number that is <b>Prime AND Odd</b>?"",       ""hint"": ""{3, 5, 7} are the overlapping numbers. 3/9 = 1/3.""     }   ] }",10-032.json,quest_10_probability_using_venn_diagrams
10-033_Q1,T1,Algebraic Complements,Quest 10-019: Complement Solver,E,Simulation,,1,Phase 1: S-only is 2m. Outside is m+4. Fill the diagram.,,,,,,,,,[],SET_THEORY,quiz,content/math/set_theory/quest_10_probability_using_venn_diagrams/10-033.json,,No,,5,"{   ""engineType"": ""SET_THEORY"",   ""mode"": ""quiz"",   ""subject"": ""MATH"",   ""topic"": ""Algebraic Complements"",   ""variantTitle"": ""Quest 10-019: Complement Solver"",   ""sets"": { ""A"": { ""label"": ""G"", ""color"": ""#9333ea"" }, ""B"": { ""label"": ""S"", ""color"": ""#db2777"" } },   ""zones"": {     ""left"": [""15""],     ""center"": [""5""],     ""right"": [""2m""],     ""outside"": [""m+4""]   },    ""questions"": [     {       ""interaction"": ""DIAGRAM_FILL"",       ""prompt"": ""<b>Phase 1:</b> S-only is 2m. Outside is m+4. Fill the diagram."",       ""inputs"": [         { ""region"": ""left"", ""expected"": ""15"" },         { ""region"": ""center"", ""expected"": ""5"" },         { ""region"": ""right"", ""expected"": ""2m"" },         { ""region"": ""outside"", ""expected"": ""m+4"" }       ]     },     {       ""type"": ""ALGEBRA_SOLVE"",       ""targetRegion"": ""complement_left"",        ""equation_target"": 25,       ""expected_x"": 7,       ""prompt"": ""<b>Phase 2:</b> n(G)' = 25 (Not G). Find <b>m</b>."",       ""hint"": ""(S Only) + (Outside) = 25. So 2m + m + 4 = 25.""     },     {       ""retain_visuals"": true,       ""type"": ""ALGEBRA_SUBSTITUTE"",       ""targetRegion"": ""right_total"",       ""x_val"": 7,       ""expression"": ""2m+5"",       ""prompt"": ""Find Total n(S)."",       ""hint"": ""Intersection (5) + S Only (14) = 19.""     }   ] }",10-033.json,quest_10_probability_using_venn_diagrams
10-033_Q2,T1,Algebraic Complements,Quest 10-019: Complement Solver,E,Simulation,,2,Phase 2: n(G)' = 25 (Not G). Find m.,,,,,,(S Only) + (Outside) = 25. So 2m + m + 4 = 25.,,,[],SET_THEORY,quiz,content/math/set_theory/quest_10_probability_using_venn_diagrams/10-033.json,,No,,5,"{   ""engineType"": ""SET_THEORY"",   ""mode"": ""quiz"",   ""subject"": ""MATH"",   ""topic"": ""Algebraic Complements"",   ""variantTitle"": ""Quest 10-019: Complement Solver"",   ""sets"": { ""A"": { ""label"": ""G"", ""color"": ""#9333ea"" }, ""B"": { ""label"": ""S"", ""color"": ""#db2777"" } },   ""zones"": {     ""left"": [""15""],     ""center"": [""5""],     ""right"": [""2m""],     ""outside"": [""m+4""]   },    ""questions"": [     {       ""interaction"": ""DIAGRAM_FILL"",       ""prompt"": ""<b>Phase 1:</b> S-only is 2m. Outside is m+4. Fill the diagram."",       ""inputs"": [         { ""region"": ""left"", ""expected"": ""15"" },         { ""region"": ""center"", ""expected"": ""5"" },         { ""region"": ""right"", ""expected"": ""2m"" },         { ""region"": ""outside"", ""expected"": ""m+4"" }       ]     },     {       ""type"": ""ALGEBRA_SOLVE"",       ""targetRegion"": ""complement_left"",        ""equation_target"": 25,       ""expected_x"": 7,       ""prompt"": ""<b>Phase 2:</b> n(G)' = 25 (Not G). Find <b>m</b>."",       ""hint"": ""(S Only) + (Outside) = 25. So 2m + m + 4 = 25.""     },     {       ""retain_visuals"": true,       ""type"": ""ALGEBRA_SUBSTITUTE"",       ""targetRegion"": ""right_total"",       ""x_val"": 7,       ""expression"": ""2m+5"",       ""prompt"": ""Find Total n(S)."",       ""hint"": ""Intersection (5) + S Only (14) = 19.""     }   ] }",10-033.json,quest_10_probability_using_venn_diagrams
10-033_Q3,T1,Algebraic Complements,Quest 10-019: Complement Solver,E,Simulation,,3,Find Total n(S).,,,,,,Intersection (5) + S Only (14) = 19.,,,[],SET_THEORY,quiz,content/math/set_theory/quest_10_probability_using_venn_diagrams/10-033.json,,No,,5,"{   ""engineType"": ""SET_THEORY"",   ""mode"": ""quiz"",   ""subject"": ""MATH"",   ""topic"": ""Algebraic Complements"",   ""variantTitle"": ""Quest 10-019: Complement Solver"",   ""sets"": { ""A"": { ""label"": ""G"", ""color"": ""#9333ea"" }, ""B"": { ""label"": ""S"", ""color"": ""#db2777"" } },   ""zones"": {     ""left"": [""15""],     ""center"": [""5""],     ""right"": [""2m""],     ""outside"": [""m+4""]   },    ""questions"": [     {       ""interaction"": ""DIAGRAM_FILL"",       ""prompt"": ""<b>Phase 1:</b> S-only is 2m. Outside is m+4. Fill the diagram."",       ""inputs"": [         { ""region"": ""left"", ""expected"": ""15"" },         { ""region"": ""center"", ""expected"": ""5"" },         { ""region"": ""right"", ""expected"": ""2m"" },         { ""region"": ""outside"", ""expected"": ""m+4"" }       ]     },     {       ""type"": ""ALGEBRA_SOLVE"",       ""targetRegion"": ""complement_left"",        ""equation_target"": 25,       ""expected_x"": 7,       ""prompt"": ""<b>Phase 2:</b> n(G)' = 25 (Not G). Find <b>m</b>."",       ""hint"": ""(S Only) + (Outside) = 25. So 2m + m + 4 = 25.""     },     {       ""retain_visuals"": true,       ""type"": ""ALGEBRA_SUBSTITUTE"",       ""targetRegion"": ""right_total"",       ""x_val"": 7,       ""expression"": ""2m+5"",       ""prompt"": ""Find Total n(S)."",       ""hint"": ""Intersection (5) + S Only (14) = 19.""     }   ] }",10-033.json,quest_10_probability_using_venn_diagrams
10-034_Q1,T1,Complement Algebra,Quest 10-019: Complement Solver,E,Simulation,,1,Phase 1: Construct the Diagram• G only: 15 &nbsp; • S only: 2m• Intersection: 5 &nbsp; • Outside: m+4,,,,,,,,,[],SET_THEORY,quiz,content/math/set_theory/quest_10_probability_using_venn_diagrams/10-034.json,,No,,5,"{   ""engineType"": ""SET_THEORY"",   ""mode"": ""quiz"",   ""subject"": ""MATH"",   ""topic"": ""Complement Algebra"",   ""variantTitle"": ""Quest 10-019: Complement Solver"",   ""sets"": { ""A"": { ""label"": ""G"", ""color"": ""#9333ea"" }, ""B"": { ""label"": ""S"", ""color"": ""#db2777"" } },   ""zones"": {     ""left"": [""15""],     ""center"": [""5""],     ""right"": [""2m""],     ""outside"": [""m+4""]   },    ""questions"": [     {       ""interaction"": ""DRAG_SORT"",       ""prompt"": ""<b>Phase 1: Construct the Diagram</b><br><span style='font-size:0.9em'>• G only: <b>15</b> &nbsp; • S only: <b>2m</b><br>• Intersection: <b>5</b> &nbsp; • Outside: <b>m+4</b></span>"",       ""items"": [         { ""val"": ""15"", ""target"": ""left"" },         { ""val"": ""5"", ""target"": ""center"" },         { ""val"": ""2m"", ""target"": ""right"" },         { ""val"": ""m+4"", ""target"": ""outside"" }       ]     },     {       ""retain_visuals"": false,       ""type"": ""ALGEBRA_SOLVE"",       ""targetRegion"": ""complement_left"",       ""equation_target"": 25,       ""expected_x"": 7,       ""prompt"": ""<b>Phase 2:</b> n(G)' = 25 (Not G). Find <b>m</b>."",       ""hint"": ""(S Only) + (Outside) = 25 -> 2m + m + 4 = 25""     },     {       ""retain_visuals"": true,       ""type"": ""ALGEBRA_SUBSTITUTE"",       ""targetRegion"": ""right_total"",       ""x_val"": 7,       ""expression"": ""2m+5"",       ""prompt"": ""Find Total n(S)."",       ""hint"": ""Intersection (5) + S Only (14) = 19.""     }   ] }",10-034.json,quest_10_probability_using_venn_diagrams
10-034_Q2,T1,Complement Algebra,Quest 10-019: Complement Solver,E,Simulation,,2,Phase 2: n(G)' = 25 (Not G). Find m.,,,,,,(S Only) + (Outside) = 25 -> 2m + m + 4 = 25,,,[],SET_THEORY,quiz,content/math/set_theory/quest_10_probability_using_venn_diagrams/10-034.json,,No,,5,"{   ""engineType"": ""SET_THEORY"",   ""mode"": ""quiz"",   ""subject"": ""MATH"",   ""topic"": ""Complement Algebra"",   ""variantTitle"": ""Quest 10-019: Complement Solver"",   ""sets"": { ""A"": { ""label"": ""G"", ""color"": ""#9333ea"" }, ""B"": { ""label"": ""S"", ""color"": ""#db2777"" } },   ""zones"": {     ""left"": [""15""],     ""center"": [""5""],     ""right"": [""2m""],     ""outside"": [""m+4""]   },    ""questions"": [     {       ""interaction"": ""DRAG_SORT"",       ""prompt"": ""<b>Phase 1: Construct the Diagram</b><br><span style='font-size:0.9em'>• G only: <b>15</b> &nbsp; • S only: <b>2m</b><br>• Intersection: <b>5</b> &nbsp; • Outside: <b>m+4</b></span>"",       ""items"": [         { ""val"": ""15"", ""target"": ""left"" },         { ""val"": ""5"", ""target"": ""center"" },         { ""val"": ""2m"", ""target"": ""right"" },         { ""val"": ""m+4"", ""target"": ""outside"" }       ]     },     {       ""retain_visuals"": false,       ""type"": ""ALGEBRA_SOLVE"",       ""targetRegion"": ""complement_left"",       ""equation_target"": 25,       ""expected_x"": 7,       ""prompt"": ""<b>Phase 2:</b> n(G)' = 25 (Not G). Find <b>m</b>."",       ""hint"": ""(S Only) + (Outside) = 25 -> 2m + m + 4 = 25""     },     {       ""retain_visuals"": true,       ""type"": ""ALGEBRA_SUBSTITUTE"",       ""targetRegion"": ""right_total"",       ""x_val"": 7,       ""expression"": ""2m+5"",       ""prompt"": ""Find Total n(S)."",       ""hint"": ""Intersection (5) + S Only (14) = 19.""     }   ] }",10-034.json,quest_10_probability_using_venn_diagrams
10-034_Q3,T1,Complement Algebra,Quest 10-019: Complement Solver,E,Simulation,,3,Find Total n(S).,,,,,,Intersection (5) + S Only (14) = 19.,,,[],SET_THEORY,quiz,content/math/set_theory/quest_10_probability_using_venn_diagrams/10-034.json,,No,,5,"{   ""engineType"": ""SET_THEORY"",   ""mode"": ""quiz"",   ""subject"": ""MATH"",   ""topic"": ""Complement Algebra"",   ""variantTitle"": ""Quest 10-019: Complement Solver"",   ""sets"": { ""A"": { ""label"": ""G"", ""color"": ""#9333ea"" }, ""B"": { ""label"": ""S"", ""color"": ""#db2777"" } },   ""zones"": {     ""left"": [""15""],     ""center"": [""5""],     ""right"": [""2m""],     ""outside"": [""m+4""]   },    ""questions"": [     {       ""interaction"": ""DRAG_SORT"",       ""prompt"": ""<b>Phase 1: Construct the Diagram</b><br><span style='font-size:0.9em'>• G only: <b>15</b> &nbsp; • S only: <b>2m</b><br>• Intersection: <b>5</b> &nbsp; • Outside: <b>m+4</b></span>"",       ""items"": [         { ""val"": ""15"", ""target"": ""left"" },         { ""val"": ""5"", ""target"": ""center"" },         { ""val"": ""2m"", ""target"": ""right"" },         { ""val"": ""m+4"", ""target"": ""outside"" }       ]     },     {       ""retain_visuals"": false,       ""type"": ""ALGEBRA_SOLVE"",       ""targetRegion"": ""complement_left"",       ""equation_target"": 25,       ""expected_x"": 7,       ""prompt"": ""<b>Phase 2:</b> n(G)' = 25 (Not G). Find <b>m</b>."",       ""hint"": ""(S Only) + (Outside) = 25 -> 2m + m + 4 = 25""     },     {       ""retain_visuals"": true,       ""type"": ""ALGEBRA_SUBSTITUTE"",       ""targetRegion"": ""right_total"",       ""x_val"": 7,       ""expression"": ""2m+5"",       ""prompt"": ""Find Total n(S)."",       ""hint"": ""Intersection (5) + S Only (14) = 19.""     }   ] }",10-034.json,quest_10_probability_using_venn_diagrams
10-035_Q1,T1,Farm Logic,Quest 10-022: Farm Build,E,Simulation,,1,Phase 1: Build It• G-only: 20 &nbsp; • C-only: 30• Both: y &nbsp; • Neither: 5,,,,,,,,,[],SET_THEORY,quiz,content/math/set_theory/quest_10_probability_using_venn_diagrams/10-035.json,,No,,5,"{   ""engineType"": ""SET_THEORY"",   ""mode"": ""quiz"",   ""subject"": ""MATH"",   ""topic"": ""Farm Logic"",   ""variantTitle"": ""Quest 10-022: Farm Build"",   ""sets"": { ""A"": { ""label"": ""G"", ""color"": ""#16a34a"" }, ""B"": { ""label"": ""C"", ""color"": ""#ea580c"" } },   ""zones"": { ""left"": [""20""], ""center"": [""y""], ""right"": [""30""], ""outside"": [""5""] },   ""questions"": [     {       ""interaction"": ""DRAG_SORT"",       ""prompt"": ""<b>Phase 1: Build It</b><br>• G-only: <b>20</b> &nbsp; • C-only: <b>30</b><br>• Both: <b>y</b> &nbsp; • Neither: <b>5</b>"",       ""items"": [         { ""val"": ""20"", ""target"": ""left"" },         { ""val"": ""y"", ""target"": ""center"" },         { ""val"": ""30"", ""target"": ""right"" },         { ""val"": ""5"", ""target"": ""outside"" }       ]     },     {       ""retain_visuals"": false,       ""type"": ""ALGEBRA_SOLVE"",       ""targetRegion"": ""union"",       ""equation_target"": 65,       ""expected_x"": 10,       ""prompt"": ""<b>Phase 2:</b> Total=65. Find <b>y</b>."",       ""hint"": ""20 + y + 30 + 5 = 65 -> y + 55 = 65.""     }   ] }",10-035.json,quest_10_probability_using_venn_diagrams
10-035_Q2,T1,Farm Logic,Quest 10-022: Farm Build,E,Simulation,,2,Phase 2: Total=65. Find y.,,,,,,20 + y + 30 + 5 = 65 -> y + 55 = 65.,,,[],SET_THEORY,quiz,content/math/set_theory/quest_10_probability_using_venn_diagrams/10-035.json,,No,,5,"{   ""engineType"": ""SET_THEORY"",   ""mode"": ""quiz"",   ""subject"": ""MATH"",   ""topic"": ""Farm Logic"",   ""variantTitle"": ""Quest 10-022: Farm Build"",   ""sets"": { ""A"": { ""label"": ""G"", ""color"": ""#16a34a"" }, ""B"": { ""label"": ""C"", ""color"": ""#ea580c"" } },   ""zones"": { ""left"": [""20""], ""center"": [""y""], ""right"": [""30""], ""outside"": [""5""] },   ""questions"": [     {       ""interaction"": ""DRAG_SORT"",       ""prompt"": ""<b>Phase 1: Build It</b><br>• G-only: <b>20</b> &nbsp; • C-only: <b>30</b><br>• Both: <b>y</b> &nbsp; • Neither: <b>5</b>"",       ""items"": [         { ""val"": ""20"", ""target"": ""left"" },         { ""val"": ""y"", ""target"": ""center"" },         { ""val"": ""30"", ""target"": ""right"" },         { ""val"": ""5"", ""target"": ""outside"" }       ]     },     {       ""retain_visuals"": false,       ""type"": ""ALGEBRA_SOLVE"",       ""targetRegion"": ""union"",       ""equation_target"": 65,       ""expected_x"": 10,       ""prompt"": ""<b>Phase 2:</b> Total=65. Find <b>y</b>."",       ""hint"": ""20 + y + 30 + 5 = 65 -> y + 55 = 65.""     }   ] }",10-035.json,quest_10_probability_using_venn_diagrams
10-036_Q1,T1,Intersection Probability,Quest 10-025: Drink Prob,E,Simulation,,1,Total=40. Find x (Both).,,,,,,25 + 20 - x = 40.,,,[],SET_THEORY,quiz,content/math/set_theory/quest_10_probability_using_venn_diagrams/10-036.json,,No,,5,"{   ""engineType"": ""SET_THEORY"",   ""mode"": ""quiz"",   ""subject"": ""MATH"",   ""topic"": ""Intersection Probability"",   ""variantTitle"": ""Quest 10-025: Drink Prob"",   ""sets"": { ""A"": { ""label"": ""T (25)"", ""color"": ""#06b6d4"" }, ""B"": { ""label"": ""C (20)"", ""color"": ""#8b5cf6"" } },   ""zones"": { ""left"": [""20""], ""center"": [""x""], ""right"": [""15""], ""outside"": [""0""] },   ""questions"": [     {       ""type"": ""ALGEBRA_SOLVE"",       ""targetRegion"": ""intersection"",       ""equation_target"": 40,       ""expected_x"": 5,       ""prompt"": ""Total=40. Find <b>x</b> (Both)."",       ""hint"": ""25 + 20 - x = 40.""     },     {       ""retain_visuals"": true,       ""type"": ""PROBABILITY"",       ""targetRegion"": ""intersection"",       ""x_val"": 5, ""total"": 40, ""expression"": ""x"",       ""prompt"": ""Probability of drinking <b>Both</b>?"",       ""hint"": ""5/40 = 1/8.""     }   ] }",10-036.json,quest_10_probability_using_venn_diagrams
10-036_Q2,T1,Intersection Probability,Quest 10-025: Drink Prob,E,Simulation,,2,Probability of drinking Both?,,,,,,5/40 = 1/8.,,,[],SET_THEORY,quiz,content/math/set_theory/quest_10_probability_using_venn_diagrams/10-036.json,,No,,5,"{   ""engineType"": ""SET_THEORY"",   ""mode"": ""quiz"",   ""subject"": ""MATH"",   ""topic"": ""Intersection Probability"",   ""variantTitle"": ""Quest 10-025: Drink Prob"",   ""sets"": { ""A"": { ""label"": ""T (25)"", ""color"": ""#06b6d4"" }, ""B"": { ""label"": ""C (20)"", ""color"": ""#8b5cf6"" } },   ""zones"": { ""left"": [""20""], ""center"": [""x""], ""right"": [""15""], ""outside"": [""0""] },   ""questions"": [     {       ""type"": ""ALGEBRA_SOLVE"",       ""targetRegion"": ""intersection"",       ""equation_target"": 40,       ""expected_x"": 5,       ""prompt"": ""Total=40. Find <b>x</b> (Both)."",       ""hint"": ""25 + 20 - x = 40.""     },     {       ""retain_visuals"": true,       ""type"": ""PROBABILITY"",       ""targetRegion"": ""intersection"",       ""x_val"": 5, ""total"": 40, ""expression"": ""x"",       ""prompt"": ""Probability of drinking <b>Both</b>?"",       ""hint"": ""5/40 = 1/8.""     }   ] }",10-036.json,quest_10_probability_using_venn_diagrams
10-037_Q1,T1,Probability of Union,Quest 10-026: Sports Prob,E,Simulation,,1,How many play at least one sport?,,,,,,30 + 10 + 20 = 60.,,,[],SET_THEORY,quiz,content/math/set_theory/quest_10_probability_using_venn_diagrams/10-037.json,,No,,5,"{   ""engineType"": ""SET_THEORY"",   ""mode"": ""quiz"",   ""subject"": ""MATH"",   ""topic"": ""Probability of Union"",   ""variantTitle"": ""Quest 10-026: Sports Prob"",   ""sets"": { ""A"": { ""label"": ""F (40)"", ""color"": ""#16a34a"" }, ""B"": { ""label"": ""R (30)"", ""color"": ""#f59e0b"" } },   ""zones"": { ""left"": [""30""], ""center"": [""10""], ""right"": [""20""], ""outside"": [""20""] },   ""questions"": [     {       ""type"": ""COUNT_SUM"",       ""targetRegion"": ""union"",       ""prompt"": ""How many play <b>at least one</b> sport?"",       ""hint"": ""30 + 10 + 20 = 60.""     },     {       ""retain_visuals"": true,       ""type"": ""PROBABILITY"",       ""targetRegion"": ""union"",       ""total"": 80,       ""x_val"": 0,       ""expression"": ""60"",       ""prompt"": ""Probability of picking a student who plays a sport?"",       ""hint"": ""Union (60) / Total (80) = 3/4.""     }   ] }",10-037.json,quest_10_probability_using_venn_diagrams
10-037_Q2,T1,Probability of Union,Quest 10-026: Sports Prob,E,Simulation,,2,Probability of picking a student who plays a sport?,,,,,,Union (60) / Total (80) = 3/4.,,,[],SET_THEORY,quiz,content/math/set_theory/quest_10_probability_using_venn_diagrams/10-037.json,,No,,5,"{   ""engineType"": ""SET_THEORY"",   ""mode"": ""quiz"",   ""subject"": ""MATH"",   ""topic"": ""Probability of Union"",   ""variantTitle"": ""Quest 10-026: Sports Prob"",   ""sets"": { ""A"": { ""label"": ""F (40)"", ""color"": ""#16a34a"" }, ""B"": { ""label"": ""R (30)"", ""color"": ""#f59e0b"" } },   ""zones"": { ""left"": [""30""], ""center"": [""10""], ""right"": [""20""], ""outside"": [""20""] },   ""questions"": [     {       ""type"": ""COUNT_SUM"",       ""targetRegion"": ""union"",       ""prompt"": ""How many play <b>at least one</b> sport?"",       ""hint"": ""30 + 10 + 20 = 60.""     },     {       ""retain_visuals"": true,       ""type"": ""PROBABILITY"",       ""targetRegion"": ""union"",       ""total"": 80,       ""x_val"": 0,       ""expression"": ""60"",       ""prompt"": ""Probability of picking a student who plays a sport?"",       ""hint"": ""Union (60) / Total (80) = 3/4.""     }   ] }",10-037.json,quest_10_probability_using_venn_diagrams
10-15_Q1,T1,Finding Totals,Quest 10: Drink Stand,E,Simulation,,1,Phase 1: Juice Only is 2k. Soda Only is k. Fill diagram.,,,,,,,,,[],SET_THEORY,quiz,content/math/set_theory/quest_10_probability_using_venn_diagrams/10-15.json,,No,,5,"{   ""engineType"": ""SET_THEORY"",   ""mode"": ""quiz"",   ""subject"": ""MATH"",   ""topic"": ""Finding Totals"",   ""variantTitle"": ""Quest 10: Drink Stand"",   ""sets"": { ""A"": { ""label"": ""Soda"", ""color"": ""#9333ea"" }, ""B"": { ""label"": ""Juice"", ""color"": ""#db2777"" } },   ""zones"": { ""left"": [""k""], ""center"": [""10""], ""right"": [""2k""], ""outside"": [""5""] },   ""questions"": [     {       ""interaction"": ""DIAGRAM_FILL"",       ""prompt"": ""<b>Phase 1:</b> Juice Only is 2k. Soda Only is k. Fill diagram."",       ""inputs"": [         { ""region"": ""left"", ""expected"": ""k"" },         { ""region"": ""right"", ""expected"": ""2k"" },         { ""region"": ""center"", ""expected"": ""10"" }       ]     },     {       ""type"": ""ALGEBRA_SOLVE"",       ""targetRegion"": ""left_total"",        ""equation_target"": 30,       ""expected_x"": 20,       ""prompt"": ""<b>Phase 2:</b> Given n(Soda) = 30. Find <b>k</b>."",       ""hint"": ""Soda is the whole Left Circle: k + 10 = 30.""     },     {       ""retain_visuals"": true,       ""type"": ""COUNT_SUM"",       ""targetRegion"": ""union"",       ""x_val"": 20,       ""prompt"": ""Now find the <b>Total Number</b> of people."",       ""hint"": ""Sum all regions: 20 + 10 + 40 + 5.""     }   ] }",10-15.json,quest_10_probability_using_venn_diagrams
10-15_Q2,T1,Finding Totals,Quest 10: Drink Stand,E,Simulation,,2,Phase 2: Given n(Soda) = 30. Find k.,,,,,,Soda is the whole Left Circle: k + 10 = 30.,,,[],SET_THEORY,quiz,content/math/set_theory/quest_10_probability_using_venn_diagrams/10-15.json,,No,,5,"{   ""engineType"": ""SET_THEORY"",   ""mode"": ""quiz"",   ""subject"": ""MATH"",   ""topic"": ""Finding Totals"",   ""variantTitle"": ""Quest 10: Drink Stand"",   ""sets"": { ""A"": { ""label"": ""Soda"", ""color"": ""#9333ea"" }, ""B"": { ""label"": ""Juice"", ""color"": ""#db2777"" } },   ""zones"": { ""left"": [""k""], ""center"": [""10""], ""right"": [""2k""], ""outside"": [""5""] },   ""questions"": [     {       ""interaction"": ""DIAGRAM_FILL"",       ""prompt"": ""<b>Phase 1:</b> Juice Only is 2k. Soda Only is k. Fill diagram."",       ""inputs"": [         { ""region"": ""left"", ""expected"": ""k"" },         { ""region"": ""right"", ""expected"": ""2k"" },         { ""region"": ""center"", ""expected"": ""10"" }       ]     },     {       ""type"": ""ALGEBRA_SOLVE"",       ""targetRegion"": ""left_total"",        ""equation_target"": 30,       ""expected_x"": 20,       ""prompt"": ""<b>Phase 2:</b> Given n(Soda) = 30. Find <b>k</b>."",       ""hint"": ""Soda is the whole Left Circle: k + 10 = 30.""     },     {       ""retain_visuals"": true,       ""type"": ""COUNT_SUM"",       ""targetRegion"": ""union"",       ""x_val"": 20,       ""prompt"": ""Now find the <b>Total Number</b> of people."",       ""hint"": ""Sum all regions: 20 + 10 + 40 + 5.""     }   ] }",10-15.json,quest_10_probability_using_venn_diagrams
10-15_Q3,T1,Finding Totals,Quest 10: Drink Stand,E,Simulation,,3,Now find the Total Number of people.,,,,,,Sum all regions: 20 + 10 + 40 + 5.,,,[],SET_THEORY,quiz,content/math/set_theory/quest_10_probability_using_venn_diagrams/10-15.json,,No,,5,"{   ""engineType"": ""SET_THEORY"",   ""mode"": ""quiz"",   ""subject"": ""MATH"",   ""topic"": ""Finding Totals"",   ""variantTitle"": ""Quest 10: Drink Stand"",   ""sets"": { ""A"": { ""label"": ""Soda"", ""color"": ""#9333ea"" }, ""B"": { ""label"": ""Juice"", ""color"": ""#db2777"" } },   ""zones"": { ""left"": [""k""], ""center"": [""10""], ""right"": [""2k""], ""outside"": [""5""] },   ""questions"": [     {       ""interaction"": ""DIAGRAM_FILL"",       ""prompt"": ""<b>Phase 1:</b> Juice Only is 2k. Soda Only is k. Fill diagram."",       ""inputs"": [         { ""region"": ""left"", ""expected"": ""k"" },         { ""region"": ""right"", ""expected"": ""2k"" },         { ""region"": ""center"", ""expected"": ""10"" }       ]     },     {       ""type"": ""ALGEBRA_SOLVE"",       ""targetRegion"": ""left_total"",        ""equation_target"": 30,       ""expected_x"": 20,       ""prompt"": ""<b>Phase 2:</b> Given n(Soda) = 30. Find <b>k</b>."",       ""hint"": ""Soda is the whole Left Circle: k + 10 = 30.""     },     {       ""retain_visuals"": true,       ""type"": ""COUNT_SUM"",       ""targetRegion"": ""union"",       ""x_val"": 20,       ""prompt"": ""Now find the <b>Total Number</b> of people."",       ""hint"": ""Sum all regions: 20 + 10 + 40 + 5.""     }   ] }",10-15.json,quest_10_probability_using_venn_diagrams
10-sim_1_Q1,T1,Probability Game,Quest 10: Probability Sim,E,Simulation,,1,P(Football)? (Total in A / Total People),,,,,,Count everyone inside the Blue Circle (A).,,,[],VENN_PROB_ENGINE,quiz,content/math/set_theory/quest_10_probability_using_venn_diagrams/10-sim_1.json,,No,,5,"{   ""engineType"": ""VENN_PROB_ENGINE"",   ""mode"": ""quiz"",   ""subject"": ""MATH"",   ""topic"": ""Probability Game"",   ""variantTitle"": ""Quest 10: Probability Sim"",   ""questions"": [     {       ""story"": ""<b>Level 1:</b> 3 friends play Football (A) only. 2 play Football AND Netball (B). None play Netball only or Outside."",       ""setup"": { ""aOnly"": 3, ""bOnly"": 0, ""intersection"": 2, ""outside"": 0 },       ""question"": ""P(Football)? (Total in A / Total People)"",       ""expectedNumerator"": 5,       ""expectedDenominator"": 5,       ""hint"": ""Count everyone inside the Blue Circle (A).""     },     {       ""story"": ""<b>Level 2:</b> 2 in A only, 3 in B only, 2 Both, 1 Outside."",       ""setup"": { ""aOnly"": 2, ""bOnly"": 3, ""intersection"": 2, ""outside"": 1 },       ""question"": ""What is P(A ∩ B)? (Both / Total)"",       ""expectedNumerator"": 2,       ""expectedDenominator"": 8,       ""hint"": ""Intersection (2) / Total (8).""     }   ] }",10-sim_1.json,quest_10_probability_using_venn_diagrams
10-sim_1_Q2,T1,Probability Game,Quest 10: Probability Sim,E,Simulation,,2,What is P(A ∩ B)? (Both / Total),,,,,,Intersection (2) / Total (8).,,,[],VENN_PROB_ENGINE,quiz,content/math/set_theory/quest_10_probability_using_venn_diagrams/10-sim_1.json,,No,,5,"{   ""engineType"": ""VENN_PROB_ENGINE"",   ""mode"": ""quiz"",   ""subject"": ""MATH"",   ""topic"": ""Probability Game"",   ""variantTitle"": ""Quest 10: Probability Sim"",   ""questions"": [     {       ""story"": ""<b>Level 1:</b> 3 friends play Football (A) only. 2 play Football AND Netball (B). None play Netball only or Outside."",       ""setup"": { ""aOnly"": 3, ""bOnly"": 0, ""intersection"": 2, ""outside"": 0 },       ""question"": ""P(Football)? (Total in A / Total People)"",       ""expectedNumerator"": 5,       ""expectedDenominator"": 5,       ""hint"": ""Count everyone inside the Blue Circle (A).""     },     {       ""story"": ""<b>Level 2:</b> 2 in A only, 3 in B only, 2 Both, 1 Outside."",       ""setup"": { ""aOnly"": 2, ""bOnly"": 3, ""intersection"": 2, ""outside"": 1 },       ""question"": ""What is P(A ∩ B)? (Both / Total)"",       ""expectedNumerator"": 2,       ""expectedDenominator"": 8,       ""hint"": ""Intersection (2) / Total (8).""     }   ] }",10-sim_1.json,quest_10_probability_using_venn_diagrams
study_probabilities_S1,T1,Probability,Chance in Venn Diagrams,E,Read,,1,What is Probability?: Probability tells us the chance of picking someone from a specific group.Formula:Prob = (Target Count) / (Total People),,,,,,,,,[],MATH_STUDY,study,content/math/set_theory/quest_10_probability_using_venn_diagrams/study_probabilities.json,,No,,0,"{   ""engineType"": ""MATH_STUDY"",   ""mode"": ""study"",   ""topic"": ""Probability"",   ""variantTitle"": ""Chance in Venn Diagrams"",   ""slides"": [     {       ""title"": ""What is Probability?"",       ""text"": ""Probability tells us the <b>chance</b> of picking someone from a specific group.<br><br><b>Formula:</b><br><center><span class='sym'>Prob = (Target Count) / (Total People)</span></center>"",       ""visualType"": ""VENN_DIAGRAM"",       ""labels"": [""A"", ""B""],       ""elements"": { ""left"": ""30"", ""center"": ""10"", ""right"": ""20"" },       ""highlight"": []     },     {       ""title"": ""Case 1: Simple Probability"",       ""text"": ""<b>Question:</b> What is the probability of picking someone from <b>Set A</b>?<br><br><b>Step 1:</b> Find Total (30+10+20 = 60).<br><b>Step 2:</b> Find n(A) (30+10 = 40).<br><b>Answer:</b> 40/60 = 2/3."",       ""visualType"": ""VENN_DIAGRAM"",       ""labels"": [""A"", ""B""],       ""elements"": { ""left"": ""30"", ""center"": ""10"", ""right"": ""20"" },       ""highlight"": [""left"", ""center""]     },     {       ""title"": ""Case 2: 'Only' Probability"",       ""text"": ""<b>Question:</b> Prob. of picking someone who likes <b>B ONLY</b>?<br><br><b>Logic:</b> Look at the crescent moon on the right.<br>n(B Only) = 20.<br><b>Answer:</b> 20/60 = 1/3."",       ""visualType"": ""VENN_DIAGRAM"",       ""labels"": [""A"", ""B""],       ""elements"": { ""left"": ""30"", ""center"": ""10"", ""right"": ""20"" },       ""highlight"": [""right""]     },     {       ""title"": ""Case 3: Algebra First!"",       ""text"": ""Sometimes you must find <b>x</b> first.<br><br><b>Question:</b> Total=100. Find Prob(Both).<br><b>Step 1:</b> Solve for x.<br>60 + 50 - x = 100 → x = 10.<br><b>Step 2:</b> Prob = 10/100."",       ""visualType"": ""VENN_DIAGRAM"",       ""labels"": [""E (60)"", ""F (50)""],       ""elements"": { ""left"": ""50"", ""center"": ""x"", ""right"": ""40"" },       ""highlight"": [""center""]     },     {       ""title"": ""Case 4: Probability of 'Neither'"",       ""text"": ""<b>Question:</b> Prob. of picking someone outside?<br><br>If Total = 60, and Outside = 14.<br><b>Answer:</b> 14/60.<br><br>Always remember to count the people outside the circles!"",       ""visualType"": ""VENN_DIAGRAM"",       ""labels"": [""N"", ""B""],       ""elements"": { ""left"": ""24"", ""center"": ""10"", ""right"": ""12"", ""outside"": ""14"" },       ""highlight"": [""outside""]     }   ] }",study_probabilities.json,quest_10_probability_using_venn_diagrams
study_probabilities_S2,T1,Probability,Chance in Venn Diagrams,E,Read,,2,Case 1: Simple Probability: Question: What is the probability of picking someone from Set A?Step 1: Find Total (30+10+20 = 60).Step 2: Find n(A) (30+10 = 40).Answer: 40/60 = 2/3.,,,,,,,,,[],MATH_STUDY,study,content/math/set_theory/quest_10_probability_using_venn_diagrams/study_probabilities.json,,No,,0,"{   ""engineType"": ""MATH_STUDY"",   ""mode"": ""study"",   ""topic"": ""Probability"",   ""variantTitle"": ""Chance in Venn Diagrams"",   ""slides"": [     {       ""title"": ""What is Probability?"",       ""text"": ""Probability tells us the <b>chance</b> of picking someone from a specific group.<br><br><b>Formula:</b><br><center><span class='sym'>Prob = (Target Count) / (Total People)</span></center>"",       ""visualType"": ""VENN_DIAGRAM"",       ""labels"": [""A"", ""B""],       ""elements"": { ""left"": ""30"", ""center"": ""10"", ""right"": ""20"" },       ""highlight"": []     },     {       ""title"": ""Case 1: Simple Probability"",       ""text"": ""<b>Question:</b> What is the probability of picking someone from <b>Set A</b>?<br><br><b>Step 1:</b> Find Total (30+10+20 = 60).<br><b>Step 2:</b> Find n(A) (30+10 = 40).<br><b>Answer:</b> 40/60 = 2/3."",       ""visualType"": ""VENN_DIAGRAM"",       ""labels"": [""A"", ""B""],       ""elements"": { ""left"": ""30"", ""center"": ""10"", ""right"": ""20"" },       ""highlight"": [""left"", ""center""]     },     {       ""title"": ""Case 2: 'Only' Probability"",       ""text"": ""<b>Question:</b> Prob. of picking someone who likes <b>B ONLY</b>?<br><br><b>Logic:</b> Look at the crescent moon on the right.<br>n(B Only) = 20.<br><b>Answer:</b> 20/60 = 1/3."",       ""visualType"": ""VENN_DIAGRAM"",       ""labels"": [""A"", ""B""],       ""elements"": { ""left"": ""30"", ""center"": ""10"", ""right"": ""20"" },       ""highlight"": [""right""]     },     {       ""title"": ""Case 3: Algebra First!"",       ""text"": ""Sometimes you must find <b>x</b> first.<br><br><b>Question:</b> Total=100. Find Prob(Both).<br><b>Step 1:</b> Solve for x.<br>60 + 50 - x = 100 → x = 10.<br><b>Step 2:</b> Prob = 10/100."",       ""visualType"": ""VENN_DIAGRAM"",       ""labels"": [""E (60)"", ""F (50)""],       ""elements"": { ""left"": ""50"", ""center"": ""x"", ""right"": ""40"" },       ""highlight"": [""center""]     },     {       ""title"": ""Case 4: Probability of 'Neither'"",       ""text"": ""<b>Question:</b> Prob. of picking someone outside?<br><br>If Total = 60, and Outside = 14.<br><b>Answer:</b> 14/60.<br><br>Always remember to count the people outside the circles!"",       ""visualType"": ""VENN_DIAGRAM"",       ""labels"": [""N"", ""B""],       ""elements"": { ""left"": ""24"", ""center"": ""10"", ""right"": ""12"", ""outside"": ""14"" },       ""highlight"": [""outside""]     }   ] }",study_probabilities.json,quest_10_probability_using_venn_diagrams
study_probabilities_S3,T1,Probability,Chance in Venn Diagrams,E,Read,,3,Case 2: 'Only' Probability: Question: Prob. of picking someone who likes B ONLY?Logic: Look at the crescent moon on the right.n(B Only) = 20.Answer: 20/60 = 1/3.,,,,,,,,,[],MATH_STUDY,study,content/math/set_theory/quest_10_probability_using_venn_diagrams/study_probabilities.json,,No,,0,"{   ""engineType"": ""MATH_STUDY"",   ""mode"": ""study"",   ""topic"": ""Probability"",   ""variantTitle"": ""Chance in Venn Diagrams"",   ""slides"": [     {       ""title"": ""What is Probability?"",       ""text"": ""Probability tells us the <b>chance</b> of picking someone from a specific group.<br><br><b>Formula:</b><br><center><span class='sym'>Prob = (Target Count) / (Total People)</span></center>"",       ""visualType"": ""VENN_DIAGRAM"",       ""labels"": [""A"", ""B""],       ""elements"": { ""left"": ""30"", ""center"": ""10"", ""right"": ""20"" },       ""highlight"": []     },     {       ""title"": ""Case 1: Simple Probability"",       ""text"": ""<b>Question:</b> What is the probability of picking someone from <b>Set A</b>?<br><br><b>Step 1:</b> Find Total (30+10+20 = 60).<br><b>Step 2:</b> Find n(A) (30+10 = 40).<br><b>Answer:</b> 40/60 = 2/3."",       ""visualType"": ""VENN_DIAGRAM"",       ""labels"": [""A"", ""B""],       ""elements"": { ""left"": ""30"", ""center"": ""10"", ""right"": ""20"" },       ""highlight"": [""left"", ""center""]     },     {       ""title"": ""Case 2: 'Only' Probability"",       ""text"": ""<b>Question:</b> Prob. of picking someone who likes <b>B ONLY</b>?<br><br><b>Logic:</b> Look at the crescent moon on the right.<br>n(B Only) = 20.<br><b>Answer:</b> 20/60 = 1/3."",       ""visualType"": ""VENN_DIAGRAM"",       ""labels"": [""A"", ""B""],       ""elements"": { ""left"": ""30"", ""center"": ""10"", ""right"": ""20"" },       ""highlight"": [""right""]     },     {       ""title"": ""Case 3: Algebra First!"",       ""text"": ""Sometimes you must find <b>x</b> first.<br><br><b>Question:</b> Total=100. Find Prob(Both).<br><b>Step 1:</b> Solve for x.<br>60 + 50 - x = 100 → x = 10.<br><b>Step 2:</b> Prob = 10/100."",       ""visualType"": ""VENN_DIAGRAM"",       ""labels"": [""E (60)"", ""F (50)""],       ""elements"": { ""left"": ""50"", ""center"": ""x"", ""right"": ""40"" },       ""highlight"": [""center""]     },     {       ""title"": ""Case 4: Probability of 'Neither'"",       ""text"": ""<b>Question:</b> Prob. of picking someone outside?<br><br>If Total = 60, and Outside = 14.<br><b>Answer:</b> 14/60.<br><br>Always remember to count the people outside the circles!"",       ""visualType"": ""VENN_DIAGRAM"",       ""labels"": [""N"", ""B""],       ""elements"": { ""left"": ""24"", ""center"": ""10"", ""right"": ""12"", ""outside"": ""14"" },       ""highlight"": [""outside""]     }   ] }",study_probabilities.json,quest_10_probability_using_venn_diagrams
study_probabilities_S4,T1,Probability,Chance in Venn Diagrams,E,Read,,4,Case 3: Algebra First!: Sometimes you must find x first.Question: Total=100. Find Prob(Both).Step 1: Solve for x.60 + 50 - x = 100 → x = 10.Step 2: Prob = 10/100.,,,,,,,,,[],MATH_STUDY,study,content/math/set_theory/quest_10_probability_using_venn_diagrams/study_probabilities.json,,No,,0,"{   ""engineType"": ""MATH_STUDY"",   ""mode"": ""study"",   ""topic"": ""Probability"",   ""variantTitle"": ""Chance in Venn Diagrams"",   ""slides"": [     {       ""title"": ""What is Probability?"",       ""text"": ""Probability tells us the <b>chance</b> of picking someone from a specific group.<br><br><b>Formula:</b><br><center><span class='sym'>Prob = (Target Count) / (Total People)</span></center>"",       ""visualType"": ""VENN_DIAGRAM"",       ""labels"": [""A"", ""B""],       ""elements"": { ""left"": ""30"", ""center"": ""10"", ""right"": ""20"" },       ""highlight"": []     },     {       ""title"": ""Case 1: Simple Probability"",       ""text"": ""<b>Question:</b> What is the probability of picking someone from <b>Set A</b>?<br><br><b>Step 1:</b> Find Total (30+10+20 = 60).<br><b>Step 2:</b> Find n(A) (30+10 = 40).<br><b>Answer:</b> 40/60 = 2/3."",       ""visualType"": ""VENN_DIAGRAM"",       ""labels"": [""A"", ""B""],       ""elements"": { ""left"": ""30"", ""center"": ""10"", ""right"": ""20"" },       ""highlight"": [""left"", ""center""]     },     {       ""title"": ""Case 2: 'Only' Probability"",       ""text"": ""<b>Question:</b> Prob. of picking someone who likes <b>B ONLY</b>?<br><br><b>Logic:</b> Look at the crescent moon on the right.<br>n(B Only) = 20.<br><b>Answer:</b> 20/60 = 1/3."",       ""visualType"": ""VENN_DIAGRAM"",       ""labels"": [""A"", ""B""],       ""elements"": { ""left"": ""30"", ""center"": ""10"", ""right"": ""20"" },       ""highlight"": [""right""]     },     {       ""title"": ""Case 3: Algebra First!"",       ""text"": ""Sometimes you must find <b>x</b> first.<br><br><b>Question:</b> Total=100. Find Prob(Both).<br><b>Step 1:</b> Solve for x.<br>60 + 50 - x = 100 → x = 10.<br><b>Step 2:</b> Prob = 10/100."",       ""visualType"": ""VENN_DIAGRAM"",       ""labels"": [""E (60)"", ""F (50)""],       ""elements"": { ""left"": ""50"", ""center"": ""x"", ""right"": ""40"" },       ""highlight"": [""center""]     },     {       ""title"": ""Case 4: Probability of 'Neither'"",       ""text"": ""<b>Question:</b> Prob. of picking someone outside?<br><br>If Total = 60, and Outside = 14.<br><b>Answer:</b> 14/60.<br><br>Always remember to count the people outside the circles!"",       ""visualType"": ""VENN_DIAGRAM"",       ""labels"": [""N"", ""B""],       ""elements"": { ""left"": ""24"", ""center"": ""10"", ""right"": ""12"", ""outside"": ""14"" },       ""highlight"": [""outside""]     }   ] }",study_probabilities.json,quest_10_probability_using_venn_diagrams
study_probabilities_S5,T1,Probability,Chance in Venn Diagrams,E,Read,,5,"Case 4: Probability of 'Neither': Question: Prob. of picking someone outside?If Total = 60, and Outside = 14.Answer: 14/60.Always remember to count the people outside the circles!",,,,,,,,,[],MATH_STUDY,study,content/math/set_theory/quest_10_probability_using_venn_diagrams/study_probabilities.json,,No,,0,"{   ""engineType"": ""MATH_STUDY"",   ""mode"": ""study"",   ""topic"": ""Probability"",   ""variantTitle"": ""Chance in Venn Diagrams"",   ""slides"": [     {       ""title"": ""What is Probability?"",       ""text"": ""Probability tells us the <b>chance</b> of picking someone from a specific group.<br><br><b>Formula:</b><br><center><span class='sym'>Prob = (Target Count) / (Total People)</span></center>"",       ""visualType"": ""VENN_DIAGRAM"",       ""labels"": [""A"", ""B""],       ""elements"": { ""left"": ""30"", ""center"": ""10"", ""right"": ""20"" },       ""highlight"": []     },     {       ""title"": ""Case 1: Simple Probability"",       ""text"": ""<b>Question:</b> What is the probability of picking someone from <b>Set A</b>?<br><br><b>Step 1:</b> Find Total (30+10+20 = 60).<br><b>Step 2:</b> Find n(A) (30+10 = 40).<br><b>Answer:</b> 40/60 = 2/3."",       ""visualType"": ""VENN_DIAGRAM"",       ""labels"": [""A"", ""B""],       ""elements"": { ""left"": ""30"", ""center"": ""10"", ""right"": ""20"" },       ""highlight"": [""left"", ""center""]     },     {       ""title"": ""Case 2: 'Only' Probability"",       ""text"": ""<b>Question:</b> Prob. of picking someone who likes <b>B ONLY</b>?<br><br><b>Logic:</b> Look at the crescent moon on the right.<br>n(B Only) = 20.<br><b>Answer:</b> 20/60 = 1/3."",       ""visualType"": ""VENN_DIAGRAM"",       ""labels"": [""A"", ""B""],       ""elements"": { ""left"": ""30"", ""center"": ""10"", ""right"": ""20"" },       ""highlight"": [""right""]     },     {       ""title"": ""Case 3: Algebra First!"",       ""text"": ""Sometimes you must find <b>x</b> first.<br><br><b>Question:</b> Total=100. Find Prob(Both).<br><b>Step 1:</b> Solve for x.<br>60 + 50 - x = 100 → x = 10.<br><b>Step 2:</b> Prob = 10/100."",       ""visualType"": ""VENN_DIAGRAM"",       ""labels"": [""E (60)"", ""F (50)""],       ""elements"": { ""left"": ""50"", ""center"": ""x"", ""right"": ""40"" },       ""highlight"": [""center""]     },     {       ""title"": ""Case 4: Probability of 'Neither'"",       ""text"": ""<b>Question:</b> Prob. of picking someone outside?<br><br>If Total = 60, and Outside = 14.<br><b>Answer:</b> 14/60.<br><br>Always remember to count the people outside the circles!"",       ""visualType"": ""VENN_DIAGRAM"",       ""labels"": [""N"", ""B""],       ""elements"": { ""left"": ""24"", ""center"": ""10"", ""right"": ""12"", ""outside"": ""14"" },       ""highlight"": [""outside""]     }   ] }",study_probabilities.json,quest_10_probability_using_venn_diagrams
